ISO-10303-21;
HEADER;
FILE_DESCRIPTION (( 'STEP AP214' ),
    '1' );
FILE_NAME ('final.STEP',
    '2026-09-26T18:11:28',
    ( '' ),
    ( '' ),
    'SwSTEP 2.0',
    'SolidWorks 2021',
    '' );
FILE_SCHEMA (( 'AUTOMOTIVE_DESIGN' ));
ENDSEC;

DATA;
#1 = CARTESIAN_POINT ( 'NONE',  ( -15.75000014149118321, 11.03414890851307639, 14.09210535916249896 ) ) ;
#2 = PRESENTATION_LAYER_ASSIGNMENT (  '', '', ( #3113 ) ) ;
#3 =( NAMED_UNIT ( * ) PLANE_ANGLE_UNIT ( ) SI_UNIT ( $, .RADIAN. ) );
#4 = DIRECTION ( 'NONE',  ( 1.826024711554539830E-16, 1.000000000000000000, 0.000000000000000000 ) ) ;
#5 =( LENGTH_UNIT ( ) NAMED_UNIT ( * ) SI_UNIT ( .MILLI., .METRE. ) );
#6 = SURFACE_STYLE_USAGE ( .BOTH. , #486 ) ;
#7 = CARTESIAN_POINT ( 'NONE',  ( 13.91384400950132161, 18.22157813522069958, -2.235252664516723886 ) ) ;
#8 = PRODUCT_DEFINITION_CONTEXT ( 'detailed design', #2382, 'design' ) ;
#9 =( LENGTH_UNIT ( ) NAMED_UNIT ( * ) SI_UNIT ( .MILLI., .METRE. ) );
#10 = SURFACE_SIDE_STYLE ('',( #4877 ) ) ;
#11 =( NAMED_UNIT ( * ) PLANE_ANGLE_UNIT ( ) SI_UNIT ( $, .RADIAN. ) );
#12 = EDGE_LOOP ( 'NONE', ( #5596, #157 ) ) ;
#13 = CARTESIAN_POINT ( 'NONE',  ( -7.702092205826776450, 17.45191550319668750, -1.645311513118485891 ) ) ;
#14 = DIRECTION ( 'NONE',  ( -0.7071067811865474617, 0.7071067811865474617, 0.000000000000000000 ) ) ;
#15 = UNCERTAINTY_MEASURE_WITH_UNIT (LENGTH_MEASURE( 1.000000000000000082E-05 ), #888, 'distance_accuracy_value', 'NONE');
#16 = UNCERTAINTY_MEASURE_WITH_UNIT (LENGTH_MEASURE( 1.000000000000000082E-05 ), #2870, 'distance_accuracy_value', 'NONE');
#17 = STYLED_ITEM ( 'NONE', ( #5479 ), #1840 ) ;
#18 = CARTESIAN_POINT ( 'NONE',  ( -1.415112614762403798E-07, 11.03414890851307462, 14.09210535916249896 ) ) ;
#19 =( BOUNDED_CURVE ( )  B_SPLINE_CURVE ( 3, ( #3361, #3889, #1900, #1866 ),
 .UNSPECIFIED., .F., .F. ) 
 B_SPLINE_CURVE_WITH_KNOTS ( ( 4, 4 ),
 ( 3.141592653589790451, 3.926990816987239619 ),
 .UNSPECIFIED. ) 
 CURVE ( )  GEOMETRIC_REPRESENTATION_ITEM ( )  RATIONAL_B_SPLINE_CURVE ( ( 1.000000000000000000, 0.9492530216741910110, 0.9492530216741910110, 1.000000000000000000 ) ) 
 REPRESENTATION_ITEM ( '' )  );
#20 = ORIENTED_EDGE ( 'NONE', *, *, #156, .F. ) ;
#21 = VECTOR ( 'NONE', #5140, 1000.000000000000000 ) ;
#22 = CARTESIAN_POINT ( 'NONE',  ( 7.762362289312114250, 10.87453513941194139, -14.09210516711691241 ) ) ;
#23 = AXIS2_PLACEMENT_3D ( 'NONE', #3268, #623, #2142 ) ;
#24 =( GEOMETRIC_REPRESENTATION_CONTEXT ( 3 ) GLOBAL_UNCERTAINTY_ASSIGNED_CONTEXT ( ( #3816 ) ) GLOBAL_UNIT_ASSIGNED_CONTEXT ( ( #901, #4889, #5972 ) ) REPRESENTATION_CONTEXT ( 'NONE', 'WORKASPACE' ) );
#25 = ORIENTED_EDGE ( 'NONE', *, *, #2600, .F. ) ;
#26 = SURFACE_STYLE_USAGE ( .BOTH. , #4593 ) ;
#27 =( NAMED_UNIT ( * ) SI_UNIT ( $, .STERADIAN. ) SOLID_ANGLE_UNIT ( ) );
#28 = UNCERTAINTY_MEASURE_WITH_UNIT (LENGTH_MEASURE( 1.000000000000000082E-05 ), #5701, 'distance_accuracy_value', 'NONE');
#29 =( GEOMETRIC_REPRESENTATION_CONTEXT ( 3 ) GLOBAL_UNCERTAINTY_ASSIGNED_CONTEXT ( ( #1995 ) ) GLOBAL_UNIT_ASSIGNED_CONTEXT ( ( #2799, #3299, #4806 ) ) REPRESENTATION_CONTEXT ( 'NONE', 'WORKASPACE' ) );
#30 = COLOUR_RGB ( '',0.5372549019607842924, 0.3490196078431372362, 0.3372549019607843368 ) ;
#31 = VERTEX_POINT ( 'NONE', #3928 ) ;
#32 = AXIS2_PLACEMENT_3D ( 'NONE', #3467, #6449, #1969 ) ;
#33 =( NAMED_UNIT ( * ) SI_UNIT ( $, .STERADIAN. ) SOLID_ANGLE_UNIT ( ) );
#34 = DIRECTION ( 'NONE',  ( -4.336808689942038937E-16, 1.000000000000000000, 0.000000000000000000 ) ) ;
#35 = EDGE_CURVE ( 'NONE', #6159, #3025, #1937, .T. ) ;
#36 =( GEOMETRIC_REPRESENTATION_CONTEXT ( 3 ) GLOBAL_UNCERTAINTY_ASSIGNED_CONTEXT ( ( #5266 ) ) GLOBAL_UNIT_ASSIGNED_CONTEXT ( ( #5784, #3906, #5894 ) ) REPRESENTATION_CONTEXT ( 'NONE', 'WORKASPACE' ) );
#37 = CARTESIAN_POINT ( 'NONE',  ( -10.56907894199999909, -6.424342101999999777, -6.217105260000000300 ) ) ;
#38 = DIRECTION ( 'NONE',  ( -1.812166488297204945E-15, -0.2648642316819881937, -0.9642857142857143016 ) ) ;
#39 = SURFACE_SIDE_STYLE ('',( #580 ) ) ;
#40 =( GEOMETRIC_REPRESENTATION_CONTEXT ( 3 ) GLOBAL_UNCERTAINTY_ASSIGNED_CONTEXT ( ( #3417 ) ) GLOBAL_UNIT_ASSIGNED_CONTEXT ( ( #2396, #5955, #4912 ) ) REPRESENTATION_CONTEXT ( 'NONE', 'WORKASPACE' ) );
#41 = EDGE_CURVE ( 'NONE', #5749, #685, #1845, .T. ) ;
#42 = DIRECTION ( 'NONE',  ( -0.000000000000000000, -0.000000000000000000, -1.000000000000000000 ) ) ;
#43 =( REPRESENTATION_RELATIONSHIP ('NONE','NONE', #4274, #3581 ) REPRESENTATION_RELATIONSHIP_WITH_TRANSFORMATION ( #1861 )SHAPE_REPRESENTATION_RELATIONSHIP( ) );
#44 = CARTESIAN_POINT ( 'NONE',  ( -14.07002062700505718, 16.96433681637923030, -0.8029407673924736644 ) ) ;
#45 = CARTESIAN_POINT ( 'NONE',  ( 3.516925830957256416, -3.516925830957223109, 3.516925830957229326 ) ) ;
#46 = ORIENTED_EDGE ( 'NONE', *, *, #3526, .F. ) ;
#47 = PRESENTATION_LAYER_ASSIGNMENT (  '', '', ( #1607 ) ) ;
#48 = CARTESIAN_POINT ( 'NONE',  ( -28.18421066779126960, -21.70927214407692674, 9.602249662979534408E-08 ) ) ;
#49 = CARTESIAN_POINT ( 'NONE',  ( -25.69736856253126689, -13.00532477566692435, 11.60526325390249980 ) ) ;
#50 = EDGE_CURVE ( 'NONE', #6260, #5710, #197, .T. ) ;
#51 = DIRECTION ( 'NONE',  ( -1.000000000000000000, 0.000000000000000000, 0.000000000000000000 ) ) ;
#52 = CARTESIAN_POINT ( 'NONE',  ( 25.69736827950872637, -35.38690372300693099, -3.073819013756638796 ) ) ;
#53 = ORIENTED_EDGE ( 'NONE', *, *, #428, .F. ) ;
#54 = CIRCLE ( 'NONE', #2656, 14.09210526314000234 ) ;
#55 = DIRECTION ( 'NONE',  ( -0.000000000000000000, -0.000000000000000000, -1.000000000000000000 ) ) ;
#56 = SURFACE_STYLE_FILL_AREA ( #4956 ) ;
#57 = VERTEX_POINT ( 'NONE', #968 ) ;
#58 = ORIENTED_EDGE ( 'NONE', *, *, #6233, .T. ) ;
#59 = CIRCLE ( 'NONE', #4221, 2.486842105260001823 ) ;
#60 = MECHANICAL_DESIGN_GEOMETRIC_PRESENTATION_REPRESENTATION (  '', ( #4851 ), #159 ) ;
#61 = VECTOR ( 'NONE', #4246, 1000.000000000000000 ) ;
#62 = MECHANICAL_DESIGN_GEOMETRIC_PRESENTATION_REPRESENTATION (  '', ( #105 ), #4856 ) ;
#63 = PRESENTATION_LAYER_ASSIGNMENT (  '', '', ( #776 ) ) ;
#64 = ORIENTED_EDGE ( 'NONE', *, *, #1716, .T. ) ;
#65 = DIRECTION ( 'NONE',  ( 0.000000000000000000, 1.000000000000000000, 0.000000000000000000 ) ) ;
#66 =( NAMED_UNIT ( * ) PLANE_ANGLE_UNIT ( ) SI_UNIT ( $, .RADIAN. ) );
#67 = FILL_AREA_STYLE_COLOUR ( '', #2052 ) ;
#68 = SHAPE_REPRESENTATION ( 'u_c', ( #4055 ), #406 ) ;
#69 = LINE ( 'NONE', #3516, #667 ) ;
#70 = FACE_OUTER_BOUND ( 'NONE', #5838, .T. ) ;
#71 = CARTESIAN_POINT ( 'NONE',  ( 13.88492560664129272, 18.68063005178656866, -2.407757303303393659 ) ) ;
#72 = SURFACE_STYLE_USAGE ( .BOTH. , #677 ) ;
#73 = B_SPLINE_CURVE_WITH_KNOTS ( 'NONE', 3,
 ( #5849, #2422, #5410, #4321, #2934, #6451, #426, #6356, #2323, #5808, #1841, #3832, #4412, #1942, #1875, #6390, #1970, #807 ),
 .UNSPECIFIED., .F., .F.,
 ( 4, 2, 2, 2, 2, 2, 2, 2, 4 ),
 ( 0.007825246685593832685, 0.008314181707890387282, 0.008803116730186941880, 0.009292051752483494742, 0.009780986774780049339, 0.01026992179707660394, 0.01075885681937315853, 0.01124779184166971313, 0.01173672686396626599 ),
 .UNSPECIFIED. ) ;
#74 = DIRECTION ( 'NONE',  ( 0.000000000000000000, 0.9642857142857147457, 0.2648642316819864728 ) ) ;
#75 = ORIENTED_EDGE ( 'NONE', *, *, #4389, .T. ) ;
#76 = EDGE_CURVE ( 'NONE', #4566, #2181, #5529, .T. ) ;
#77 = DIRECTION ( 'NONE',  ( -1.000000000000000000, -1.826024711554539830E-16, 0.000000000000000000 ) ) ;
#78 = DIRECTION ( 'NONE',  ( 0.000000000000000000, 0.000000000000000000, 1.000000000000000000 ) ) ;
#79 = PRESENTATION_STYLE_ASSIGNMENT (( #3105 ) ) ;
#80 = DIRECTION ( 'NONE',  ( -0.000000000000000000, -0.000000000000000000, -1.000000000000000000 ) ) ;
#81 = UNCERTAINTY_MEASURE_WITH_UNIT (LENGTH_MEASURE( 1.000000000000000082E-05 ), #513, 'distance_accuracy_value', 'NONE');
#82 = SURFACE_STYLE_USAGE ( .BOTH. , #6094 ) ;
#83 = VERTEX_POINT ( 'NONE', #4591 ) ;
#84 = EDGE_CURVE ( 'NONE', #6406, #2416, #114, .T. ) ;
#85 = ORIENTED_EDGE ( 'NONE', *, *, #3811, .T. ) ;
#86 = CARTESIAN_POINT ( 'NONE',  ( 18.23684196372875377, -35.29808793353335972, -3.732494537280739877 ) ) ;
#87 = PRESENTATION_STYLE_ASSIGNMENT (( #5064 ) ) ;
#88 = UNCERTAINTY_MEASURE_WITH_UNIT (LENGTH_MEASURE( 1.000000000000000082E-05 ), #4936, 'distance_accuracy_value', 'NONE');
#89 = AXIS2_PLACEMENT_3D ( 'NONE', #2073, #3064, #6042 ) ;
#90 = AXIS2_PLACEMENT_3D ( 'NONE', #5049, #1633, #2652 ) ;
#91 = ORIENTED_EDGE ( 'NONE', *, *, #4909, .T. ) ;
#92 =( GEOMETRIC_REPRESENTATION_CONTEXT ( 3 ) GLOBAL_UNCERTAINTY_ASSIGNED_CONTEXT ( ( #5381 ) ) GLOBAL_UNIT_ASSIGNED_CONTEXT ( ( #4464, #4999, #4565 ) ) REPRESENTATION_CONTEXT ( 'NONE', 'WORKASPACE' ) );
#93 = AXIS2_PLACEMENT_3D ( 'NONE', #294, #2289, #1343 ) ;
#94 = CARTESIAN_POINT ( 'NONE',  ( 5.468832163979450378, -0.7556381608939899408, 5.678649012130521534 ) ) ;
#95 = CARTESIAN_POINT ( 'NONE',  ( -4.973684208000001661, 0.000000000000000000, 4.973684208000001661 ) ) ;
#96 = COLOUR_RGB ( '',0.5372549019607842924, 0.3490196078431372362, 0.3372549019607843368 ) ;
#97 = CARTESIAN_POINT ( 'NONE',  ( 6.424342101999999777, -10.56907894200000086, 6.217105260000000300 ) ) ;
#98 = FILL_AREA_STYLE_COLOUR ( '', #4170 ) ;
#99 = CARTESIAN_POINT ( 'NONE',  ( -10.56907894200000086, 6.424342101999999777, 6.217105260000000300 ) ) ;
#100 = AXIS2_PLACEMENT_3D ( 'NONE', #1911, #5924, #4937 ) ;
#101 = CARTESIAN_POINT ( 'NONE',  ( -1.976002050710940372, 17.80512328931709831, -7.623628196697147530 ) ) ;
#102 = STYLED_ITEM ( 'NONE', ( #5223 ), #1083 ) ;
#103 = MECHANICAL_DESIGN_GEOMETRIC_PRESENTATION_REPRESENTATION (  '', ( #2914 ), #5437 ) ;
#104 =( LENGTH_UNIT ( ) NAMED_UNIT ( * ) SI_UNIT ( .MILLI., .METRE. ) );
#105 = STYLED_ITEM ( 'NONE', ( #507 ), #798 ) ;
#106 = CARTESIAN_POINT ( 'NONE',  ( -14.09210540465126549, 16.83678048745307976, -0.1646584355645718256 ) ) ;
#107 = ORIENTED_EDGE ( 'NONE', *, *, #3532, .F. ) ;
#108 =( NAMED_UNIT ( * ) PLANE_ANGLE_UNIT ( ) SI_UNIT ( $, .RADIAN. ) );
#109 = PRESENTATION_STYLE_ASSIGNMENT (( #4583 ) ) ;
#110 = EDGE_CURVE ( 'NONE', #4186, #5492, #3336, .T. ) ;
#111 = DIRECTION ( 'NONE',  ( -1.000000000000000000, 7.709882115452522540E-16, 0.000000000000000000 ) ) ;
#112 = CARTESIAN_POINT ( 'NONE',  ( -1.249365337197222869, 21.47996200560292834, -7.776468476311454658 ) ) ;
#113 = EDGE_LOOP ( 'NONE', ( #5787, #5001, #2262, #3756 ) ) ;
#114 = LINE ( 'NONE', #4100, #5013 ) ;
#115 =( LENGTH_UNIT ( ) NAMED_UNIT ( * ) SI_UNIT ( .MILLI., .METRE. ) );
#116 = EDGE_LOOP ( 'NONE', ( #3773, #2853, #2377, #1189, #5195, #1809, #283 ) ) ;
#117 = FILL_AREA_STYLE ('',( #3624 ) ) ;
#118 = CARTESIAN_POINT ( 'NONE',  ( -6.681736991038359719, 11.03414890829549044, 12.41171366883520122 ) ) ;
#119 = ADVANCED_FACE ( 'NONE', ( #4140 ), #3497, .F. ) ;
#120 = CIRCLE ( 'NONE', #3240, 12.43421052629999934 ) ;
#121 =( GEOMETRIC_REPRESENTATION_CONTEXT ( 3 ) GLOBAL_UNCERTAINTY_ASSIGNED_CONTEXT ( ( #6163 ) ) GLOBAL_UNIT_ASSIGNED_CONTEXT ( ( #655, #3655, #6195 ) ) REPRESENTATION_CONTEXT ( 'NONE', 'WORKASPACE' ) );
#122 = DIRECTION ( 'NONE',  ( -0.3984088393267582462, 0.7842322528455121233, 0.4756576188217296886 ) ) ;
#123 = STYLED_ITEM ( 'NONE', ( #2109 ), #1848 ) ;
#124 = EDGE_LOOP ( 'NONE', ( #747, #1870, #4344, #286 ) ) ;
#125 = PRESENTATION_LAYER_ASSIGNMENT (  '', '', ( #2207 ) ) ;
#126 =( NAMED_UNIT ( * ) SI_UNIT ( $, .STERADIAN. ) SOLID_ANGLE_UNIT ( ) );
#127 = MECHANICAL_DESIGN_GEOMETRIC_PRESENTATION_REPRESENTATION (  '', ( #336 ), #5255 ) ;
#128 = STYLED_ITEM ( 'NONE', ( #612 ), #2280 ) ;
#129 = EDGE_CURVE ( 'NONE', #1001, #358, #1039, .T. ) ;
#130 = CARTESIAN_POINT ( 'NONE',  ( 3.548471542262737977, 10.39180273420313583, 14.09210535916249896 ) ) ;
#131 = DIRECTION ( 'NONE',  ( 0.000000000000000000, -1.000000000000000000, 0.000000000000000000 ) ) ;
#132 = DIRECTION ( 'NONE',  ( 0.000000000000000000, 0.000000000000000000, 1.000000000000000000 ) ) ;
#133 =( LENGTH_UNIT ( ) NAMED_UNIT ( * ) SI_UNIT ( .MILLI., .METRE. ) );
#134 = DIRECTION ( 'NONE',  ( -1.826024711554539830E-16, 1.000000000000000000, 0.000000000000000000 ) ) ;
#135 = DIRECTION ( 'NONE',  ( -1.000000000000000000, 0.000000000000000000, 0.000000000000000000 ) ) ;
#136 = CARTESIAN_POINT ( 'NONE',  ( -12.48172179322543585, 20.11016949152541144, 4.973684208000002549 ) ) ;
#137 = CARTESIAN_POINT ( 'NONE',  ( -2.486842246771261866, 19.32362259271307536, 13.87094264117508402 ) ) ;
#138 = CARTESIAN_POINT ( 'NONE',  ( -13.88506320334262867, 18.67733413158846645, -2.406970799311459963 ) ) ;
#139 = SURFACE_STYLE_USAGE ( .BOTH. , #472 ) ;
#140 = VERTEX_POINT ( 'NONE', #3282 ) ;
#141 =( GEOMETRIC_REPRESENTATION_CONTEXT ( 3 ) GLOBAL_UNCERTAINTY_ASSIGNED_CONTEXT ( ( #4659 ) ) GLOBAL_UNIT_ASSIGNED_CONTEXT ( ( #2654, #1958, #2471 ) ) REPRESENTATION_CONTEXT ( 'NONE', 'WORKASPACE' ) );
#142 = CARTESIAN_POINT ( 'NONE',  ( 7.994078778775379313, 8.547306803253071905, 14.09210535916249896 ) ) ;
#143 = CIRCLE ( 'NONE', #1708, 2.486842105260000491 ) ;
#144 = DIRECTION ( 'NONE',  ( 0.000000000000000000, 0.000000000000000000, 1.000000000000000000 ) ) ;
#145 = CARTESIAN_POINT ( 'NONE',  ( -1.415112614726319400E-07, 19.32362259271307536, 14.09210535916249896 ) ) ;
#146 = ORIENTED_EDGE ( 'NONE', *, *, #2518, .F. ) ;
#147 = CARTESIAN_POINT ( 'NONE',  ( -1.987347504762991823, 20.85290716542748513, -7.623691467736231964 ) ) ;
#148 = EDGE_LOOP ( 'NONE', ( #2672, #5319, #1262, #4102, #936 ) ) ;
#149 = CARTESIAN_POINT ( 'NONE',  ( 10.56907894200003817, 3.690174189475305067E-14, 0.000000000000000000 ) ) ;
#150 = ADVANCED_FACE ( 'NONE', ( #3687 ), #6069, .T. ) ;
#151 = PRESENTATION_STYLE_ASSIGNMENT (( #3536 ) ) ;
#152 = CARTESIAN_POINT ( 'NONE',  ( -0.7758017548954074805, 11.03414890851307462, 14.09210535916249896 ) ) ;
#153 = DIRECTION ( 'NONE',  ( -0.3682156562263473876, -0.6117229065628339013, 0.7001516379300407600 ) ) ;
#154 =( GEOMETRIC_REPRESENTATION_CONTEXT ( 3 ) GLOBAL_UNCERTAINTY_ASSIGNED_CONTEXT ( ( #989 ) ) GLOBAL_UNIT_ASSIGNED_CONTEXT ( ( #5339, #1548, #3107 ) ) REPRESENTATION_CONTEXT ( 'NONE', 'WORKASPACE' ) );
#155 = CIRCLE ( 'NONE', #3614, 5.802631576000000457 ) ;
#156 = EDGE_CURVE ( 'NONE', #1171, #789, #3239, .T. ) ;
#157 = ORIENTED_EDGE ( 'NONE', *, *, #4069, .T. ) ;
#158 = FILL_AREA_STYLE_COLOUR ( '', #3979 ) ;
#159 =( GEOMETRIC_REPRESENTATION_CONTEXT ( 3 ) GLOBAL_UNCERTAINTY_ASSIGNED_CONTEXT ( ( #5456 ) ) GLOBAL_UNIT_ASSIGNED_CONTEXT ( ( #5077, #2074, #517 ) ) REPRESENTATION_CONTEXT ( 'NONE', 'WORKASPACE' ) );
#160 = CARTESIAN_POINT ( 'NONE',  ( 14.09210512162874096, 21.81046469797308163, 9.602249693434551087E-08 ) ) ;
#161 = CLOSED_SHELL ( 'NONE', ( #1856, #6312, #1207, #1083, #1595, #1788, #5730, #5629, #5070, #6266, #4384, #2238, #119, #1515, #622, #5656, #4229, #3760, #4662, #3734, #364, #3830, #2630, #5043, #4678, #3649, #4793, #3224, #4237, #4767, #3306, #3730, #2825, #222, #4458, #5089, #5591, #4588, #2905, #4366, #2918, #1005, #331, #4396, #2042, #1848, #870, #4863, #5321, #5584, #2482, #3130, #3845, #2191, #3184, #409, #3345, #5693, #325, #3476, #1237, #1797, #5663, #2950, #5542, #2667, #3639, #6242, #5240, #5368, #4563, #5206, #4760, #1354, #2751, #2264, #1624, #5278, #2272, #709, #6073, #591, #6354, #5111, #1293, #5360, #2816, #3994, #4109, #5122, #1074 ) ) ;
#162 = CARTESIAN_POINT ( 'NONE',  ( -1.415112614726319400E-07, 27.61309627691307966, 9.602249662979534408E-08 ) ) ;
#163 =( LENGTH_UNIT ( ) NAMED_UNIT ( * ) SI_UNIT ( .MILLI., .METRE. ) );
#164 = FILL_AREA_STYLE_COLOUR ( '', #4434 ) ;
#165 = FILL_AREA_STYLE_COLOUR ( '', #1717 ) ;
#166 =( NAMED_UNIT ( * ) SI_UNIT ( $, .STERADIAN. ) SOLID_ANGLE_UNIT ( ) );
#167 = EDGE_LOOP ( 'NONE', ( #3187, #4139, #3622, #5885 ) ) ;
#168 = CARTESIAN_POINT ( 'NONE',  ( -7.798636759321591505, 21.55768525439744110, -1.104388832581436164 ) ) ;
#169 =( NAMED_UNIT ( * ) SI_UNIT ( $, .STERADIAN. ) SOLID_ANGLE_UNIT ( ) );
#170 = CARTESIAN_POINT ( 'NONE',  ( 0.000000000000000000, -10.56907894200000086, 0.000000000000000000 ) ) ;
#171 = DIRECTION ( 'NONE',  ( -1.000000000000000000, -1.826024711554539830E-16, -0.000000000000000000 ) ) ;
#172 = VERTEX_POINT ( 'NONE', #5628 ) ;
#173 = CARTESIAN_POINT ( 'NONE',  ( 6.091006445296940059E-16, 4.973684208000001661, -4.973684208000001661 ) ) ;
#174 = VERTEX_POINT ( 'NONE', #4200 ) ;
#175 = FACE_OUTER_BOUND ( 'NONE', #2675, .T. ) ;
#176 = SURFACE_STYLE_FILL_AREA ( #2205 ) ;
#177 = CARTESIAN_POINT ( 'NONE',  ( 6.091006445296940059E-16, 4.973684208000001661, -4.973684208000001661 ) ) ;
#178 = CARTESIAN_POINT ( 'NONE',  ( -13.87095975853339347, 19.48932406691373487, 2.486746978927325546 ) ) ;
#179 = ORIENTED_EDGE ( 'NONE', *, *, #516, .F. ) ;
#180 = SURFACE_STYLE_USAGE ( .BOTH. , #5098 ) ;
#181 = AXIS2_PLACEMENT_3D ( 'NONE', #4148, #5242, #6140 ) ;
#182 = EDGE_CURVE ( 'NONE', #5000, #405, #6160, .T. ) ;
#183 = CARTESIAN_POINT ( 'NONE',  ( 6.962649780870923344, 11.03414890863019693, 12.25587353418187320 ) ) ;
#184 = DIRECTION ( 'NONE',  ( -1.000000000000000000, -3.491481338843132961E-15, -0.000000000000000000 ) ) ;
#185 = PRESENTATION_LAYER_ASSIGNMENT (  '', '', ( #700 ) ) ;
#186 = VECTOR ( 'NONE', #3229, 1000.000000000000114 ) ;
#187 = ORIENTED_EDGE ( 'NONE', *, *, #1023, .T. ) ;
#188 = CARTESIAN_POINT ( 'NONE',  ( -6.895557167234317220, 10.53632549983727706, -14.09210516711720551 ) ) ;
#189 =( GEOMETRIC_REPRESENTATION_CONTEXT ( 3 ) GLOBAL_UNCERTAINTY_ASSIGNED_CONTEXT ( ( #1785 ) ) GLOBAL_UNIT_ASSIGNED_CONTEXT ( ( #720, #5265, #4724 ) ) REPRESENTATION_CONTEXT ( 'NONE', 'WORKASPACE' ) );
#190 = PRESENTATION_STYLE_ASSIGNMENT (( #4322 ) ) ;
#191 = EDGE_CURVE ( 'NONE', #1126, #3592, #2750, .T. ) ;
#192 = SURFACE_STYLE_FILL_AREA ( #6182 ) ;
#193 = AXIS2_PLACEMENT_3D ( 'NONE', #6383, #418, #1463 ) ;
#194 = ORIENTED_EDGE ( 'NONE', *, *, #5156, .T. ) ;
#195 =( NAMED_UNIT ( * ) PLANE_ANGLE_UNIT ( ) SI_UNIT ( $, .RADIAN. ) );
#196 = PRESENTATION_LAYER_ASSIGNMENT (  '', '', ( #3661 ) ) ;
#197 = CIRCLE ( 'NONE', #6381, 2.486842105260000046 ) ;
#198 = DIRECTION ( 'NONE',  ( -0.000000000000000000, -0.000000000000000000, -1.000000000000000000 ) ) ;
#199 = CARTESIAN_POINT ( 'NONE',  ( -18.23684224675128007, -21.70927214407692674, 9.602249662979534408E-08 ) ) ;
#200 = CARTESIAN_POINT ( 'NONE',  ( -2.486842246771261866, 19.32362259271307536, 13.87094264117508402 ) ) ;
#201 = ORIENTED_EDGE ( 'NONE', *, *, #500, .F. ) ;
#202 = PRESENTATION_STYLE_ASSIGNMENT (( #5687 ) ) ;
#203 = EDGE_CURVE ( 'NONE', #2233, #1620, #5231, .T. ) ;
#204 = DIRECTION ( 'NONE',  ( 1.000000000000000000, 7.149997818982262366E-15, 0.000000000000000000 ) ) ;
#205 = EDGE_LOOP ( 'NONE', ( #4648, #1712, #1514 ) ) ;
#206 = CARTESIAN_POINT ( 'NONE',  ( -1.254812679236225748, 17.15219333545434210, 7.780241314254754847 ) ) ;
#207 = CARTESIAN_POINT ( 'NONE',  ( -0.7071697347072211093, 10.88631100088393389, 14.09210535915883611 ) ) ;
#208 = DIRECTION ( 'NONE',  ( -0.9156990849384909481, 0.3689922509688596808, -0.1591851267164881567 ) ) ;
#209 = ORIENTED_EDGE ( 'NONE', *, *, #914, .T. ) ;
#210 = PLANE ( 'NONE',  #2525 ) ;
#211 = B_SPLINE_CURVE_WITH_KNOTS ( 'NONE', 3,
 ( #1459, #4398, #5876, #5365, #2994, #3976, #2960, #5911, #1491, #6347, #5837, #1863, #474, #3498, #2473, #2378, #3852, #2921, #1363, #4457, #1396, #3323, #3420, #4859, #3885, #5424, #929, #3394, #3358, #861, #4371, #6378 ),
 .UNSPECIFIED., .F., .F.,
 ( 4, 2, 2, 2, 2, 2, 2, 2, 2, 2, 2, 2, 2, 2, 2, 4 ),
 ( 6.874986291672899451E-20, 0.0004890880441356605570, 0.0009781760882713208972, 0.001467264132406981237, 0.001956352176542641794, 0.002934528264813969847, 0.003423616308949638427, 0.003912704353085307875, 0.004401792397220976455, 0.004890880441356645902, 0.005379968485492315350, 0.005869056529627983930, 0.006358144573763653377, 0.006847232617899321958, 0.007336320662034992272, 0.007825408706170660852 ),
 .UNSPECIFIED. ) ;
#212 = COLOUR_RGB ( '',0.5372549019607842924, 0.3490196078431372362, 0.3372549019607843368 ) ;
#213 = MECHANICAL_DESIGN_GEOMETRIC_PRESENTATION_REPRESENTATION (  '', ( #123 ), #3675 ) ;
#214 =( NAMED_UNIT ( * ) SI_UNIT ( $, .STERADIAN. ) SOLID_ANGLE_UNIT ( ) );
#215 = PRESENTATION_STYLE_ASSIGNMENT (( #4696 ) ) ;
#216 = CARTESIAN_POINT ( 'NONE',  ( 18.23684196372875377, -32.90006161774692117, 14.09210535916249896 ) ) ;
#217 =( GEOMETRIC_REPRESENTATION_CONTEXT ( 3 ) GLOBAL_UNCERTAINTY_ASSIGNED_CONTEXT ( ( #3750 ) ) GLOBAL_UNIT_ASSIGNED_CONTEXT ( ( #133, #5279, #5213 ) ) REPRESENTATION_CONTEXT ( 'NONE', 'WORKASPACE' ) );
#218 = VERTEX_POINT ( 'NONE', #4761 ) ;
#219 = PRESENTATION_LAYER_ASSIGNMENT (  '', '', ( #5865 ) ) ;
#220 = FACE_OUTER_BOUND ( 'NONE', #5543, .T. ) ;
#221 = STYLED_ITEM ( 'NONE', ( #1957 ), #2554 ) ;
#222 = ADVANCED_FACE ( 'NONE', ( #274 ), #6129, .T. ) ;
#223 = COLOUR_RGB ( '',0.7921568627450980005, 0.8196078431372548767, 0.9333333333333333481 ) ;
#224 = DIRECTION ( 'NONE',  ( -1.000000000000000000, -1.826024711554539830E-16, -0.000000000000000000 ) ) ;
#225 = CARTESIAN_POINT ( 'NONE',  ( -6.681736991037274365, 11.03414890829546557, -12.41171347679081194 ) ) ;
#226 = DIRECTION ( 'NONE',  ( -1.000000000000000000, -3.491481338843132961E-15, -0.000000000000000000 ) ) ;
#227 = DIRECTION ( 'NONE',  ( 0.000000000000000000, 0.000000000000000000, 1.000000000000000000 ) ) ;
#228 = COLOUR_RGB ( '',0.5372549019607842924, 0.3490196078431372362, 0.3372549019607843368 ) ;
#229 = SURFACE_SIDE_STYLE ('',( #192 ) ) ;
#230 = DIRECTION ( 'NONE',  ( -1.826024711554539830E-16, 1.000000000000000000, 0.000000000000000000 ) ) ;
#231 = ORIENTED_EDGE ( 'NONE', *, *, #2441, .T. ) ;
#232 =( NAMED_UNIT ( * ) PLANE_ANGLE_UNIT ( ) SI_UNIT ( $, .RADIAN. ) );
#233 = EDGE_CURVE ( 'NONE', #6340, #2296, #795, .T. ) ;
#234 = CARTESIAN_POINT ( 'NONE',  ( -1.415112614726319400E-07, 19.32362259271307536, 14.09210535916249896 ) ) ;
#235 = LINE ( 'NONE', #4784, #3216 ) ;
#236 = ORIENTED_EDGE ( 'NONE', *, *, #4516, .T. ) ;
#237 =( NAMED_UNIT ( * ) SI_UNIT ( $, .STERADIAN. ) SOLID_ANGLE_UNIT ( ) );
#238 = STYLED_ITEM ( 'NONE', ( #1016 ), #1242 ) ;
#239 = CARTESIAN_POINT ( 'NONE',  ( 6.091006445296940059E-16, 10.56907894200000086, -4.973684208000001661 ) ) ;
#240 = ORIENTED_EDGE ( 'NONE', *, *, #5259, .F. ) ;
#241 = CARTESIAN_POINT ( 'NONE',  ( 18.23684196372877508, -32.90006161774691407, 3.073819205801632037 ) ) ;
#242 = EDGE_CURVE ( 'NONE', #5492, #4186, #4982, .T. ) ;
#243 = CARTESIAN_POINT ( 'NONE',  ( -1.415112467382779879E-07, 16.83678048745288791, 7.875000096012557016 ) ) ;
#244 = SURFACE_STYLE_USAGE ( .BOTH. , #3814 ) ;
#245 = CARTESIAN_POINT ( 'NONE',  ( -1.415112614726319400E-07, 27.61309627691307966, 9.602249662979534408E-08 ) ) ;
#246 = VECTOR ( 'NONE', #1317, 1000.000000000000000 ) ;
#247 = SURFACE_STYLE_USAGE ( .BOTH. , #4172 ) ;
#248 = CARTESIAN_POINT ( 'NONE',  ( -14.07810108258259341, 16.91719795911707536, 0.6483181054785633890 ) ) ;
#249 = DIRECTION ( 'NONE',  ( 0.3682156562264108923, 0.6117229065628757567, -0.7001516379299705939 ) ) ;
#250 = EDGE_LOOP ( 'NONE', ( #6025, #2968, #179, #3508 ) ) ;
#251 = MECHANICAL_DESIGN_GEOMETRIC_PRESENTATION_REPRESENTATION (  '', ( #1828 ), #1606 ) ;
#252 = AXIS2_PLACEMENT_3D ( 'NONE', #6459, #5898, #1384 ) ;
#253 = DIRECTION ( 'NONE',  ( -1.000000000000000000, -1.826024711554539830E-16, -0.000000000000000000 ) ) ;
#254 = AXIS2_PLACEMENT_3D ( 'NONE', #4527, #55, #2062 ) ;
#255 = AXIS2_PLACEMENT_3D ( 'NONE', #4368, #557, #1952 ) ;
#256 = ORIENTED_EDGE ( 'NONE', *, *, #4917, .T. ) ;
#257 = COLOUR_RGB ( '',0.8392156862745098200, 0.4666666666666666741, 0.3686274509803921795 ) ;
#258 = CARTESIAN_POINT ( 'NONE',  ( -6.588470995756710025, 8.656103418038469499, -14.09210516711750394 ) ) ;
#259 = STYLED_ITEM ( 'NONE', ( #5353 ), #4366 ) ;
#260 = CARTESIAN_POINT ( 'NONE',  ( 15.74999985846874750, -21.70927214407692318, 9.602249662979534408E-08 ) ) ;
#261 = CARTESIAN_POINT ( 'NONE',  ( -28.18421066779126960, -21.70927214407693029, 11.60526325390249980 ) ) ;
#262 =( BOUNDED_SURFACE ( )  B_SPLINE_SURFACE ( 3, 2, ( 
 ( #5180, #1698, #5246 ),
 ( #675, #4181, #2678 ),
 ( #6119, #1221, #4672 ),
 ( #4701, #188, #258 ),
 ( #225, #1246, #2255 ),
 ( #3262, #4250, #3765 ),
 ( #5734, #1282, #609 ),
 ( #2616, #4606, #1629 ),
 ( #6275, #1312, #5280 ),
 ( #4282, #774, #3794 ),
 ( #2285, #1802, #4774 ),
 ( #5773, #2770, #292 ) ),
 .UNSPECIFIED., .F., .F., .T. ) 
 B_SPLINE_SURFACE_WITH_KNOTS ( ( 4, 2, 2, 2, 2, 4 ),
 ( 3, 3 ),
 ( 0.005059068415881171413, 0.006119126295483537717, 0.007179184175085904888, 0.009299299934290638364, 0.01141941569349537097, 0.01353953145270010532 ),
 ( 0.000000000000000000, 1.000000000000000000 ),
 .UNSPECIFIED. ) 
 GEOMETRIC_REPRESENTATION_ITEM ( )  RATIONAL_B_SPLINE_SURFACE ( (
 ( 1.000000000000000000, 0.7071067811865475727, 1.000000000000000000),
 ( 1.000000000000000000, 0.7305314327749278247, 1.000000000000000000),
 ( 1.000000000000000000, 0.7528742600244557881, 1.000000000000000000),
 ( 1.000000000000000000, 0.7945085820108810370, 1.000000000000000000),
 ( 1.000000000000000000, 0.8139225236494795901, 1.000000000000000000),
 ( 1.000000000000000000, 0.8681225655717618173, 1.000000000000000000),
 ( 1.000000000000000000, 0.8988959677839938323, 1.000000000000000000),
 ( 1.000000000000000000, 0.9489655934737801779, 1.000000000000000000),
 ( 1.000000000000000000, 0.9680087867991511441, 1.000000000000000000),
 ( 1.000000000000000000, 0.9935379408471542995, 1.000000000000000000),
 ( 1.000000000000000000, 1.000008560896375576, 1.000000000000000000),
 ( 1.000000000000000000, 1.000000000000000000, 1.000000000000000000) ) ) 
 REPRESENTATION_ITEM ( '' )  SURFACE ( )  );
#263 = CARTESIAN_POINT ( 'NONE',  ( -15.75000014149120098, 8.547306803253071905, 11.60526325390249980 ) ) ;
#264 = EDGE_LOOP ( 'NONE', ( #1814, #5309 ) ) ;
#265 = CARTESIAN_POINT ( 'NONE',  ( -28.18421066779127315, -1.400061617787014212, 14.09210535916249896 ) ) ;
#266 = CARTESIAN_POINT ( 'NONE',  ( 18.23684196372874666, -13.00532477566700074, -14.09210516711750394 ) ) ;
#267 = DIRECTION ( 'NONE',  ( -1.000000000000000000, 0.000000000000000000, 0.000000000000000000 ) ) ;
#268 = UNCERTAINTY_MEASURE_WITH_UNIT (LENGTH_MEASURE( 1.000000000000000082E-05 ), #1483, 'distance_accuracy_value', 'NONE');
#269 = ORIENTED_EDGE ( 'NONE', *, *, #2166, .T. ) ;
#270 = EDGE_CURVE ( 'NONE', #5863, #2328, #403, .T. ) ;
#271 = EDGE_CURVE ( 'NONE', #5502, #3116, #1632, .T. ) ;
#272 = SURFACE_STYLE_USAGE ( .BOTH. , #5294 ) ;
#273 = ORIENTED_EDGE ( 'NONE', *, *, #4786, .F. ) ;
#274 = FACE_OUTER_BOUND ( 'NONE', #2308, .T. ) ;
#275 = CARTESIAN_POINT ( 'NONE',  ( 6.424342101999999777, 10.56907894200000086, -6.217105260000000300 ) ) ;
#276 = DIRECTION ( 'NONE',  ( -1.000000000000000000, 2.131048130438130318E-14, 0.000000000000000000 ) ) ;
#277 = SURFACE_SIDE_STYLE ('',( #5580 ) ) ;
#278 = UNCERTAINTY_MEASURE_WITH_UNIT (LENGTH_MEASURE( 1.000000000000000082E-05 ), #1234, 'distance_accuracy_value', 'NONE');
#279 = DIRECTION ( 'NONE',  ( -1.000000000000000000, 1.826024711554539830E-16, 0.000000000000000000 ) ) ;
#280 = EDGE_CURVE ( 'NONE', #3186, #1296, #5363, .T. ) ;
#281 = DIRECTION ( 'NONE',  ( -1.000000000000000000, 0.000000000000000000, 0.000000000000000000 ) ) ;
#282 = APPLICATION_PROTOCOL_DEFINITION ( 'draft international standard', 'automotive_design', 1998, #2706 ) ;
#283 = ORIENTED_EDGE ( 'NONE', *, *, #1434, .F. ) ;
#284 = PRESENTATION_STYLE_ASSIGNMENT (( #3320 ) ) ;
#285 = CARTESIAN_POINT ( 'NONE',  ( 7.498667567392638844, 11.03414890839592211, -11.93544754088002335 ) ) ;
#286 = ORIENTED_EDGE ( 'NONE', *, *, #5647, .T. ) ;
#287 = DIRECTION ( 'NONE',  ( 1.000000000000000000, 1.826024711554539830E-16, 0.000000000000000000 ) ) ;
#288 =( NAMED_UNIT ( * ) PLANE_ANGLE_UNIT ( ) SI_UNIT ( $, .RADIAN. ) );
#289 = ORIENTED_EDGE ( 'NONE', *, *, #4799, .F. ) ;
#290 = SURFACE_STYLE_USAGE ( .BOTH. , #772 ) ;
#291 = SURFACE_STYLE_USAGE ( .BOTH. , #1438 ) ;
#292 = CARTESIAN_POINT ( 'NONE',  ( -1.415112614762403798E-07, 11.03414890851307462, -14.09210516711750394 ) ) ;
#293 = FACE_OUTER_BOUND ( 'NONE', #2741, .T. ) ;
#294 = CARTESIAN_POINT ( 'NONE',  ( -3.315789615191276241, -13.00532477566692258, 14.09210535916249896 ) ) ;
#295 = PRESENTATION_LAYER_ASSIGNMENT (  '', '', ( #6138 ) ) ;
#296 = AXIS2_PLACEMENT_3D ( 'NONE', #1112, #1532, #2155 ) ;
#297 = CARTESIAN_POINT ( 'NONE',  ( -5.216798493799621461, 8.938883013747586759, 14.09210535916250073 ) ) ;
#298 = DIRECTION ( 'NONE',  ( -0.000000000000000000, -0.000000000000000000, -1.000000000000000000 ) ) ;
#299 = CARTESIAN_POINT ( 'NONE',  ( 15.74999985846866224, 11.03414890851307462, -11.60526306185750478 ) ) ;
#300 = ORIENTED_EDGE ( 'NONE', *, *, #4839, .F. ) ;
#301 =( GEOMETRIC_REPRESENTATION_CONTEXT ( 3 ) GLOBAL_UNCERTAINTY_ASSIGNED_CONTEXT ( ( #1914 ) ) GLOBAL_UNIT_ASSIGNED_CONTEXT ( ( #1726, #5723, #1170 ) ) REPRESENTATION_CONTEXT ( 'NONE', 'WORKASPACE' ) );
#302 = DIRECTION ( 'NONE',  ( -1.000000000000000000, 0.000000000000000000, 0.000000000000000000 ) ) ;
#303 = LINE ( 'NONE', #2745, #550 ) ;
#304 = ORIENTED_EDGE ( 'NONE', *, *, #554, .F. ) ;
#305 = PRESENTATION_LAYER_ASSIGNMENT (  '', '', ( #4893 ) ) ;
#306 = CARTESIAN_POINT ( 'NONE',  ( -2.234688403012423219, 18.22037018243975481, -13.91393574054061588 ) ) ;
#307 = DIRECTION ( 'NONE',  ( -0.000000000000000000, 0.000000000000000000, -1.000000000000000000 ) ) ;
#308 = ORIENTED_EDGE ( 'NONE', *, *, #5984, .T. ) ;
#309 = CARTESIAN_POINT ( 'NONE',  ( 15.74999985846875461, -32.90006161774692117, 14.09210535916249896 ) ) ;
#310 = CARTESIAN_POINT ( 'NONE',  ( -2.173242718324577272, 20.57515607928704782, -13.92408891713112773 ) ) ;
#311 = MECHANICAL_DESIGN_GEOMETRIC_PRESENTATION_REPRESENTATION (  '', ( #3113 ), #4902 ) ;
#312 = CARTESIAN_POINT ( 'NONE',  ( -1.415112614726319400E-07, 27.61309627691307966, 10.36184220127249844 ) ) ;
#313 = EDGE_CURVE ( 'NONE', #4521, #140, #4824, .T. ) ;
#314 = CARTESIAN_POINT ( 'NONE',  ( -25.69736856253126689, -32.90006161774692117, 3.073819205801665344 ) ) ;
#315 = COLOUR_RGB ( '',0.8392156862745098200, 0.4666666666666666741, 0.3686274509803921795 ) ;
#316 = FILL_AREA_STYLE_COLOUR ( '', #4572 ) ;
#317 =( LENGTH_UNIT ( ) NAMED_UNIT ( * ) SI_UNIT ( .MILLI., .METRE. ) );
#318 = DIRECTION ( 'NONE',  ( 0.7071067811865474617, -0.7071067811865474617, 0.000000000000000000 ) ) ;
#319 = VECTOR ( 'NONE', #3539, 1000.000000000000000 ) ;
#320 = PRODUCT ( 'u_d', 'u_d', '', ( #3882 ) ) ;
#321 = APPLICATION_PROTOCOL_DEFINITION ( 'draft international standard', 'automotive_design', 1998, #4501 ) ;
#322 = ORIENTED_EDGE ( 'NONE', *, *, #6450, .F. ) ;
#323 = ORIENTED_EDGE ( 'NONE', *, *, #1883, .F. ) ;
#324 = CARTESIAN_POINT ( 'NONE',  ( 1.247140874895699802, 21.48130931746605299, 14.03747202387476101 ) ) ;
#325 = ADVANCED_FACE ( 'NONE', ( #5421 ), #2920, .T. ) ;
#326 = LINE ( 'NONE', #3295, #2755 ) ;
#327 = CARTESIAN_POINT ( 'NONE',  ( 0.000000000000000000, 0.000000000000000000, 0.000000000000000000 ) ) ;
#328 = LINE ( 'NONE', #4211, #1464 ) ;
#329 = FILL_AREA_STYLE ('',( #4187 ) ) ;
#330 = VERTEX_POINT ( 'NONE', #443 ) ;
#331 = ADVANCED_FACE ( 'NONE', ( #1394 ), #4795, .T. ) ;
#332 = CARTESIAN_POINT ( 'NONE',  ( 7.994078778775375760, 8.547306803253073682, -14.09210516711750394 ) ) ;
#333 = DIRECTION ( 'NONE',  ( 0.000000000000000000, 0.000000000000000000, 1.000000000000000000 ) ) ;
#334 = DIRECTION ( 'NONE',  ( 1.000000000000000000, -6.938893903907227589E-15, 0.000000000000000000 ) ) ;
#335 = DIRECTION ( 'NONE',  ( 0.000000000000000000, 0.9642857142857143016, 0.2648642316819879161 ) ) ;
#336 = STYLED_ITEM ( 'NONE', ( #5793 ), #5122 ) ;
#337 = MECHANICAL_DESIGN_GEOMETRIC_PRESENTATION_REPRESENTATION (  '', ( #3138 ), #887 ) ;
#338 = CARTESIAN_POINT ( 'NONE',  ( -3.516925830957230215, -3.516925830957267518, -3.516925830957259080 ) ) ;
#339 = DIRECTION ( 'NONE',  ( -1.000000000000000000, -6.975607628275379072E-16, 0.000000000000000000 ) ) ;
#340 = CIRCLE ( 'NONE', #4306, 12.43421052629999757 ) ;
#341 = ORIENTED_EDGE ( 'NONE', *, *, #84, .T. ) ;
#342 = DIRECTION ( 'NONE',  ( -0.7071067811865439090, 0.000000000000000000, 0.7071067811865512365 ) ) ;
#343 = VECTOR ( 'NONE', #5215, 1000.000000000000000 ) ;
#344 = DIRECTION ( 'NONE',  ( -0.000000000000000000, -0.000000000000000000, -1.000000000000000000 ) ) ;
#345 = ORIENTED_EDGE ( 'NONE', *, *, #1663, .T. ) ;
#346 = CIRCLE ( 'NONE', #539, 4.973684208000002549 ) ;
#347 = LINE ( 'NONE', #2334, #1038 ) ;
#348 = LINE ( 'NONE', #3316, #1800 ) ;
#349 = FACE_OUTER_BOUND ( 'NONE', #4888, .T. ) ;
#350 = AXIS2_PLACEMENT_3D ( 'NONE', #199, #4752, #4291 ) ;
#351 = UNCERTAINTY_MEASURE_WITH_UNIT (LENGTH_MEASURE( 1.000000000000000082E-05 ), #3211, 'distance_accuracy_value', 'NONE');
#352 = SURFACE_STYLE_FILL_AREA ( #5419 ) ;
#353 = SURFACE_STYLE_USAGE ( .BOTH. , #4822 ) ;
#354 = SURFACE_STYLE_USAGE ( .BOTH. , #2884 ) ;
#355 = PRODUCT_CONTEXT ( 'NONE', #4628, 'mechanical' ) ;
#356 = EDGE_CURVE ( 'NONE', #1528, #1332, #5491, .T. ) ;
#357 = CARTESIAN_POINT ( 'NONE',  ( 6.582453741256180990, 10.46206058029592256, -14.09210516711750749 ) ) ;
#358 = VERTEX_POINT ( 'NONE', #2306 ) ;
#359 = CARTESIAN_POINT ( 'NONE',  ( 3.315789332168654902, -0.5711142493669202347, -7.142910036834836163 ) ) ;
#360 = DIRECTION ( 'NONE',  ( -0.000000000000000000, -0.000000000000000000, -1.000000000000000000 ) ) ;
#361 = EDGE_CURVE ( 'NONE', #2151, #3786, #3819, .T. ) ;
#362 = DIRECTION ( 'NONE',  ( -0.000000000000000000, -0.000000000000000000, -1.000000000000000000 ) ) ;
#363 = CARTESIAN_POINT ( 'NONE',  ( -7.472031368077895586, 19.15970883920176604, 2.486840329945754213 ) ) ;
#364 = ADVANCED_FACE ( 'NONE', ( #6345 ), #858, .T. ) ;
#365 = CIRCLE ( 'NONE', #552, 2.486842105259999602 ) ;
#366 = ORIENTED_EDGE ( 'NONE', *, *, #1725, .T. ) ;
#367 = CARTESIAN_POINT ( 'NONE',  ( -5.471577642605302216, -0.7561064407065077875, 5.676065292745419377 ) ) ;
#368 = AXIS2_PLACEMENT_3D ( 'NONE', #2807, #844, #371 ) ;
#369 = CARTESIAN_POINT ( 'NONE',  ( -4.973684208000000773, 4.973684207999983897, -1.336732849063824835 ) ) ;
#370 = AXIS2_PLACEMENT_3D ( 'NONE', #5059, #532, #111 ) ;
#371 = DIRECTION ( 'NONE',  ( 0.000000000000000000, 0.000000000000000000, 1.000000000000000000 ) ) ;
#372 = AXIS2_PLACEMENT_3D ( 'NONE', #2557, #1141, #2157 ) ;
#373 = SURFACE_STYLE_USAGE ( .BOTH. , #399 ) ;
#374 =( GEOMETRIC_REPRESENTATION_CONTEXT ( 3 ) GLOBAL_UNCERTAINTY_ASSIGNED_CONTEXT ( ( #4263 ) ) GLOBAL_UNIT_ASSIGNED_CONTEXT ( ( #634, #1626, #4083 ) ) REPRESENTATION_CONTEXT ( 'NONE', 'WORKASPACE' ) );
#375 = AXIS2_PLACEMENT_3D ( 'NONE', #407, #2467, #1854 ) ;
#376 = VERTEX_POINT ( 'NONE', #5110 ) ;
#377 = PLANE ( 'NONE',  #2061 ) ;
#378 = SURFACE_STYLE_USAGE ( .BOTH. , #915 ) ;
#379 = ORIENTED_EDGE ( 'NONE', *, *, #2573, .F. ) ;
#380 = SURFACE_STYLE_FILL_AREA ( #3877 ) ;
#381 = CARTESIAN_POINT ( 'NONE',  ( -1.415112614726319400E-07, 19.32362259271307536, 14.09210535916249896 ) ) ;
#382 = DIRECTION ( 'NONE',  ( -1.000000000000000000, -1.826024711554539830E-16, -0.000000000000000000 ) ) ;
#383 =( NAMED_UNIT ( * ) PLANE_ANGLE_UNIT ( ) SI_UNIT ( $, .RADIAN. ) );
#384 = FILL_AREA_STYLE_COLOUR ( '', #5148 ) ;
#385 = ORIENTED_EDGE ( 'NONE', *, *, #2247, .T. ) ;
#386 = ORIENTED_EDGE ( 'NONE', *, *, #4317, .F. ) ;
#387 = CARTESIAN_POINT ( 'NONE',  ( 14.09210512162874274, 16.83678048745307620, 9.602249625402110167E-08 ) ) ;
#388 = CARTESIAN_POINT ( 'NONE',  ( -6.424342101999999777, 10.56907894200000086, -6.217105260000000300 ) ) ;
#389 = SURFACE_SIDE_STYLE ('',( #3492 ) ) ;
#390 =( NAMED_UNIT ( * ) SI_UNIT ( $, .STERADIAN. ) SOLID_ANGLE_UNIT ( ) );
#391 = ORIENTED_EDGE ( 'NONE', *, *, #783, .T. ) ;
#392 = CARTESIAN_POINT ( 'NONE',  ( -4.973684207999967022, -4.973684208000019424, 0.000000000000000000 ) ) ;
#393 = CARTESIAN_POINT ( 'NONE',  ( 1.250712323669817438, 21.47911798086195390, 7.776239236802015675 ) ) ;
#394 = EDGE_CURVE ( 'NONE', #1123, #1460, #6088, .T. ) ;
#395 =( NAMED_UNIT ( * ) PLANE_ANGLE_UNIT ( ) SI_UNIT ( $, .RADIAN. ) );
#396 = CARTESIAN_POINT ( 'NONE',  ( -3.516925830957249755, 3.516925830957236876, -3.516925830957236876 ) ) ;
#397 = PRESENTATION_STYLE_ASSIGNMENT (( #2226 ) ) ;
#398 = CARTESIAN_POINT ( 'NONE',  ( 4.545481191211773186, 9.141918098976210771, 14.09210535916249540 ) ) ;
#399 = SURFACE_SIDE_STYLE ('',( #2874 ) ) ;
#400 = VECTOR ( 'NONE', #420, 1000.000000000000000 ) ;
#401 = PRESENTATION_STYLE_ASSIGNMENT (( #6458 ) ) ;
#402 = CARTESIAN_POINT ( 'NONE',  ( 2.158518465352510241, 20.56926041376348735, -13.92611053035473923 ) ) ;
#403 = B_SPLINE_CURVE_WITH_KNOTS ( 'NONE', 3,
 ( #2244, #6236, #5631, #5664, #5126, #4173, #6133, #5165, #5237, #5721, #1269, #4266, #2670, #4205, #178, #6264, #722, #1209, #759, #1131, #2727, #6165, #628, #3695, #6199, #4727, #248, #1755, #3752, #3249 ),
 .UNSPECIFIED., .F., .F.,
 ( 4, 2, 2, 2, 2, 2, 2, 2, 2, 2, 2, 2, 2, 2, 4 ),
 ( 0.007790268527452143960, 0.008763806640063435266, 0.009250575696369082654, 0.009737344752674730042, 0.01022411380898037569, 0.01071088286528602135, 0.01119765192159166874, 0.01168442097789731612, 0.01217119003420296178, 0.01265795909050860743, 0.01314472814681425308, 0.01363149720311989874, 0.01460503531573118310, 0.01509180437203682529, 0.01557857342834246921 ),
 .UNSPECIFIED. ) ;
#404 =( LENGTH_UNIT ( ) NAMED_UNIT ( * ) SI_UNIT ( .MILLI., .METRE. ) );
#405 = VERTEX_POINT ( 'NONE', #5936 ) ;
#406 =( GEOMETRIC_REPRESENTATION_CONTEXT ( 3 ) GLOBAL_UNCERTAINTY_ASSIGNED_CONTEXT ( ( #2363 ) ) GLOBAL_UNIT_ASSIGNED_CONTEXT ( ( #4046, #596, #2095 ) ) REPRESENTATION_CONTEXT ( 'NONE', 'WORKASPACE' ) );
#407 = CARTESIAN_POINT ( 'NONE',  ( -7.994079061797904728, 8.547306803252972429, 11.60526325390249980 ) ) ;
#408 = SURFACE_STYLE_USAGE ( .BOTH. , #39 ) ;
#409 = ADVANCED_FACE ( 'NONE', ( #1636 ), #496, .T. ) ;
#410 = SURFACE_SIDE_STYLE ('',( #1922 ) ) ;
#411 = MECHANICAL_DESIGN_GEOMETRIC_PRESENTATION_REPRESENTATION (  '', ( #5620 ), #6148 ) ;
#412 = UNCERTAINTY_MEASURE_WITH_UNIT (LENGTH_MEASURE( 1.000000000000000082E-05 ), #4869, 'distance_accuracy_value', 'NONE');
#413 = MECHANICAL_DESIGN_GEOMETRIC_PRESENTATION_REPRESENTATION (  '', ( #3448 ), #1252 ) ;
#414 = FILL_AREA_STYLE_COLOUR ( '', #3391 ) ;
#415 = EDGE_LOOP ( 'NONE', ( #3591, #6376, #256, #863 ) ) ;
#416 = DIRECTION ( 'NONE',  ( -1.836970198721030674E-16, 1.000000000000000000, 0.000000000000000000 ) ) ;
#417 = SURFACE_STYLE_USAGE ( .BOTH. , #964 ) ;
#418 = DIRECTION ( 'NONE',  ( -1.000000000000000000, 0.000000000000000000, 0.000000000000000000 ) ) ;
#419 = COLOUR_RGB ( '',0.5372549019607842924, 0.3490196078431372362, 0.3372549019607843368 ) ;
#420 = DIRECTION ( 'NONE',  ( -1.000000000000000000, -1.826024711554539830E-16, -0.000000000000000000 ) ) ;
#421 =( NAMED_UNIT ( * ) SI_UNIT ( $, .STERADIAN. ) SOLID_ANGLE_UNIT ( ) );
#422 = ORIENTED_EDGE ( 'NONE', *, *, #1759, .T. ) ;
#423 = VERTEX_POINT ( 'NONE', #2165 ) ;
#424 =( NAMED_UNIT ( * ) SI_UNIT ( $, .STERADIAN. ) SOLID_ANGLE_UNIT ( ) );
#425 = CARTESIAN_POINT ( 'NONE',  ( -1.415112605082225667E-07, 21.81046469797307807, 7.875000096012498396 ) ) ;
#426 = CARTESIAN_POINT ( 'NONE',  ( 2.155888156253818355, 18.07354978713713223, 7.574726139302203620 ) ) ;
#427 = FILL_AREA_STYLE_COLOUR ( '', #5118 ) ;
#428 = EDGE_CURVE ( 'NONE', #4401, #1735, #4940, .T. ) ;
#429 = CARTESIAN_POINT ( 'NONE',  ( 28.18421038476875395, -21.70927214407691963, 9.602249662979534408E-08 ) ) ;
#430 = SURFACE_SIDE_STYLE ('',( #6426 ) ) ;
#431 = DIRECTION ( 'NONE',  ( 1.000000000000000000, 0.000000000000000000, 0.000000000000000000 ) ) ;
#432 = STYLED_ITEM ( 'NONE', ( #5327 ), #222 ) ;
#433 =( GEOMETRIC_REPRESENTATION_CONTEXT ( 3 ) GLOBAL_UNCERTAINTY_ASSIGNED_CONTEXT ( ( #2953 ) ) GLOBAL_UNIT_ASSIGNED_CONTEXT ( ( #3108, #4621, #4808 ) ) REPRESENTATION_CONTEXT ( 'NONE', 'WORKASPACE' ) );
#434 = CARTESIAN_POINT ( 'NONE',  ( 25.69736827950874414, -32.90006161774691407, -3.073819013756637464 ) ) ;
#435 = ORIENTED_EDGE ( 'NONE', *, *, #3631, .F. ) ;
#436 = EDGE_CURVE ( 'NONE', #4521, #3042, #1456, .T. ) ;
#437 = CIRCLE ( 'NONE', #6400, 4.973684210520001869 ) ;
#438 = AXIS2_PLACEMENT_3D ( 'NONE', #381, #2786, #3847 ) ;
#439 = CARTESIAN_POINT ( 'NONE',  ( -44.81066914522543243, 20.11016949152541144, -5.802631576000000457 ) ) ;
#440 = PRESENTATION_STYLE_ASSIGNMENT (( #408 ) ) ;
#441 = SURFACE_STYLE_USAGE ( .BOTH. , #5867 ) ;
#442 = CARTESIAN_POINT ( 'NONE',  ( -3.315789615191188755, -0.5711142493669213449, -7.142910036834831722 ) ) ;
#443 = CARTESIAN_POINT ( 'NONE',  ( -3.516925830957228882, -3.516925830957266186, 3.516925830957260857 ) ) ;
#444 = CIRCLE ( 'NONE', #3480, 4.973684208000001661 ) ;
#445 = ORIENTED_EDGE ( 'NONE', *, *, #156, .T. ) ;
#446 = EDGE_CURVE ( 'NONE', #5252, #3743, #3285, .T. ) ;
#447 = EDGE_LOOP ( 'NONE', ( #4653, #5430, #4079, #1362 ) ) ;
#448 = CARTESIAN_POINT ( 'NONE',  ( 2.486841963748738671, 19.15931170994792510, -13.87094244913009256 ) ) ;
#449 = CARTESIAN_POINT ( 'NONE',  ( 3.516925830957256860, -3.516925830957223553, -3.516925830957229326 ) ) ;
#450 =( LENGTH_UNIT ( ) NAMED_UNIT ( * ) SI_UNIT ( .MILLI., .METRE. ) );
#451 = STYLED_ITEM ( 'NONE', ( #2957 ), #364 ) ;
#452 = CARTESIAN_POINT ( 'NONE',  ( -10.56907894200000086, 6.424342101999999777, -6.217105260000000300 ) ) ;
#453 = AXIS2_PLACEMENT_3D ( 'NONE', #5469, #2979, #4979 ) ;
#454 = VERTEX_POINT ( 'NONE', #1289 ) ;
#455 = CARTESIAN_POINT ( 'NONE',  ( -7.660773204308744866, -1.354442542753411693, -1.861661409130437317 ) ) ;
#456 = CARTESIAN_POINT ( 'NONE',  ( 18.23684196372875022, -21.70927214407692318, 9.602249662979534408E-08 ) ) ;
#457 = VECTOR ( 'NONE', #2432, 1000.000000000000114 ) ;
#458 = FILL_AREA_STYLE_COLOUR ( '', #1378 ) ;
#459 = FILL_AREA_STYLE_COLOUR ( '', #3272 ) ;
#460 = CARTESIAN_POINT ( 'NONE',  ( -15.75000014149120098, 8.547306803253071905, 14.09210535916249896 ) ) ;
#461 = MECHANICAL_DESIGN_GEOMETRIC_PRESENTATION_REPRESENTATION (  '', ( #1607 ), #5282 ) ;
#462 = CARTESIAN_POINT ( 'NONE',  ( 3.315789332168637138, 1.915727855893079923, 11.60526325390249980 ) ) ;
#463 = STYLED_ITEM ( 'NONE', ( #3723 ), #5730 ) ;
#464 = VECTOR ( 'NONE', #6357, 1000.000000000000000 ) ;
#465 = ORIENTED_EDGE ( 'NONE', *, *, #3447, .F. ) ;
#466 = PRESENTATION_STYLE_ASSIGNMENT (( #4450 ) ) ;
#467 = CARTESIAN_POINT ( 'NONE',  ( 28.18421038476875395, -21.70927214407691963, 9.602249662979534408E-08 ) ) ;
#468 = UNCERTAINTY_MEASURE_WITH_UNIT (LENGTH_MEASURE( 1.000000000000000082E-05 ), #2164, 'distance_accuracy_value', 'NONE');
#469 = EDGE_CURVE ( 'NONE', #4061, #3527, #1807, .T. ) ;
#470 = DIRECTION ( 'NONE',  ( 0.000000000000000000, 0.000000000000000000, 1.000000000000000000 ) ) ;
#471 = CARTESIAN_POINT ( 'NONE',  ( 6.424342101999999777, 10.56907894200000086, 6.217105260000000300 ) ) ;
#472 = SURFACE_SIDE_STYLE ('',( #6375 ) ) ;
#473 = VERTEX_POINT ( 'NONE', #4780 ) ;
#474 = CARTESIAN_POINT ( 'NONE',  ( 7.498376194421545904, 18.67543918091099187, 2.406474561847620652 ) ) ;
#475 = VERTEX_POINT ( 'NONE', #299 ) ;
#476 = DIRECTION ( 'NONE',  ( -0.000000000000000000, -0.000000000000000000, -1.000000000000000000 ) ) ;
#477 = B_SPLINE_CURVE_WITH_KNOTS ( 'NONE', 3,
 ( #3972, #3486, #5477, #2983, #490, #2496, #4484, #1022, #13, #3014, #4522, #3169, #2230, #1638, #3716, #4134, #6186, #1228, #3200, #646, #5221, #3646, #2623, #5622, #4223, #713, #168, #745, #5253, #4188, #1706, #5708 ),
 .UNSPECIFIED., .F., .F.,
 ( 4, 2, 2, 2, 2, 2, 2, 2, 2, 2, 2, 2, 2, 2, 2, 4 ),
 ( 7.342614756403854050E-19, 0.0004890880441356615328, 0.0009781760882713221982, 0.001467264132406982972, 0.001956352176542643963, 0.002934528264813972449, 0.003423616308949641029, 0.003912704353085310477, 0.004401792397220979924, 0.004890880441356648504, 0.005379968485492318819, 0.005869056529627988267, 0.006358144573763657714, 0.006847232617899326294, 0.007336320662034996609, 0.007825408706170666057 ),
 .UNSPECIFIED. ) ;
#478 = SURFACE_STYLE_FILL_AREA ( #902 ) ;
#479 = FILL_AREA_STYLE_COLOUR ( '', #3865 ) ;
#480 = ADVANCED_FACE ( 'NONE', ( #2291 ), #3803, .F. ) ;
#481 = DIRECTION ( 'NONE',  ( 0.7071067811865474617, 0.7071067811865474617, 0.000000000000000000 ) ) ;
#482 = ORIENTED_EDGE ( 'NONE', *, *, #5005, .F. ) ;
#483 = DIRECTION ( 'NONE',  ( -1.000000000000000000, 1.826024711554539830E-16, 0.000000000000000000 ) ) ;
#484 = CYLINDRICAL_SURFACE ( 'NONE', #3443, 4.973684210520003646 ) ;
#485 = AXIS2_PLACEMENT_3D ( 'NONE', #3453, #1816, #5828 ) ;
#486 = SURFACE_SIDE_STYLE ('',( #4975 ) ) ;
#487 = CARTESIAN_POINT ( 'NONE',  ( -4.462138693165086600, -4.462138693165133674, 2.571712968749412465 ) ) ;
#488 = CARTESIAN_POINT ( 'NONE',  ( 4.973684208000003437, -1.336732849063817730, 4.973684207999998996 ) ) ;
#489 = ORIENTED_EDGE ( 'NONE', *, *, #1401, .F. ) ;
#490 = CARTESIAN_POINT ( 'NONE',  ( -7.835127644151188342, 16.96532528927865258, -0.8058236343786959743 ) ) ;
#491 = MECHANICAL_DESIGN_GEOMETRIC_PRESENTATION_REPRESENTATION (  '', ( #4885 ), #1871 ) ;
#492 = CARTESIAN_POINT ( 'NONE',  ( 2.486841963748738671, 19.32362259271307536, -13.87094244913008900 ) ) ;
#493 = DIRECTION ( 'NONE',  ( 0.000000000000000000, -1.000000000000000000, 0.000000000000000000 ) ) ;
#494 = CARTESIAN_POINT ( 'NONE',  ( 2.567049861655366083, 9.880352915009604331, 14.09210535916249896 ) ) ;
#495 = SURFACE_STYLE_FILL_AREA ( #4040 ) ;
#496 = CYLINDRICAL_SURFACE ( 'NONE', #1590, 2.486842105260000046 ) ;
#497 = ORIENTED_EDGE ( 'NONE', *, *, #5556, .T. ) ;
#498 = SURFACE_STYLE_FILL_AREA ( #4992 ) ;
#499 = FILL_AREA_STYLE_COLOUR ( '', #4744 ) ;
#500 = EDGE_CURVE ( 'NONE', #1904, #4759, #1265, .T. ) ;
#501 = ORIENTED_EDGE ( 'NONE', *, *, #3141, .F. ) ;
#502 = CARTESIAN_POINT ( 'NONE',  ( -18.23684224675127652, -32.90006161774690696, -14.09210516711750394 ) ) ;
#503 = PRESENTATION_LAYER_ASSIGNMENT (  '', '', ( #5331 ) ) ;
#504 = FACE_OUTER_BOUND ( 'NONE', #5260, .T. ) ;
#505 = COLOUR_RGB ( '',0.5372549019607842924, 0.3490196078431372362, 0.3372549019607843368 ) ;
#506 = SURFACE_STYLE_USAGE ( .BOTH. , #4537 ) ;
#507 = PRESENTATION_STYLE_ASSIGNMENT (( #4108 ) ) ;
#508 = AXIS2_PLACEMENT_3D ( 'NONE', #241, #2239, #5199 ) ;
#509 = EDGE_CURVE ( 'NONE', #1428, #4110, #1729, .T. ) ;
#510 = EDGE_LOOP ( 'NONE', ( #5975, #5484, #1586, #1782 ) ) ;
#511 = FILL_AREA_STYLE ('',( #971 ) ) ;
#512 = CARTESIAN_POINT ( 'NONE',  ( -3.315789615191188755, -0.5711142493669216780, 11.60526325390249980 ) ) ;
#513 =( LENGTH_UNIT ( ) NAMED_UNIT ( * ) SI_UNIT ( .MILLI., .METRE. ) );
#514 = CYLINDRICAL_SURFACE ( 'NONE', #2693, 14.09210526314000234 ) ;
#515 = DIRECTION ( 'NONE',  ( 1.000000000000000000, -0.000000000000000000, -0.000000000000000000 ) ) ;
#516 = EDGE_CURVE ( 'NONE', #4001, #819, #5990, .T. ) ;
#517 =( NAMED_UNIT ( * ) SI_UNIT ( $, .STERADIAN. ) SOLID_ANGLE_UNIT ( ) );
#518 = CARTESIAN_POINT ( 'NONE',  ( -0.1607855527488052660, 10.95971984938863741, -14.09210516711750927 ) ) ;
#519 = CARTESIAN_POINT ( 'NONE',  ( 14.03750864945838295, 21.48154666899353060, -1.246723019476983163 ) ) ;
#520 = CARTESIAN_POINT ( 'NONE',  ( -25.69736856253126689, -32.90006161774692117, -3.073819013756672103 ) ) ;
#521 = DIRECTION ( 'NONE',  ( -1.000000000000000000, -7.228014483236695175E-15, 6.938893903907232322E-15 ) ) ;
#522 = PRODUCT_DEFINITION_SHAPE ( 'NONE', 'NONE',  #6471 ) ;
#523 = CARTESIAN_POINT ( 'NONE',  ( -13.87093155306764913, 19.48522621336972804, -2.486904109474833202 ) ) ;
#524 = ORIENTED_EDGE ( 'NONE', *, *, #191, .T. ) ;
#525 = CARTESIAN_POINT ( 'NONE',  ( 15.74999985846867823, 8.547306803253073682, -14.09210516711750394 ) ) ;
#526 = CARTESIAN_POINT ( 'NONE',  ( 28.18421038476873974, -21.70927214407691963, 9.602249662979534408E-08 ) ) ;
#527 = UNCERTAINTY_MEASURE_WITH_UNIT (LENGTH_MEASURE( 1.000000000000000082E-05 ), #781, 'distance_accuracy_value', 'NONE');
#528 = VECTOR ( 'NONE', #5879, 1000.000000000000000 ) ;
#529 = VERTEX_POINT ( 'NONE', #3546 ) ;
#530 = UNCERTAINTY_MEASURE_WITH_UNIT (LENGTH_MEASURE( 1.000000000000000082E-05 ), #6053, 'distance_accuracy_value', 'NONE');
#531 = STYLED_ITEM ( 'NONE', ( #79 ), #1856 ) ;
#532 = DIRECTION ( 'NONE',  ( 7.709882115452522540E-16, 1.000000000000000000, -0.000000000000000000 ) ) ;
#533 = COLOUR_RGB ( '',0.5372549019607842924, 0.3490196078431372362, 0.3372549019607843368 ) ;
#534 = ORIENTED_EDGE ( 'NONE', *, *, #3435, .F. ) ;
#535 =( GEOMETRIC_REPRESENTATION_CONTEXT ( 3 ) GLOBAL_UNCERTAINTY_ASSIGNED_CONTEXT ( ( #1193 ) ) GLOBAL_UNIT_ASSIGNED_CONTEXT ( ( #3625, #6100, #4236 ) ) REPRESENTATION_CONTEXT ( 'NONE', 'WORKASPACE' ) );
#536 = AXIS2_PLACEMENT_3D ( 'NONE', #3888, #5878, #1398 ) ;
#537 = VERTEX_POINT ( 'NONE', #547 ) ;
#538 = CARTESIAN_POINT ( 'NONE',  ( 4.973684207999997220, -4.973684207999951035, -1.336732849063819728 ) ) ;
#539 = AXIS2_PLACEMENT_3D ( 'NONE', #2867, #2386, #1280 ) ;
#540 = ORIENTED_EDGE ( 'NONE', *, *, #1326, .T. ) ;
#541 = DIRECTION ( 'NONE',  ( 2.511218746179137728E-14, 0.000000000000000000, -1.000000000000000000 ) ) ;
#542 = DIRECTION ( 'NONE',  ( 0.000000000000000000, 0.000000000000000000, 1.000000000000000000 ) ) ;
#543 = MECHANICAL_DESIGN_GEOMETRIC_PRESENTATION_REPRESENTATION (  '', ( #3594 ), #1390 ) ;
#544 = EDGE_CURVE ( 'NONE', #830, #3330, #3724, .T. ) ;
#545 = FILL_AREA_STYLE_COLOUR ( '', #4585 ) ;
#546 =( LENGTH_UNIT ( ) NAMED_UNIT ( * ) SI_UNIT ( .MILLI., .METRE. ) );
#547 = CARTESIAN_POINT ( 'NONE',  ( 4.973684208000001661, 4.973684208000019424, 6.091006445296940059E-16 ) ) ;
#548 = DIRECTION ( 'NONE',  ( -1.826024711554539830E-16, 1.000000000000000000, -0.000000000000000000 ) ) ;
#549 =( LENGTH_UNIT ( ) NAMED_UNIT ( * ) SI_UNIT ( .MILLI., .METRE. ) );
#550 = VECTOR ( 'NONE', #4225, 1000.000000000000000 ) ;
#551 = DIRECTION ( 'NONE',  ( 1.395121525655076800E-15, -1.000000000000000000, 0.000000000000000000 ) ) ;
#552 = AXIS2_PLACEMENT_3D ( 'NONE', #556, #2566, #74 ) ;
#553 = FACE_BOUND ( 'NONE', #1406, .T. ) ;
#554 = EDGE_CURVE ( 'NONE', #3541, #5000, #4732, .T. ) ;
#555 = PRESENTATION_STYLE_ASSIGNMENT (( #4611 ) ) ;
#556 = CARTESIAN_POINT ( 'NONE',  ( 18.23684196372875377, -32.90006161774692828, -3.073819013756651231 ) ) ;
#557 = DIRECTION ( 'NONE',  ( 1.000000000000000000, 0.000000000000000000, 0.000000000000000000 ) ) ;
#558 = ORIENTED_EDGE ( 'NONE', *, *, #3102, .T. ) ;
#559 = MECHANICAL_DESIGN_GEOMETRIC_PRESENTATION_REPRESENTATION (  '', ( #5170 ), #5065 ) ;
#560 = CARTESIAN_POINT ( 'NONE',  ( -45.49911695932713229, 20.11016949152541144, 1.861560328787486385E-17 ) ) ;
#561 = SURFACE_SIDE_STYLE ('',( #1057 ) ) ;
#562 =( LENGTH_UNIT ( ) NAMED_UNIT ( * ) SI_UNIT ( .MILLI., .METRE. ) );
#563 = AXIS2_PLACEMENT_3D ( 'NONE', #4315, #3895, #767 ) ;
#564 = DIRECTION ( 'NONE',  ( -1.000000000000000000, -1.789794062518025815E-16, 0.000000000000000000 ) ) ;
#565 = EDGE_LOOP ( 'NONE', ( #4431, #4769, #1862, #3761, #3081, #1226 ) ) ;
#566 = ORIENTED_EDGE ( 'NONE', *, *, #4748, .T. ) ;
#567 =( GEOMETRIC_REPRESENTATION_CONTEXT ( 3 ) GLOBAL_UNCERTAINTY_ASSIGNED_CONTEXT ( ( #4524 ) ) GLOBAL_UNIT_ASSIGNED_CONTEXT ( ( #6058, #2113, #5572 ) ) REPRESENTATION_CONTEXT ( 'NONE', 'WORKASPACE' ) );
#568 = CIRCLE ( 'NONE', #1617, 7.874999999990000887 ) ;
#569 = CARTESIAN_POINT ( 'NONE',  ( -5.217767398879098018, 8.938610710450417329, 14.09210535916249896 ) ) ;
#570 = STYLED_ITEM ( 'NONE', ( #3259 ), #622 ) ;
#571 = ORIENTED_EDGE ( 'NONE', *, *, #2943, .F. ) ;
#572 = FACE_OUTER_BOUND ( 'NONE', #113, .T. ) ;
#573 = DIRECTION ( 'NONE',  ( -1.000000000000000000, -0.000000000000000000, -0.000000000000000000 ) ) ;
#574 = FILL_AREA_STYLE_COLOUR ( '', #6044 ) ;
#575 = SURFACE_STYLE_USAGE ( .BOTH. , #4118 ) ;
#576 = CARTESIAN_POINT ( 'NONE',  ( 13.92630742422432100, 20.57138694381224298, 2.157234000781035999 ) ) ;
#577 = CARTESIAN_POINT ( 'NONE',  ( -2.232962988529390458, 18.21679534002119638, -7.552074345915030129 ) ) ;
#578 = ADVANCED_FACE ( 'NONE', ( #3065 ), #4119, .F. ) ;
#579 = DIRECTION ( 'NONE',  ( 0.000000000000000000, 0.000000000000000000, 1.000000000000000000 ) ) ;
#580 = SURFACE_STYLE_FILL_AREA ( #893 ) ;
#581 = FACE_OUTER_BOUND ( 'NONE', #3920, .T. ) ;
#582 = UNCERTAINTY_MEASURE_WITH_UNIT (LENGTH_MEASURE( 1.000000000000000082E-05 ), #3463, 'distance_accuracy_value', 'NONE');
#583 = PRESENTATION_STYLE_ASSIGNMENT (( #642 ) ) ;
#584 = SURFACE_STYLE_USAGE ( .BOTH. , #1051 ) ;
#585 = VERTEX_POINT ( 'NONE', #37 ) ;
#586 = SURFACE_SIDE_STYLE ('',( #2570 ) ) ;
#587 = EDGE_CURVE ( 'NONE', #3465, #3214, #2249, .T. ) ;
#588 = CARTESIAN_POINT ( 'NONE',  ( -10.56907894200000086, 6.424342101999999777, -6.217105260000000300 ) ) ;
#589 = DIRECTION ( 'NONE',  ( -0.000000000000000000, -1.000000000000000000, -0.000000000000000000 ) ) ;
#590 = ORIENTED_EDGE ( 'NONE', *, *, #2081, .T. ) ;
#591 = ADVANCED_FACE ( 'NONE', ( #4021 ), #4853, .T. ) ;
#592 = ORIENTED_EDGE ( 'NONE', *, *, #1547, .T. ) ;
#593 = CARTESIAN_POINT ( 'NONE',  ( -6.243472673077181234, 8.716373700434232319, 14.09210535916249896 ) ) ;
#594 = CARTESIAN_POINT ( 'NONE',  ( -28.18421066779126960, -32.90006161774690696, -11.60526306185750478 ) ) ;
#595 = PRESENTATION_LAYER_ASSIGNMENT (  '', '', ( #4587 ) ) ;
#596 =( NAMED_UNIT ( * ) PLANE_ANGLE_UNIT ( ) SI_UNIT ( $, .RADIAN. ) );
#597 = ORIENTED_EDGE ( 'NONE', *, *, #5205, .T. ) ;
#598 = VECTOR ( 'NONE', #6217, 1000.000000000000000 ) ;
#599 = CARTESIAN_POINT ( 'NONE',  ( 7.451855145633849986, -1.278650107134278624, 2.573534680771506711 ) ) ;
#600 = VECTOR ( 'NONE', #1648, 1000.000000000000000 ) ;
#601 = COLOUR_RGB ( '',0.5372549019607842924, 0.3490196078431372362, 0.3372549019607843368 ) ;
#602 = DIRECTION ( 'NONE',  ( -1.000000000000000000, 0.000000000000000000, 0.000000000000000000 ) ) ;
#603 =( LENGTH_UNIT ( ) NAMED_UNIT ( * ) SI_UNIT ( .MILLI., .METRE. ) );
#604 = SURFACE_STYLE_FILL_AREA ( #1082 ) ;
#605 = CARTESIAN_POINT ( 'NONE',  ( 4.973684207999997220, 1.336732849063846373, -4.973684208000001661 ) ) ;
#606 = CIRCLE ( 'NONE', #821, 12.43421052629999757 ) ;
#607 = LINE ( 'NONE', #4670, #1583 ) ;
#608 = MECHANICAL_DESIGN_GEOMETRIC_PRESENTATION_REPRESENTATION (  '', ( #102 ), #3867 ) ;
#609 = CARTESIAN_POINT ( 'NONE',  ( -4.546273316738682624, 9.141661012341169013, -14.09210516711750394 ) ) ;
#610 = VECTOR ( 'NONE', #4, 1000.000000000000000 ) ;
#611 = CARTESIAN_POINT ( 'NONE',  ( 15.74999985846874750, -1.400061617786925172, -11.60526306185750478 ) ) ;
#612 = PRESENTATION_STYLE_ASSIGNMENT (( #2980 ) ) ;
#613 =( NAMED_UNIT ( * ) SI_UNIT ( $, .STERADIAN. ) SOLID_ANGLE_UNIT ( ) );
#614 = CARTESIAN_POINT ( 'NONE',  ( 4.545422110236033930, 9.141936537802878959, -14.09210516711750572 ) ) ;
#615 =( NAMED_UNIT ( * ) PLANE_ANGLE_UNIT ( ) SI_UNIT ( $, .RADIAN. ) );
#616 = EDGE_CURVE ( 'NONE', #5578, #6168, #5555, .T. ) ;
#617 = ORIENTED_EDGE ( 'NONE', *, *, #4996, .T. ) ;
#618 = SURFACE_STYLE_USAGE ( .BOTH. , #4709 ) ;
#619 = LINE ( 'NONE', #988, #1658 ) ;
#620 = DIRECTION ( 'NONE',  ( -0.000000000000000000, -0.000000000000000000, -1.000000000000000000 ) ) ;
#621 = DIRECTION ( 'NONE',  ( -2.989546126403734733E-16, -1.000000000000000000, 0.000000000000000000 ) ) ;
#622 = ADVANCED_FACE ( 'NONE', ( #3223 ), #1308, .T. ) ;
#623 = DIRECTION ( 'NONE',  ( -1.000000000000000000, -0.000000000000000000, -0.000000000000000000 ) ) ;
#624 = ORIENTED_EDGE ( 'NONE', *, *, #693, .T. ) ;
#625 = CARTESIAN_POINT ( 'NONE',  ( -7.994079061797913610, 8.547306803253071905, 14.09210535916249896 ) ) ;
#626 = STYLED_ITEM ( 'NONE', ( #4652 ), #1890 ) ;
#627 = EDGE_CURVE ( 'NONE', #2174, #6386, #5414, .T. ) ;
#628 = CARTESIAN_POINT ( 'NONE',  ( -13.96743036030252938, 17.68077415423068999, 1.873924873818262338 ) ) ;
#629 = COLOUR_RGB ( '',0.8392156862745098200, 0.4666666666666666741, 0.3686274509803921795 ) ;
#630 = VERTEX_POINT ( 'NONE', #4804 ) ;
#631 = PRESENTATION_LAYER_ASSIGNMENT (  '', '', ( #1576 ) ) ;
#632 = CARTESIAN_POINT ( 'NONE',  ( 7.875110076190956043, -1.437170827019724761, -0.3704351785902317284 ) ) ;
#633 = CIRCLE ( 'NONE', #4307, 5.802631576000000457 ) ;
#634 =( LENGTH_UNIT ( ) NAMED_UNIT ( * ) SI_UNIT ( .MILLI., .METRE. ) );
#635 = STYLED_ITEM ( 'NONE', ( #1835 ), #4678 ) ;
#636 = FILL_AREA_STYLE ('',( #1180 ) ) ;
#637 = CARTESIAN_POINT ( 'NONE',  ( 3.516925830957229326, 3.516925830957267074, -3.516925830957256860 ) ) ;
#638 = PRESENTATION_LAYER_ASSIGNMENT (  '', '', ( #3594 ) ) ;
#639 = FILL_AREA_STYLE ('',( #3640 ) ) ;
#640 = FILL_AREA_STYLE_COLOUR ( '', #629 ) ;
#641 = FACE_OUTER_BOUND ( 'NONE', #4099, .T. ) ;
#642 = SURFACE_STYLE_USAGE ( .BOTH. , #3584 ) ;
#643 = CARTESIAN_POINT ( 'NONE',  ( -18.23684224675127652, -13.00532477566700962, -11.60526306185750478 ) ) ;
#644 = FACE_OUTER_BOUND ( 'NONE', #510, .T. ) ;
#645 = ORIENTED_EDGE ( 'NONE', *, *, #4352, .T. ) ;
#646 = CARTESIAN_POINT ( 'NONE',  ( -7.551962149346632458, 20.42969097265322276, -2.233341840995213712 ) ) ;
#647 = PRESENTATION_LAYER_ASSIGNMENT (  '', '', ( #882 ) ) ;
#648 = FILL_AREA_STYLE ('',( #6020 ) ) ;
#649 = EDGE_LOOP ( 'NONE', ( #1968, #2685, #2410 ) ) ;
#650 = PRESENTATION_STYLE_ASSIGNMENT (( #1612 ) ) ;
#651 = DIRECTION ( 'NONE',  ( -0.000000000000000000, -0.000000000000000000, -1.000000000000000000 ) ) ;
#652 = AXIS2_PLACEMENT_3D ( 'NONE', #5592, #4128, #1122 ) ;
#653 = PLANE ( 'NONE',  #1946 ) ;
#654 = ORIENTED_EDGE ( 'NONE', *, *, #4557, .F. ) ;
#655 =( LENGTH_UNIT ( ) NAMED_UNIT ( * ) SI_UNIT ( .MILLI., .METRE. ) );
#656 = FILL_AREA_STYLE_COLOUR ( '', #5970 ) ;
#657 = CARTESIAN_POINT ( 'NONE',  ( 3.315789332168653569, -0.5711142493669201237, 7.142910228879830292 ) ) ;
#658 = EDGE_CURVE ( 'NONE', #1436, #990, #2318, .T. ) ;
#659 = STYLED_ITEM ( 'NONE', ( #4057 ), #4042 ) ;
#660 = CARTESIAN_POINT ( 'NONE',  ( -2.571712968749403583, 4.462138693165086600, -4.462138693165086600 ) ) ;
#661 = DIRECTION ( 'NONE',  ( -0.000000000000000000, -0.000000000000000000, -1.000000000000000000 ) ) ;
#662 = ORIENTED_EDGE ( 'NONE', *, *, #1808, .F. ) ;
#663 = AXIS2_PLACEMENT_3D ( 'NONE', #1227, #5650, #5220 ) ;
#664 = EDGE_LOOP ( 'NONE', ( #6335, #590, #1720, #4935 ) ) ;
#665 = EDGE_CURVE ( 'NONE', #1309, #2579, #328, .T. ) ;
#666 = AXIS2_PLACEMENT_3D ( 'NONE', #2406, #6402, #2370 ) ;
#667 = VECTOR ( 'NONE', #548, 1000.000000000000000 ) ;
#668 = VECTOR ( 'NONE', #2172, 1000.000000000000000 ) ;
#669 =( NAMED_UNIT ( * ) PLANE_ANGLE_UNIT ( ) SI_UNIT ( $, .RADIAN. ) );
#670 = FILL_AREA_STYLE_COLOUR ( '', #2175 ) ;
#671 = SURFACE_STYLE_USAGE ( .BOTH. , #5175 ) ;
#672 = ORIENTED_EDGE ( 'NONE', *, *, #6370, .F. ) ;
#673 = EDGE_CURVE ( 'NONE', #5763, #4144, #3226, .T. ) ;
#674 = CARTESIAN_POINT ( 'NONE',  ( 10.56907894200002040, 4.973684208000038964, 6.091006445296940059E-16 ) ) ;
#675 = CARTESIAN_POINT ( 'NONE',  ( -7.754979045532516935, 11.03414890851307639, -11.76996285329718539 ) ) ;
#676 = LINE ( 'NONE', #5676, #2440 ) ;
#677 = SURFACE_SIDE_STYLE ('',( #5184 ) ) ;
#678 = DIRECTION ( 'NONE',  ( -1.000000000000000000, -1.826024711554539830E-16, -0.000000000000000000 ) ) ;
#679 = CARTESIAN_POINT ( 'NONE',  ( -28.18421066779126960, -32.90006161774690696, 3.073819205801729293 ) ) ;
#680 = DIRECTION ( 'NONE',  ( -1.000000000000000000, 6.938893903907226800E-15, 0.000000000000000000 ) ) ;
#681 = DIRECTION ( 'NONE',  ( 0.000000000000000000, 0.000000000000000000, -1.000000000000000000 ) ) ;
#682 = ORIENTED_EDGE ( 'NONE', *, *, #41, .F. ) ;
#683 = PRESENTATION_STYLE_ASSIGNMENT (( #1291 ) ) ;
#684 = CARTESIAN_POINT ( 'NONE',  ( -0.3274351597932282365, 21.79418579057417205, 14.08920670630564409 ) ) ;
#685 = VERTEX_POINT ( 'NONE', #4178 ) ;
#686 = CARTESIAN_POINT ( 'NONE',  ( 28.18421038476875395, 21.81046469797308518, 9.602249693434565645E-08 ) ) ;
#687 = CARTESIAN_POINT ( 'NONE',  ( -0.3274351597932288471, 16.85305939485198579, -14.08920651426064907 ) ) ;
#688 = ORIENTED_EDGE ( 'NONE', *, *, #4273, .T. ) ;
#689 = CARTESIAN_POINT ( 'NONE',  ( 4.973684208000001661, 6.091006445296940059E-16, 6.217105260000000300 ) ) ;
#690 = CARTESIAN_POINT ( 'NONE',  ( -7.754979045532916615, 11.03414890851307462, 11.76996304534137394 ) ) ;
#691 = PRESENTATION_STYLE_ASSIGNMENT (( #6234 ) ) ;
#692 = DIRECTION ( 'NONE',  ( 0.04227677255002039447, 0.9128370604866283822, -0.4061295058289726145 ) ) ;
#693 = EDGE_CURVE ( 'NONE', #1296, #4144, #3762, .T. ) ;
#694 = ORIENTED_EDGE ( 'NONE', *, *, #2247, .F. ) ;
#695 =( NAMED_UNIT ( * ) PLANE_ANGLE_UNIT ( ) SI_UNIT ( $, .RADIAN. ) );
#696 = CIRCLE ( 'NONE', #4369, 5.802631576000000457 ) ;
#697 = SURFACE_SIDE_STYLE ('',( #5209 ) ) ;
#698 = CARTESIAN_POINT ( 'NONE',  ( -7.875000141501262263, 21.81046469797307807, 9.602249693439226973E-08 ) ) ;
#699 = EDGE_CURVE ( 'NONE', #5901, #2550, #3111, .T. ) ;
#700 = STYLED_ITEM ( 'NONE', ( #4865 ), #2514 ) ;
#701 = ORIENTED_EDGE ( 'NONE', *, *, #2405, .F. ) ;
#702 = DIRECTION ( 'NONE',  ( -1.000000000000000000, 0.000000000000000000, 0.000000000000000000 ) ) ;
#703 = MECHANICAL_DESIGN_GEOMETRIC_PRESENTATION_REPRESENTATION (  '', ( #6145 ), #1768 ) ;
#704 = CARTESIAN_POINT ( 'NONE',  ( -3.315789615191171436, 1.915727855893078369, -14.09210516711750394 ) ) ;
#705 =( BOUNDED_CURVE ( )  B_SPLINE_CURVE ( 3, ( #3815, #3286, #6109, #2336 ),
 .UNSPECIFIED., .F., .F. ) 
 B_SPLINE_CURVE_WITH_KNOTS ( ( 4, 4 ),
 ( 5.497787143782142394, 6.283185307179586232 ),
 .UNSPECIFIED. ) 
 CURVE ( )  GEOMETRIC_REPRESENTATION_ITEM ( )  RATIONAL_B_SPLINE_CURVE ( ( 1.000000000000000000, 0.9492530216741916771, 0.9492530216741916771, 1.000000000000000000 ) ) 
 REPRESENTATION_ITEM ( '' )  );
#706 = CARTESIAN_POINT ( 'NONE',  ( 1.250388572629825390, 17.16791182183480302, -7.776296561286603293 ) ) ;
#707 = CARTESIAN_POINT ( 'NONE',  ( -15.75000014149127381, -32.90006161774690696, 3.073819205801665344 ) ) ;
#708 = CARTESIAN_POINT ( 'NONE',  ( 7.513633906454765032, 20.12735562163571501, -2.359079874527672871 ) ) ;
#709 = ADVANCED_FACE ( 'NONE', ( #5429 ), #5942, .T. ) ;
#710 = VERTEX_POINT ( 'NONE', #5458 ) ;
#711 = CIRCLE ( 'NONE', #5012, 2.486842105259999158 ) ;
#712 = PRESENTATION_LAYER_ASSIGNMENT (  '', '', ( #6152 ) ) ;
#713 = CARTESIAN_POINT ( 'NONE',  ( -7.776357261825423528, 21.47954913099229302, -1.250008995972627046 ) ) ;
#714 = CARTESIAN_POINT ( 'NONE',  ( -0.8017870554703500074, 21.68328679135205306, 14.07008474700866429 ) ) ;
#715 = ORIENTED_EDGE ( 'NONE', *, *, #6359, .F. ) ;
#716 = FACE_OUTER_BOUND ( 'NONE', #3720, .T. ) ;
#717 = VERTEX_POINT ( 'NONE', #2383 ) ;
#718 = DIRECTION ( 'NONE',  ( -0.000000000000000000, -0.000000000000000000, -1.000000000000000000 ) ) ;
#719 = CARTESIAN_POINT ( 'NONE',  ( -2.486842246771262754, 19.15820084758001585, 7.472030699770620288 ) ) ;
#720 =( LENGTH_UNIT ( ) NAMED_UNIT ( * ) SI_UNIT ( .MILLI., .METRE. ) );
#721 = UNCERTAINTY_MEASURE_WITH_UNIT (LENGTH_MEASURE( 1.000000000000000082E-05 ), #3806, 'distance_accuracy_value', 'NONE');
#722 = CARTESIAN_POINT ( 'NONE',  ( -13.87382602644279928, 18.99909052746566474, 2.470913700404884672 ) ) ;
#723 = SHAPE_REPRESENTATION_RELATIONSHIP ( 'NONE' , 'NONE' ,  #3581, #4998 ) ;
#724 = ORIENTED_EDGE ( 'NONE', *, *, #242, .F. ) ;
#725 = ORIENTED_EDGE ( 'NONE', *, *, #5516, .T. ) ;
#726 = DIRECTION ( 'NONE',  ( -0.000000000000000000, -0.000000000000000000, -1.000000000000000000 ) ) ;
#727 = VECTOR ( 'NONE', #4345, 1000.000000000000000 ) ;
#728 = CARTESIAN_POINT ( 'NONE',  ( 4.942861551578729973, 10.30145748936228145, 14.09210535916249896 ) ) ;
#729 =( LENGTH_UNIT ( ) NAMED_UNIT ( * ) SI_UNIT ( .MILLI., .METRE. ) );
#730 = DIRECTION ( 'NONE',  ( 1.000000000000000000, -0.000000000000000000, -0.000000000000000000 ) ) ;
#731 = ORIENTED_EDGE ( 'NONE', *, *, #4154, .T. ) ;
#732 =( GEOMETRIC_REPRESENTATION_CONTEXT ( 3 ) GLOBAL_UNCERTAINTY_ASSIGNED_CONTEXT ( ( #5194 ) ) GLOBAL_UNIT_ASSIGNED_CONTEXT ( ( #3550, #3609, #4883 ) ) REPRESENTATION_CONTEXT ( 'NONE', 'WORKASPACE' ) );
#733 = SURFACE_SIDE_STYLE ('',( #1116 ) ) ;
#734 = VECTOR ( 'NONE', #1026, 1000.000000000000114 ) ;
#735 = LINE ( 'NONE', #3764, #6172 ) ;
#736 = FILL_AREA_STYLE ('',( #3638 ) ) ;
#737 = EDGE_CURVE ( 'NONE', #423, #3510, #4968, .T. ) ;
#738 = EDGE_CURVE ( 'NONE', #4061, #5825, #2298, .T. ) ;
#739 = PLANE ( 'NONE',  #4892 ) ;
#740 = DIRECTION ( 'NONE',  ( 1.000000000000000000, -0.000000000000000000, -0.000000000000000000 ) ) ;
#741 =( LENGTH_UNIT ( ) NAMED_UNIT ( * ) SI_UNIT ( .MILLI., .METRE. ) );
#742 = SPHERICAL_SURFACE ( 'NONE', #5667, 2.486842105260000491 ) ;
#743 = CARTESIAN_POINT ( 'NONE',  ( 7.570792089240509171, 18.06907353999265453, -2.171563403639978240 ) ) ;
#744 = ORIENTED_EDGE ( 'NONE', *, *, #2639, .T. ) ;
#745 = CARTESIAN_POINT ( 'NONE',  ( -7.835228985460036100, 21.68224802222216496, -0.8047339999547069578 ) ) ;
#746 = DIRECTION ( 'NONE',  ( 1.119176436114069332E-16, -1.000000000000000000, 0.000000000000000000 ) ) ;
#747 = ORIENTED_EDGE ( 'NONE', *, *, #436, .F. ) ;
#748 = DIRECTION ( 'NONE',  ( 1.000000000000000000, 0.000000000000000000, 0.000000000000000000 ) ) ;
#749 = AXIS2_PLACEMENT_3D ( 'NONE', #1156, #1191, #3135 ) ;
#750 = CARTESIAN_POINT ( 'NONE',  ( 2.359419918967205820, 20.12610143189398215, -13.89332765139931070 ) ) ;
#751 = PRESENTATION_LAYER_ASSIGNMENT (  '', '', ( #451 ) ) ;
#752 = FACE_OUTER_BOUND ( 'NONE', #3466, .T. ) ;
#753 = VERTEX_POINT ( 'NONE', #2832 ) ;
#754 = CARTESIAN_POINT ( 'NONE',  ( -0.8031324897331504342, 21.68284581553830037, -14.07000977478425696 ) ) ;
#755 = CARTESIAN_POINT ( 'NONE',  ( -28.18421066779126960, -21.70927214407692674, 9.602249662979534408E-08 ) ) ;
#756 = SURFACE_STYLE_FILL_AREA ( #5299 ) ;
#757 = PRESENTATION_LAYER_ASSIGNMENT (  '', '', ( #1301 ) ) ;
#758 = FACE_OUTER_BOUND ( 'NONE', #5431, .T. ) ;
#759 = CARTESIAN_POINT ( 'NONE',  ( -13.89326499842014151, 18.52221675804377554, 2.359789403979011713 ) ) ;
#760 = DIRECTION ( 'NONE',  ( 0.9156990849385021614, -0.3689922509688026708, 0.1591851267165558526 ) ) ;
#761 = SURFACE_STYLE_FILL_AREA ( #5302 ) ;
#762 = CARTESIAN_POINT ( 'NONE',  ( 5.158354263126658346, 11.03414890801088433, -13.13411002016612983 ) ) ;
#763 = ORIENTED_EDGE ( 'NONE', *, *, #182, .F. ) ;
#764 = AXIS2_PLACEMENT_3D ( 'NONE', #6089, #5087, #1516 ) ;
#765 = CIRCLE ( 'NONE', #252, 14.09210526314000234 ) ;
#766 = DIRECTION ( 'NONE',  ( 0.000000000000000000, -0.2648642316819835862, -0.9642857142857155228 ) ) ;
#767 = DIRECTION ( 'NONE',  ( 1.000000000000000000, -6.975607628275379072E-15, 0.000000000000000000 ) ) ;
#768 =( GEOMETRIC_REPRESENTATION_CONTEXT ( 3 ) GLOBAL_UNCERTAINTY_ASSIGNED_CONTEXT ( ( #6169 ) ) GLOBAL_UNIT_ASSIGNED_CONTEXT ( ( #5562, #2590, #4090 ) ) REPRESENTATION_CONTEXT ( 'NONE', 'WORKASPACE' ) );
#769 = FACE_OUTER_BOUND ( 'NONE', #1435, .T. ) ;
#770 = PRESENTATION_STYLE_ASSIGNMENT (( #671 ) ) ;
#771 = ORIENTED_EDGE ( 'NONE', *, *, #3425, .F. ) ;
#772 = SURFACE_SIDE_STYLE ('',( #5277 ) ) ;
#773 =( NAMED_UNIT ( * ) PLANE_ANGLE_UNIT ( ) SI_UNIT ( $, .RADIAN. ) );
#774 = CARTESIAN_POINT ( 'NONE',  ( -1.423472035677409986, 10.73677466619880327, -14.09210516711750572 ) ) ;
#775 = AXIS2_PLACEMENT_3D ( 'NONE', #4816, #344, #2912 ) ;
#776 = STYLED_ITEM ( 'NONE', ( #202 ), #2191 ) ;
#777 = CARTESIAN_POINT ( 'NONE',  ( -1.415112614726319400E-07, 25.12625417165307695, -14.09210516711750394 ) ) ;
#778 =( NAMED_UNIT ( * ) PLANE_ANGLE_UNIT ( ) SI_UNIT ( $, .RADIAN. ) );
#779 = CARTESIAN_POINT ( 'NONE',  ( -10.56907894200000086, -3.690174189475293707E-14, 0.000000000000000000 ) ) ;
#780 = SURFACE_STYLE_FILL_AREA ( #2290 ) ;
#781 =( LENGTH_UNIT ( ) NAMED_UNIT ( * ) SI_UNIT ( .MILLI., .METRE. ) );
#782 = EDGE_LOOP ( 'NONE', ( #6238, #5877, #4556, #1834 ) ) ;
#783 = EDGE_CURVE ( 'NONE', #6432, #140, #3897, .T. ) ;
#784 = FACE_OUTER_BOUND ( 'NONE', #664, .T. ) ;
#785 = UNCERTAINTY_MEASURE_WITH_UNIT (LENGTH_MEASURE( 1.000000000000000082E-05 ), #6127, 'distance_accuracy_value', 'NONE');
#786 = EDGE_LOOP ( 'NONE', ( #308, #4292 ) ) ;
#787 = DIRECTION ( 'NONE',  ( -1.000000000000000000, 0.000000000000000000, 0.000000000000000000 ) ) ;
#788 =( NAMED_UNIT ( * ) SI_UNIT ( $, .STERADIAN. ) SOLID_ANGLE_UNIT ( ) );
#789 = VERTEX_POINT ( 'NONE', #5127 ) ;
#790 = EDGE_CURVE ( 'NONE', #2692, #473, #2099, .T. ) ;
#791 = SURFACE_SIDE_STYLE ('',( #5296 ) ) ;
#792 = CARTESIAN_POINT ( 'NONE',  ( -0.6449603320930011874, 21.73085268022920502, -14.07823944741711841 ) ) ;
#793 = DIRECTION ( 'NONE',  ( -1.000000000000000000, -3.491481338843132961E-15, -0.000000000000000000 ) ) ;
#794 = UNCERTAINTY_MEASURE_WITH_UNIT (LENGTH_MEASURE( 1.000000000000000082E-05 ), #2625, 'distance_accuracy_value', 'NONE');
#795 = CIRCLE ( 'NONE', #3629, 14.92105263155999850 ) ;
#796 =( NAMED_UNIT ( * ) SI_UNIT ( $, .STERADIAN. ) SOLID_ANGLE_UNIT ( ) );
#797 = ORIENTED_EDGE ( 'NONE', *, *, #5941, .F. ) ;
#798 = ADVANCED_FACE ( 'NONE', ( #2517, #3570 ), #1891, .F. ) ;
#799 = CARTESIAN_POINT ( 'NONE',  ( -7.994079061797910057, 11.03414890851307462, 11.60526325390249802 ) ) ;
#800 = ORIENTED_EDGE ( 'NONE', *, *, #816, .T. ) ;
#801 = LINE ( 'NONE', #1830, #2420 ) ;
#802 = LINE ( 'NONE', #4829, #5577 ) ;
#803 = DIRECTION ( 'NONE',  ( -0.000000000000000000, -0.000000000000000000, -1.000000000000000000 ) ) ;
#804 = CYLINDRICAL_SURFACE ( 'NONE', #5583, 2.486842105260000046 ) ;
#805 = ORIENTED_EDGE ( 'NONE', *, *, #2674, .T. ) ;
#806 = CARTESIAN_POINT ( 'NONE',  ( 28.18421038476875395, -21.70927214407691963, 9.602249662979534408E-08 ) ) ;
#807 = CARTESIAN_POINT ( 'NONE',  ( -1.415112467382779879E-07, 16.83678048745288791, 7.875000096012557016 ) ) ;
#808 = FILL_AREA_STYLE_COLOUR ( '', #4683 ) ;
#809 =( GEOMETRIC_REPRESENTATION_CONTEXT ( 3 ) GLOBAL_UNCERTAINTY_ASSIGNED_CONTEXT ( ( #6022 ) ) GLOBAL_UNIT_ASSIGNED_CONTEXT ( ( #741, #395, #4354 ) ) REPRESENTATION_CONTEXT ( 'NONE', 'WORKASPACE' ) );
#810 = CARTESIAN_POINT ( 'NONE',  ( -6.587249971032985485, 8.656297229477722510, 14.09210535916249540 ) ) ;
#811 = CARTESIAN_POINT ( 'NONE',  ( 25.69736827950874769, -21.70927214407691963, 9.602249662979534408E-08 ) ) ;
#812 = SURFACE_STYLE_FILL_AREA ( #5315 ) ;
#813 = CARTESIAN_POINT ( 'NONE',  ( 6.242346117078037437, 8.716587642860744722, 14.09210535916249718 ) ) ;
#814 =( LENGTH_UNIT ( ) NAMED_UNIT ( * ) SI_UNIT ( .MILLI., .METRE. ) );
#815 = ORIENTED_EDGE ( 'NONE', *, *, #313, .F. ) ;
#816 = EDGE_CURVE ( 'NONE', #5875, #3862, #5394, .T. ) ;
#817 = TOROIDAL_SURFACE ( 'NONE', #3440, 9.947368421040001962, 2.486842105260000491 ) ;
#818 = DIRECTION ( 'NONE',  ( 0.000000000000000000, 1.000000000000000000, 0.000000000000000000 ) ) ;
#819 = VERTEX_POINT ( 'NONE', #3943 ) ;
#820 = CARTESIAN_POINT ( 'NONE',  ( 25.69736827950874414, -35.29808793353335261, -3.732494537280738545 ) ) ;
#821 = AXIS2_PLACEMENT_3D ( 'NONE', #5950, #4509, #602 ) ;
#822 = SURFACE_STYLE_USAGE ( .BOTH. , #1299 ) ;
#823 = LINE ( 'NONE', #5719, #3218 ) ;
#824 = DIRECTION ( 'NONE',  ( -1.826024711554539830E-16, -1.000000000000000000, 0.000000000000000000 ) ) ;
#825 = EDGE_CURVE ( 'NONE', #3116, #3620, #1955, .T. ) ;
#826 = DIRECTION ( 'NONE',  ( 1.743901907068845508E-16, -1.000000000000000000, 0.000000000000000000 ) ) ;
#827 = PRODUCT_DEFINITION_SHAPE ( 'NONE', 'NONE',  #6474 ) ;
#828 = ORIENTED_EDGE ( 'NONE', *, *, #1434, .T. ) ;
#829 = CARTESIAN_POINT ( 'NONE',  ( 6.243472390054630949, 8.716373700434843386, -14.09210516711750394 ) ) ;
#830 = VERTEX_POINT ( 'NONE', #439 ) ;
#831 = CARTESIAN_POINT ( 'NONE',  ( 0.3249820333721625820, 21.81046469797308163, 14.09210535916249896 ) ) ;
#832 = EDGE_CURVE ( 'NONE', #5176, #5573, #2056, .T. ) ;
#833 = ORIENTED_EDGE ( 'NONE', *, *, #6370, .T. ) ;
#834 = FACE_OUTER_BOUND ( 'NONE', #3828, .T. ) ;
#835 = PRESENTATION_LAYER_ASSIGNMENT (  '', '', ( #531 ) ) ;
#836 = CIRCLE ( 'NONE', #1685, 4.973684208000002549 ) ;
#837 = DIRECTION ( 'NONE',  ( -1.826024711554539830E-16, 1.000000000000000000, -0.000000000000000000 ) ) ;
#838 = PRESENTATION_STYLE_ASSIGNMENT (( #3904 ) ) ;
#839 = CARTESIAN_POINT ( 'NONE',  ( 4.462138693165094594, -2.571712968749385819, -4.462138693165086600 ) ) ;
#840 = CARTESIAN_POINT ( 'NONE',  ( 7.623820117517553285, 17.79370300567950380, -1.986866583370540118 ) ) ;
#841 = MECHANICAL_DESIGN_GEOMETRIC_PRESENTATION_REPRESENTATION (  '', ( #3781 ), #732 ) ;
#842 = AXIS2_PLACEMENT_3D ( 'NONE', #5283, #334, #1316 ) ;
#843 =( GEOMETRIC_REPRESENTATION_CONTEXT ( 3 ) GLOBAL_UNCERTAINTY_ASSIGNED_CONTEXT ( ( #5330 ) ) GLOBAL_UNIT_ASSIGNED_CONTEXT ( ( #1128, #2603, #3026 ) ) REPRESENTATION_CONTEXT ( 'NONE', 'WORKASPACE' ) );
#844 = DIRECTION ( 'NONE',  ( 0.000000000000000000, 1.000000000000000000, 0.000000000000000000 ) ) ;
#845 = DIRECTION ( 'NONE',  ( -1.000000000000000000, -3.491481338843132961E-15, -0.000000000000000000 ) ) ;
#846 = CARTESIAN_POINT ( 'NONE',  ( 14.08018002455888329, 21.74506873240012084, -0.6526641586218434599 ) ) ;
#847 = TOROIDAL_SURFACE ( 'NONE', #3043, 11.60526315788000140, 2.486842105260000491 ) ;
#848 = EDGE_LOOP ( 'NONE', ( #5681, #1920, #2277 ) ) ;
#849 = CARTESIAN_POINT ( 'NONE',  ( 1.106709050562471486, 21.55656393538071214, -7.798313338744843115 ) ) ;
#850 = PRESENTATION_LAYER_ASSIGNMENT (  '', '', ( #5648 ) ) ;
#851 = FACE_BOUND ( 'NONE', #1429, .T. ) ;
#852 = ORIENTED_EDGE ( 'NONE', *, *, #5435, .F. ) ;
#853 = PRESENTATION_LAYER_ASSIGNMENT (  '', '', ( #2029 ) ) ;
#854 = DIRECTION ( 'NONE',  ( 2.511218746179137728E-14, 0.000000000000000000, 1.000000000000000000 ) ) ;
#855 =( NAMED_UNIT ( * ) PLANE_ANGLE_UNIT ( ) SI_UNIT ( $, .RADIAN. ) );
#856 =( GEOMETRIC_REPRESENTATION_CONTEXT ( 3 ) GLOBAL_UNCERTAINTY_ASSIGNED_CONTEXT ( ( #1391 ) ) GLOBAL_UNIT_ASSIGNED_CONTEXT ( ( #814, #2075, #2560 ) ) REPRESENTATION_CONTEXT ( 'NONE', 'WORKASPACE' ) );
#857 = UNCERTAINTY_MEASURE_WITH_UNIT (LENGTH_MEASURE( 1.000000000000000082E-05 ), #4195, 'distance_accuracy_value', 'NONE');
#858 = CYLINDRICAL_SURFACE ( 'NONE', #4626, 12.43421052629999757 ) ;
#859 = SHAPE_DEFINITION_REPRESENTATION ( #6388, #5874 ) ;
#860 = ORIENTED_EDGE ( 'NONE', *, *, #910, .T. ) ;
#861 = CARTESIAN_POINT ( 'NONE',  ( 7.869816442219481623, 21.79419145379113232, 0.3279708624879349443 ) ) ;
#862 = EDGE_CURVE ( 'NONE', #2444, #5093, #892, .T. ) ;
#863 = ORIENTED_EDGE ( 'NONE', *, *, #2311, .T. ) ;
#864 = DIRECTION ( 'NONE',  ( -1.000000000000000000, -4.336808689942038444E-16, 0.000000000000000000 ) ) ;
#865 =( GEOMETRIC_REPRESENTATION_CONTEXT ( 3 ) GLOBAL_UNCERTAINTY_ASSIGNED_CONTEXT ( ( #4921 ) ) GLOBAL_UNIT_ASSIGNED_CONTEXT ( ( #4216, #5182, #4283 ) ) REPRESENTATION_CONTEXT ( 'NONE', 'WORKASPACE' ) );
#866 = SURFACE_SIDE_STYLE ('',( #1869 ) ) ;
#867 = CARTESIAN_POINT ( 'NONE',  ( -7.477596497111062668, 19.65304984951787048, 2.470285137272327347 ) ) ;
#868 = PRESENTATION_LAYER_ASSIGNMENT (  '', '', ( #2551 ) ) ;
#869 = PRESENTATION_LAYER_ASSIGNMENT (  '', '', ( #4218 ) ) ;
#870 = ADVANCED_FACE ( 'NONE', ( #4882 ), #5186, .T. ) ;
#871 = ORIENTED_EDGE ( 'NONE', *, *, #4985, .F. ) ;
#872 = SURFACE_SIDE_STYLE ('',( #3829 ) ) ;
#873 = FILL_AREA_STYLE ('',( #1874 ) ) ;
#874 = CARTESIAN_POINT ( 'NONE',  ( -6.217139049242262239, -0.9118295446106732260, 4.847654180365037924 ) ) ;
#875 = PRESENTATION_LAYER_ASSIGNMENT (  '', '', ( #5670 ) ) ;
#876 = LINE ( 'NONE', #5850, #3431 ) ;
#877 = AXIS2_PLACEMENT_3D ( 'NONE', #5616, #1149, #3163 ) ;
#878 =( NAMED_UNIT ( * ) SI_UNIT ( $, .STERADIAN. ) SOLID_ANGLE_UNIT ( ) );
#879 =( NAMED_UNIT ( * ) PLANE_ANGLE_UNIT ( ) SI_UNIT ( $, .RADIAN. ) );
#880 = SURFACE_STYLE_FILL_AREA ( #2775 ) ;
#881 = SURFACE_SIDE_STYLE ('',( #4419 ) ) ;
#882 = STYLED_ITEM ( 'NONE', ( #3092 ), #578 ) ;
#883 = FACE_OUTER_BOUND ( 'NONE', #2655, .T. ) ;
#884 =( GEOMETRIC_REPRESENTATION_CONTEXT ( 3 ) GLOBAL_UNCERTAINTY_ASSIGNED_CONTEXT ( ( #2373 ) ) GLOBAL_UNIT_ASSIGNED_CONTEXT ( ( #5243, #1762, #6209 ) ) REPRESENTATION_CONTEXT ( 'NONE', 'WORKASPACE' ) );
#885 =( GEOMETRIC_REPRESENTATION_CONTEXT ( 3 ) GLOBAL_UNCERTAINTY_ASSIGNED_CONTEXT ( ( #3626 ) ) GLOBAL_UNIT_ASSIGNED_CONTEXT ( ( #2435, #5445, #1484 ) ) REPRESENTATION_CONTEXT ( 'NONE', 'WORKASPACE' ) );
#886 = SURFACE_STYLE_USAGE ( .BOTH. , #4944 ) ;
#887 =( GEOMETRIC_REPRESENTATION_CONTEXT ( 3 ) GLOBAL_UNCERTAINTY_ASSIGNED_CONTEXT ( ( #2818 ) ) GLOBAL_UNIT_ASSIGNED_CONTEXT ( ( #1524, #4532, #5063 ) ) REPRESENTATION_CONTEXT ( 'NONE', 'WORKASPACE' ) );
#888 =( LENGTH_UNIT ( ) NAMED_UNIT ( * ) SI_UNIT ( .MILLI., .METRE. ) );
#889 =( NAMED_UNIT ( * ) SI_UNIT ( $, .STERADIAN. ) SOLID_ANGLE_UNIT ( ) );
#890 = ORIENTED_EDGE ( 'NONE', *, *, #2394, .F. ) ;
#891 =( BOUNDED_SURFACE ( )  B_SPLINE_SURFACE ( 3, 2, ( 
 ( #5728, #5635, #6243 ),
 ( #1277, #5131, #4599 ),
 ( #6205, #3257, #3735 ),
 ( #183, #6171, #2612 ),
 ( #1692, #1240, #1177 ),
 ( #1139, #3221, #5241 ),
 ( #5605, #728, #1625 ),
 ( #4734, #130, #1794 ),
 ( #3790, #2830, #494 ),
 ( #2281, #3531, #2859 ),
 ( #4864, #5306, #4004 ),
 ( #4801, #1368, #18 ) ),
 .UNSPECIFIED., .F., .F., .F. ) 
 B_SPLINE_SURFACE_WITH_KNOTS ( ( 4, 2, 2, 2, 2, 4 ),
 ( 3, 3 ),
 ( 0.005059068415881176617, 0.006119126295483542921, 0.007179184175085909225, 0.009299299934290641834, 0.01141941569349537444, 0.01353953145270010532 ),
 ( 0.000000000000000000, 1.000000000000000000 ),
 .UNSPECIFIED. ) 
 GEOMETRIC_REPRESENTATION_ITEM ( )  RATIONAL_B_SPLINE_SURFACE ( (
 ( 1.000000000000000000, 0.7071067811865487940, 1.000000000000000000),
 ( 1.000000000000000000, 0.7305314327748557712, 1.000000000000000000),
 ( 1.000000000000000000, 0.7528742600245538208, 1.000000000000000000),
 ( 1.000000000000000000, 0.7945085820107838925, 1.000000000000000000),
 ( 1.000000000000000000, 0.8139225236494219695, 1.000000000000000000),
 ( 1.000000000000000000, 0.8681225655718789458, 1.000000000000000000),
 ( 1.000000000000000000, 0.8988959677839941653, 1.000000000000000000),
 ( 1.000000000000000000, 0.9489655934737805110, 1.000000000000000000),
 ( 1.000000000000000000, 0.9680087867991121753, 1.000000000000000000),
 ( 1.000000000000000000, 0.9935379408471932683, 1.000000000000000000),
 ( 1.000000000000000000, 1.000008560896346266, 1.000000000000000000),
 ( 1.000000000000000000, 1.000000000000000000, 1.000000000000000000) ) ) 
 REPRESENTATION_ITEM ( '' )  SURFACE ( )  );
#892 = LINE ( 'NONE', #3846, #4342 ) ;
#893 = FILL_AREA_STYLE ('',( #2104 ) ) ;
#894 =( LENGTH_UNIT ( ) NAMED_UNIT ( * ) SI_UNIT ( .MILLI., .METRE. ) );
#895 = DIRECTION ( 'NONE',  ( 0.000000000000000000, 0.000000000000000000, -1.000000000000000000 ) ) ;
#896 =( NAMED_UNIT ( * ) SI_UNIT ( $, .STERADIAN. ) SOLID_ANGLE_UNIT ( ) );
#897 = FILL_AREA_STYLE_COLOUR ( '', #30 ) ;
#898 = EDGE_LOOP ( 'NONE', ( #46, #1705, #1640, #6319 ) ) ;
#899 = CARTESIAN_POINT ( 'NONE',  ( -6.424342101999998889, -10.56907894200000086, -6.217105260000000300 ) ) ;
#900 = ORIENTED_EDGE ( 'NONE', *, *, #2477, .F. ) ;
#901 =( LENGTH_UNIT ( ) NAMED_UNIT ( * ) SI_UNIT ( .MILLI., .METRE. ) );
#902 = FILL_AREA_STYLE ('',( #932 ) ) ;
#903 = EDGE_CURVE ( 'NONE', #1278, #2151, #3349, .T. ) ;
#904 = DIRECTION ( 'NONE',  ( -1.000000000000000000, -0.000000000000000000, -0.000000000000000000 ) ) ;
#905 = CARTESIAN_POINT ( 'NONE',  ( -7.798314603262468836, 17.09067768546591637, 1.106701931824832563 ) ) ;
#906 = ORIENTED_EDGE ( 'NONE', *, *, #658, .T. ) ;
#907 = CARTESIAN_POINT ( 'NONE',  ( 3.315789332168654902, -0.5711142493669202347, -7.142910036834836163 ) ) ;
#908 = CARTESIAN_POINT ( 'NONE',  ( 4.462138693165086600, 4.462138693165103476, 2.571712968749402251 ) ) ;
#909 = CARTESIAN_POINT ( 'NONE',  ( -7.848888104509756936, -1.426730199715487091, 0.7426476712401335334 ) ) ;
#910 = EDGE_CURVE ( 'NONE', #5627, #3356, #4479, .T. ) ;
#911 = DIRECTION ( 'NONE',  ( -0.7071067811865475727, 0.7071067811865475727, 0.000000000000000000 ) ) ;
#912 = CARTESIAN_POINT ( 'NONE',  ( 1.336732849063833273, -4.973684208000001661, 4.973684208000001661 ) ) ;
#913 = CYLINDRICAL_SURFACE ( 'NONE', #1503, 4.973684208000001661 ) ;
#914 = EDGE_CURVE ( 'NONE', #2036, #4805, #6006, .T. ) ;
#915 = SURFACE_SIDE_STYLE ('',( #5860 ) ) ;
#916 = ORIENTED_EDGE ( 'NONE', *, *, #3149, .F. ) ;
#917 = STYLED_ITEM ( 'NONE', ( #2606 ), #5403 ) ;
#918 = AXIS2_PLACEMENT_3D ( 'NONE', #4285, #2739, #333 ) ;
#919 = DIRECTION ( 'NONE',  ( 1.000000000000000000, -0.000000000000000000, -0.000000000000000000 ) ) ;
#920 =( NAMED_UNIT ( * ) SI_UNIT ( $, .STERADIAN. ) SOLID_ANGLE_UNIT ( ) );
#921 = PLANE ( 'NONE',  #2423 ) ;
#922 = PRESENTATION_LAYER_ASSIGNMENT (  '', '', ( #5620 ) ) ;
#923 = UNCERTAINTY_MEASURE_WITH_UNIT (LENGTH_MEASURE( 1.000000000000000082E-05 ), #104, 'distance_accuracy_value', 'NONE');
#924 = ORIENTED_EDGE ( 'NONE', *, *, #3875, .F. ) ;
#925 = MECHANICAL_DESIGN_GEOMETRIC_PRESENTATION_REPRESENTATION (  '', ( #1034 ), #189 ) ;
#926 =( NAMED_UNIT ( * ) PLANE_ANGLE_UNIT ( ) SI_UNIT ( $, .RADIAN. ) );
#927 = APPLICATION_PROTOCOL_DEFINITION ( 'draft international standard', 'automotive_design', 1998, #2382 ) ;
#928 = PRESENTATION_LAYER_ASSIGNMENT (  '', '', ( #1772 ) ) ;
#929 = CARTESIAN_POINT ( 'NONE',  ( 7.798636476299067866, 21.55768525439744110, 1.104389024626430293 ) ) ;
#930 = ORIENTED_EDGE ( 'NONE', *, *, #5079, .F. ) ;
#931 = CARTESIAN_POINT ( 'NONE',  ( 1.643204292316899240, 17.44997593778426648, -13.99645198520503442 ) ) ;
#932 = FILL_AREA_STYLE_COLOUR ( '', #4397 ) ;
#933 = CIRCLE ( 'NONE', #5422, 14.09210526314000234 ) ;
#934 = CARTESIAN_POINT ( 'NONE',  ( -7.875000141501262263, 16.83678048745307265, 9.602249587353816339E-08 ) ) ;
#935 = ORIENTED_EDGE ( 'NONE', *, *, #3697, .T. ) ;
#936 = ORIENTED_EDGE ( 'NONE', *, *, #1975, .T. ) ;
#937 =( NAMED_UNIT ( * ) SI_UNIT ( $, .STERADIAN. ) SOLID_ANGLE_UNIT ( ) );
#938 = CARTESIAN_POINT ( 'NONE',  ( -7.875110359213477906, -1.437170827019724317, 0.3704353706352255249 ) ) ;
#939 = DIRECTION ( 'NONE',  ( -0.000000000000000000, -0.000000000000000000, -1.000000000000000000 ) ) ;
#940 = DIRECTION ( 'NONE',  ( 1.000000000000000000, 0.000000000000000000, 0.000000000000000000 ) ) ;
#941 = CARTESIAN_POINT ( 'NONE',  ( 6.424342101999999777, -10.56907894200000086, 6.217105260000000300 ) ) ;
#942 = CARTESIAN_POINT ( 'NONE',  ( 13.99630595884621442, 17.45107368351434474, 1.644430284607050208 ) ) ;
#943 = EDGE_CURVE ( 'NONE', #3276, #6159, #6371, .T. ) ;
#944 =( NAMED_UNIT ( * ) SI_UNIT ( $, .STERADIAN. ) SOLID_ANGLE_UNIT ( ) );
#945 = SURFACE_SIDE_STYLE ('',( #1948 ) ) ;
#946 = CARTESIAN_POINT ( 'NONE',  ( 6.091006445296940059E-16, -10.56907894200000086, -4.973684208000001661 ) ) ;
#947 = CARTESIAN_POINT ( 'NONE',  ( 15.74999985846874750, -1.400061617786925172, 14.09210535916249896 ) ) ;
#948 = MECHANICAL_DESIGN_GEOMETRIC_PRESENTATION_REPRESENTATION (  '', ( #3884 ), #3577 ) ;
#949 = COLOUR_RGB ( '',0.8392156862745098200, 0.4666666666666666741, 0.3686274509803921795 ) ;
#950 = PLANE ( 'NONE',  #4111 ) ;
#951 = AXIS2_PLACEMENT_3D ( 'NONE', #5115, #620, #51 ) ;
#952 = ORIENTED_EDGE ( 'NONE', *, *, #4964, .T. ) ;
#953 = EDGE_CURVE ( 'NONE', #5763, #1296, #3758, .T. ) ;
#954 = MECHANICAL_DESIGN_GEOMETRIC_PRESENTATION_REPRESENTATION (  '', ( #1279 ), #4715 ) ;
#955 = CARTESIAN_POINT ( 'NONE',  ( -3.516925830957249755, 3.516925830957236876, -3.516925830957236876 ) ) ;
#956 = MECHANICAL_DESIGN_GEOMETRIC_PRESENTATION_REPRESENTATION (  '', ( #128 ), #4932 ) ;
#957 =( NAMED_UNIT ( * ) SI_UNIT ( $, .STERADIAN. ) SOLID_ANGLE_UNIT ( ) );
#958 = DIRECTION ( 'NONE',  ( -0.000000000000000000, 1.000000000000000000, -0.000000000000000000 ) ) ;
#959 = CARTESIAN_POINT ( 'NONE',  ( 7.869879400087582688, 21.79439280128835676, -0.3267380873348534887 ) ) ;
#960 = VERTEX_POINT ( 'NONE', #820 ) ;
#961 = FILL_AREA_STYLE ('',( #499 ) ) ;
#962 = ORIENTED_EDGE ( 'NONE', *, *, #3894, .T. ) ;
#963 = FACE_OUTER_BOUND ( 'NONE', #3172, .T. ) ;
#964 = SURFACE_SIDE_STYLE ('',( #1431 ) ) ;
#965 = PRESENTATION_STYLE_ASSIGNMENT (( #5427 ) ) ;
#966 = SHAPE_REPRESENTATION_RELATIONSHIP ( 'NONE' , 'NONE' ,  #68, #5403 ) ;
#967 = CARTESIAN_POINT ( 'NONE',  ( -7.849839048788120444, 21.72979637997462632, 0.6494544589627891940 ) ) ;
#968 = CARTESIAN_POINT ( 'NONE',  ( -1.415112605082225667E-07, 21.81046469797307807, 7.875000096012498396 ) ) ;
#969 = CIRCLE ( 'NONE', #5162, 2.486842105260000046 ) ;
#970 = ORIENTED_EDGE ( 'NONE', *, *, #2319, .F. ) ;
#971 = FILL_AREA_STYLE_COLOUR ( '', #228 ) ;
#972 = CARTESIAN_POINT ( 'NONE',  ( 10.56907894200005593, -4.973684207999964357, 0.000000000000000000 ) ) ;
#973 = STYLED_ITEM ( 'NONE', ( #3072 ), #3994 ) ;
#974 = DIRECTION ( 'NONE',  ( 0.000000000000000000, 0.000000000000000000, 1.000000000000000000 ) ) ;
#975 =( NAMED_UNIT ( * ) PLANE_ANGLE_UNIT ( ) SI_UNIT ( $, .RADIAN. ) );
#976 = CIRCLE ( 'NONE', #3390, 11.60526315788000140 ) ;
#977 = CARTESIAN_POINT ( 'NONE',  ( -7.639575450846263216, 8.547306803253073682, -14.09210516711750749 ) ) ;
#978 = MECHANICAL_DESIGN_GEOMETRIC_PRESENTATION_REPRESENTATION (  '', ( #3509 ), #4222 ) ;
#979 = CARTESIAN_POINT ( 'NONE',  ( -1.529757662393278039, 21.31060145479449375, 7.728529373379143586 ) ) ;
#980 =( NAMED_UNIT ( * ) SI_UNIT ( $, .STERADIAN. ) SOLID_ANGLE_UNIT ( ) );
#981 = CARTESIAN_POINT ( 'NONE',  ( 1.530560782408266540, 21.31016086637646012, -14.01063461472850946 ) ) ;
#982 = PRESENTATION_STYLE_ASSIGNMENT (( #3483 ) ) ;
#983 = EDGE_CURVE ( 'NONE', #2927, #5176, #347, .T. ) ;
#984 = AXIS2_PLACEMENT_3D ( 'NONE', #4560, #3140, #1160 ) ;
#985 = MECHANICAL_DESIGN_GEOMETRIC_PRESENTATION_REPRESENTATION (  '', ( #259 ), #2141 ) ;
#986 = VERTEX_POINT ( 'NONE', #6342 ) ;
#987 = FACE_OUTER_BOUND ( 'NONE', #4881, .T. ) ;
#988 = CARTESIAN_POINT ( 'NONE',  ( -1.415112605082225667E-07, 27.61309627691307966, 7.875000096012498396 ) ) ;
#989 = UNCERTAINTY_MEASURE_WITH_UNIT (LENGTH_MEASURE( 1.000000000000000082E-05 ), #5339, 'distance_accuracy_value', 'NONE');
#990 = VERTEX_POINT ( 'NONE', #525 ) ;
#991 = CARTESIAN_POINT ( 'NONE',  ( -4.003037351352937812, -0.5711142493669156828, -6.823884770243116016 ) ) ;
#992 = UNCERTAINTY_MEASURE_WITH_UNIT (LENGTH_MEASURE( 1.000000000000000082E-05 ), #562, 'distance_accuracy_value', 'NONE');
#993 = VECTOR ( 'NONE', #1564, 1000.000000000000000 ) ;
#994 =( LENGTH_UNIT ( ) NAMED_UNIT ( * ) SI_UNIT ( .MILLI., .METRE. ) );
#995 = EDGE_CURVE ( 'NONE', #5825, #57, #619, .T. ) ;
#996 = DIRECTION ( 'NONE',  ( 0.000000000000000000, 0.000000000000000000, 1.000000000000000000 ) ) ;
#997 = CARTESIAN_POINT ( 'NONE',  ( 7.776295208660669367, 21.47932869505906339, -1.250396810122802460 ) ) ;
#998 = ORIENTED_EDGE ( 'NONE', *, *, #544, .T. ) ;
#999 = VECTOR ( 'NONE', #4408, 1000.000000000000114 ) ;
#1000 =( NAMED_UNIT ( * ) PLANE_ANGLE_UNIT ( ) SI_UNIT ( $, .RADIAN. ) );
#1001 = VERTEX_POINT ( 'NONE', #4064 ) ;
#1002 = CARTESIAN_POINT ( 'NONE',  ( 1.872577518520221140, 17.67920004785744581, -13.96761403741496643 ) ) ;
#1003 = SURFACE_SIDE_STYLE ('',( #1993 ) ) ;
#1004 = SURFACE_SIDE_STYLE ('',( #1901 ) ) ;
#1005 = ADVANCED_FACE ( 'NONE', ( #2108 ), #6125, .T. ) ;
#1006 =( NAMED_UNIT ( * ) SI_UNIT ( $, .STERADIAN. ) SOLID_ANGLE_UNIT ( ) );
#1007 = FILL_AREA_STYLE_COLOUR ( '', #1212 ) ;
#1008 = EDGE_LOOP ( 'NONE', ( #6060, #4226 ) ) ;
#1009 = CARTESIAN_POINT ( 'NONE',  ( 0.000000000000000000, -10.56907894200000086, 4.973684208000001661 ) ) ;
#1010 = DIRECTION ( 'NONE',  ( 0.000000000000000000, 0.000000000000000000, 1.000000000000000000 ) ) ;
#1011 =( NAMED_UNIT ( * ) SI_UNIT ( $, .STERADIAN. ) SOLID_ANGLE_UNIT ( ) );
#1012 = CARTESIAN_POINT ( 'NONE',  ( -3.516925830957258636, 3.516925830957219556, 3.516925830957230215 ) ) ;
#1013 =( NAMED_UNIT ( * ) SI_UNIT ( $, .STERADIAN. ) SOLID_ANGLE_UNIT ( ) );
#1014 =( LENGTH_UNIT ( ) NAMED_UNIT ( * ) SI_UNIT ( .MILLI., .METRE. ) );
#1015 = SURFACE_SIDE_STYLE ('',( #4475 ) ) ;
#1016 = PRESENTATION_STYLE_ASSIGNMENT (( #1565 ) ) ;
#1017 = CARTESIAN_POINT ( 'NONE',  ( 14.06985102452073022, 16.96535412153850686, -0.8057133931404739657 ) ) ;
#1018 = CARTESIAN_POINT ( 'NONE',  ( -11.65277442522542906, 25.08385369952541311, 1.861560328787486385E-17 ) ) ;
#1019 = CARTESIAN_POINT ( 'NONE',  ( -1.253875730813359013, 21.49550528718469167, 7.780371985176960159 ) ) ;
#1020 =( NAMED_UNIT ( * ) SI_UNIT ( $, .STERADIAN. ) SOLID_ANGLE_UNIT ( ) );
#1021 = ORIENTED_EDGE ( 'NONE', *, *, #1505, .F. ) ;
#1022 = CARTESIAN_POINT ( 'NONE',  ( -7.728406941733174662, 17.34761678160593235, -1.518583937470755041 ) ) ;
#1023 = EDGE_CURVE ( 'NONE', #3592, #4805, #3020, .T. ) ;
#1024 = ORIENTED_EDGE ( 'NONE', *, *, #2012, .T. ) ;
#1025 = SURFACE_STYLE_FILL_AREA ( #5597 ) ;
#1026 = DIRECTION ( 'NONE',  ( -0.7071067811865474617, 0.7071067811865474617, -0.000000000000000000 ) ) ;
#1027 = STYLED_ITEM ( 'NONE', ( #3731 ), #4998 ) ;
#1028 = AXIS2_PLACEMENT_3D ( 'NONE', #2619, #958, #227 ) ;
#1029 = VERTEX_POINT ( 'NONE', #492 ) ;
#1030 = VERTEX_POINT ( 'NONE', #3588 ) ;
#1031 = PRESENTATION_STYLE_ASSIGNMENT (( #5028 ) ) ;
#1032 = EDGE_CURVE ( 'NONE', #1126, #358, #711, .T. ) ;
#1033 = ADVANCED_FACE ( 'NONE', ( #2057 ), #5021, .T. ) ;
#1034 = STYLED_ITEM ( 'NONE', ( #5130 ), #1673 ) ;
#1035 =( GEOMETRIC_REPRESENTATION_CONTEXT ( 3 ) GLOBAL_UNCERTAINTY_ASSIGNED_CONTEXT ( ( #3017 ) ) GLOBAL_UNIT_ASSIGNED_CONTEXT ( ( #2515, #5455, #3503 ) ) REPRESENTATION_CONTEXT ( 'NONE', 'WORKASPACE' ) );
#1036 = FILL_AREA_STYLE_COLOUR ( '', #6255 ) ;
#1037 = DIRECTION ( 'NONE',  ( -1.000000000000000000, 0.000000000000000000, 0.000000000000000000 ) ) ;
#1038 = VECTOR ( 'NONE', #4334, 1000.000000000000000 ) ;
#1039 = CIRCLE ( 'NONE', #508, 2.486842105260000935 ) ;
#1040 = ORIENTED_EDGE ( 'NONE', *, *, #4508, .F. ) ;
#1041 = EDGE_CURVE ( 'NONE', #5594, #5710, #1887, .T. ) ;
#1042 = DIRECTION ( 'NONE',  ( 0.000000000000000000, -1.000000000000000000, 0.000000000000000000 ) ) ;
#1043 = CARTESIAN_POINT ( 'NONE',  ( 3.315789332168654457, 1.915727855893079923, -11.60526306185750478 ) ) ;
#1044 =( NAMED_UNIT ( * ) PLANE_ANGLE_UNIT ( ) SI_UNIT ( $, .RADIAN. ) );
#1045 = CARTESIAN_POINT ( 'NONE',  ( -0.8045019219395477261, 16.96492133777602618, -7.835251842873631745 ) ) ;
#1046 = SURFACE_STYLE_USAGE ( .BOTH. , #5530 ) ;
#1047 = DIRECTION ( 'NONE',  ( 1.000000000000000000, 1.792252570843385605E-16, -4.922852149771088042E-17 ) ) ;
#1048 = CARTESIAN_POINT ( 'NONE',  ( -7.994079061797901176, 8.547306803252972429, -11.60526306185750478 ) ) ;
#1049 = PRESENTATION_STYLE_ASSIGNMENT (( #5047 ) ) ;
#1050 = PLANE ( 'NONE',  #3922 ) ;
#1051 = SURFACE_SIDE_STYLE ('',( #1089 ) ) ;
#1052 = CARTESIAN_POINT ( 'NONE',  ( -14.03750650774077791, 17.16572868532131579, -1.246700206950253964 ) ) ;
#1053 = CARTESIAN_POINT ( 'NONE',  ( -1.415112614726319400E-07, 11.03414890851307462, 9.602249662979534408E-08 ) ) ;
#1054 = ORIENTED_EDGE ( 'NONE', *, *, #3094, .F. ) ;
#1055 = DIRECTION ( 'NONE',  ( -1.000000000000000000, -1.826024711554539830E-16, -0.000000000000000000 ) ) ;
#1056 = FILL_AREA_STYLE ('',( #3529 ) ) ;
#1057 = SURFACE_STYLE_FILL_AREA ( #648 ) ;
#1058 = CARTESIAN_POINT ( 'NONE',  ( -18.23684224675127297, -21.70927214407692674, 11.60526325390249980 ) ) ;
#1059 = PRESENTATION_LAYER_ASSIGNMENT (  '', '', ( #4498 ) ) ;
#1060 = ORIENTED_EDGE ( 'NONE', *, *, #5698, .T. ) ;
#1061 = UNCERTAINTY_MEASURE_WITH_UNIT (LENGTH_MEASURE( 1.000000000000000082E-05 ), #4926, 'distance_accuracy_value', 'NONE');
#1062 = COLOUR_RGB ( '',0.8392156862745098200, 0.4666666666666666741, 0.3686274509803921795 ) ;
#1063 = CARTESIAN_POINT ( 'NONE',  ( 18.23684196372877153, -35.38690372300692388, -3.073819013756638796 ) ) ;
#1064 = VECTOR ( 'NONE', #5245, 1000.000000000000000 ) ;
#1065 = ORIENTED_EDGE ( 'NONE', *, *, #1996, .T. ) ;
#1066 = STYLED_ITEM ( 'NONE', ( #87 ), #5111 ) ;
#1067 = AXIS2_PLACEMENT_3D ( 'NONE', #5736, #1284, #3266 ) ;
#1068 = STYLED_ITEM ( 'NONE', ( #1164 ), #2042 ) ;
#1069 = ORIENTED_EDGE ( 'NONE', *, *, #4625, .F. ) ;
#1070 = PRESENTATION_STYLE_ASSIGNMENT (( #26 ) ) ;
#1071 = CARTESIAN_POINT ( 'NONE',  ( -7.498667850415174918, 11.03414890839586171, 11.93544773292530081 ) ) ;
#1072 = STYLED_ITEM ( 'NONE', ( #2481 ), #4767 ) ;
#1073 = PRODUCT_RELATED_PRODUCT_CATEGORY ( 'part', '', ( #2810 ) ) ;
#1074 = ADVANCED_FACE ( 'NONE', ( #5478 ), #1543, .F. ) ;
#1075 = ORIENTED_EDGE ( 'NONE', *, *, #5549, .F. ) ;
#1076 = CARTESIAN_POINT ( 'NONE',  ( -25.69736856253126689, -32.90006161774692117, 3.073819205801665344 ) ) ;
#1077 = SURFACE_STYLE_FILL_AREA ( #5551 ) ;
#1078 = COLOUR_RGB ( '',0.5372549019607842924, 0.3490196078431372362, 0.3372549019607843368 ) ;
#1079 = CARTESIAN_POINT ( 'NONE',  ( -4.462138693165096370, 2.571712968749380490, 4.462138693165087489 ) ) ;
#1080 = SURFACE_SIDE_STYLE ('',( #2583 ) ) ;
#1081 =( LENGTH_UNIT ( ) NAMED_UNIT ( * ) SI_UNIT ( .MILLI., .METRE. ) );
#1082 = FILL_AREA_STYLE ('',( #6013 ) ) ;
#1083 = ADVANCED_FACE ( 'NONE', ( #784 ), #4682, .F. ) ;
#1084 = PRESENTATION_STYLE_ASSIGNMENT (( #3004 ) ) ;
#1085 = CARTESIAN_POINT ( 'NONE',  ( 0.3270722130854827880, 16.85295474062935739, 14.08922461987745045 ) ) ;
#1086 = CARTESIAN_POINT ( 'NONE',  ( 14.01079707520623607, 21.30034258057667529, -1.517739320113248747 ) ) ;
#1087 =( NAMED_UNIT ( * ) SI_UNIT ( $, .STERADIAN. ) SOLID_ANGLE_UNIT ( ) );
#1088 =( NAMED_UNIT ( * ) PLANE_ANGLE_UNIT ( ) SI_UNIT ( $, .RADIAN. ) );
#1089 = SURFACE_STYLE_FILL_AREA ( #3524 ) ;
#1090 = CARTESIAN_POINT ( 'NONE',  ( -14.07007441147333893, 21.68322567020734937, -0.8019750545699200206 ) ) ;
#1091 = CARTESIAN_POINT ( 'NONE',  ( -25.69736856253127399, -35.29808793353335261, -3.732494537280779845 ) ) ;
#1092 = EDGE_CURVE ( 'NONE', #1886, #172, #5565, .T. ) ;
#1093 = VERTEX_POINT ( 'NONE', #1775 ) ;
#1094 = STYLED_ITEM ( 'NONE', ( #4385 ), #5542 ) ;
#1095 = AXIS2_PLACEMENT_3D ( 'NONE', #462, #521, #4481 ) ;
#1096 = FILL_AREA_STYLE ('',( #5567 ) ) ;
#1097 =( LENGTH_UNIT ( ) NAMED_UNIT ( * ) SI_UNIT ( .MILLI., .METRE. ) );
#1098 =( LENGTH_UNIT ( ) NAMED_UNIT ( * ) SI_UNIT ( .MILLI., .METRE. ) );
#1099 = DIRECTION ( 'NONE',  ( -1.000000000000000000, 0.000000000000000000, 0.000000000000000000 ) ) ;
#1100 = COLOUR_RGB ( '',0.5372549019607842924, 0.3490196078431372362, 0.3372549019607843368 ) ;
#1101 =( LENGTH_UNIT ( ) NAMED_UNIT ( * ) SI_UNIT ( .MILLI., .METRE. ) );
#1102 = ORIENTED_EDGE ( 'NONE', *, *, #2183, .T. ) ;
#1103 = ORIENTED_EDGE ( 'NONE', *, *, #4825, .F. ) ;
#1104 = STYLED_ITEM ( 'NONE', ( #3369 ), #4396 ) ;
#1105 = CARTESIAN_POINT ( 'NONE',  ( -6.895557167234696472, 10.53632549983814215, 14.09210535916220053 ) ) ;
#1106 = CARTESIAN_POINT ( 'NONE',  ( 0.000000000000000000, 0.000000000000000000, 0.000000000000000000 ) ) ;
#1107 = FILL_AREA_STYLE ('',( #3596 ) ) ;
#1108 = ORIENTED_EDGE ( 'NONE', *, *, #983, .T. ) ;
#1109 = CARTESIAN_POINT ( 'NONE',  ( 7.015261310958202934, -1.133102430903589086, 3.597199760517587830 ) ) ;
#1110 = SURFACE_STYLE_USAGE ( .BOTH. , #277 ) ;
#1111 = EDGE_CURVE ( 'NONE', #2036, #2510, #2840, .T. ) ;
#1112 = CARTESIAN_POINT ( 'NONE',  ( 7.994078778775370431, 8.547306803252972429, -11.60526306185750478 ) ) ;
#1113 = B_SPLINE_CURVE_WITH_KNOTS ( 'NONE', 3,
 ( #425, #3300, #1906, #3831, #2322, #6321, #393, #5848, #4351, #5409, #4320, #4381, #2895, #4901, #3864, #1372, #1941, #3931 ),
 .UNSPECIFIED., .F., .F.,
 ( 4, 2, 2, 2, 2, 2, 2, 2, 4 ),
 ( 0.003913728793762323230, 0.004402668530241261695, 0.004891608266720201027, 0.005380548003199139492, 0.005869487739678077090, 0.006358427476157016422, 0.006847367212635954888, 0.007336306949114894220, 0.007825246685593832685 ),
 .UNSPECIFIED. ) ;
#1114 = CARTESIAN_POINT ( 'NONE',  ( 14.09210512162874096, 21.81046469797308163, 0.1624729971104368620 ) ) ;
#1115 = CARTESIAN_POINT ( 'NONE',  ( 2.567049861655056553, 9.880352915009611436, -14.09210516711750394 ) ) ;
#1116 = SURFACE_STYLE_FILL_AREA ( #1220 ) ;
#1117 = CARTESIAN_POINT ( 'NONE',  ( -1.415112614726319400E-07, 11.03414890851307462, -14.09210516711750394 ) ) ;
#1118 = FACE_OUTER_BOUND ( 'NONE', #3254, .T. ) ;
#1119 = EDGE_CURVE ( 'NONE', #6168, #789, #3484, .T. ) ;
#1120 =( NAMED_UNIT ( * ) SI_UNIT ( $, .STERADIAN. ) SOLID_ANGLE_UNIT ( ) );
#1121 = DIRECTION ( 'NONE',  ( 0.000000000000000000, 0.000000000000000000, -1.000000000000000000 ) ) ;
#1122 = DIRECTION ( 'NONE',  ( 0.000000000000000000, 0.000000000000000000, 1.000000000000000000 ) ) ;
#1123 = VERTEX_POINT ( 'NONE', #6189 ) ;
#1124 = EDGE_CURVE ( 'NONE', #5700, #3571, #2545, .T. ) ;
#1125 = CARTESIAN_POINT ( 'NONE',  ( -2.406736740533922170, 19.97084251851822145, -7.498291829818553467 ) ) ;
#1126 = VERTEX_POINT ( 'NONE', #1257 ) ;
#1127 =( NAMED_UNIT ( * ) PLANE_ANGLE_UNIT ( ) SI_UNIT ( $, .RADIAN. ) );
#1128 =( LENGTH_UNIT ( ) NAMED_UNIT ( * ) SI_UNIT ( .MILLI., .METRE. ) );
#1129 = UNCERTAINTY_MEASURE_WITH_UNIT (LENGTH_MEASURE( 1.000000000000000082E-05 ), #5504, 'distance_accuracy_value', 'NONE');
#1130 = AXIS2_PLACEMENT_3D ( 'NONE', #4146, #4506, #1426 ) ;
#1131 = CARTESIAN_POINT ( 'NONE',  ( -13.91384429252384436, 18.22157813522069247, 2.235252856561719348 ) ) ;
#1132 = DIRECTION ( 'NONE',  ( 0.4018349924340309243, 0.8359219661128739487, -0.3738490409584185881 ) ) ;
#1133 = CARTESIAN_POINT ( 'NONE',  ( 3.315789332168745496, -13.00532477566691902, -14.09210516711750394 ) ) ;
#1134 = VERTEX_POINT ( 'NONE', #3235 ) ;
#1135 = MECHANICAL_DESIGN_GEOMETRIC_PRESENTATION_REPRESENTATION (  '', ( #700 ), #92 ) ;
#1136 = CARTESIAN_POINT ( 'NONE',  ( 7.740772952575254884, -1.384978734502747777, 1.496249236494612500 ) ) ;
#1137 = DIRECTION ( 'NONE',  ( 0.000000000000000000, 8.968638379211206172E-16, 1.000000000000000000 ) ) ;
#1138 = TOROIDAL_SURFACE ( 'NONE', #193, 11.60526315788000140, 2.486842105260000491 ) ;
#1139 = CARTESIAN_POINT ( 'NONE',  ( 5.799646726205090808, 11.03414890894791967, 12.86027880412433788 ) ) ;
#1140 = FACE_OUTER_BOUND ( 'NONE', #3871, .T. ) ;
#1141 = DIRECTION ( 'NONE',  ( -1.000000000000000000, -0.000000000000000000, -0.000000000000000000 ) ) ;
#1142 = CARTESIAN_POINT ( 'NONE',  ( -2.486842246771262754, 19.48913217854534707, 7.472030699770618511 ) ) ;
#1143 = VECTOR ( 'NONE', #1533, 1000.000000000000000 ) ;
#1144 = CARTESIAN_POINT ( 'NONE',  ( 3.315789332168745496, 8.547306803253071905, 11.60526325390249980 ) ) ;
#1145 = CARTESIAN_POINT ( 'NONE',  ( -25.69736856253127044, -1.400061617787013768, 14.09210535916249896 ) ) ;
#1146 = COLOUR_RGB ( '',0.5372549019607842924, 0.3490196078431372362, 0.3372549019607843368 ) ;
#1147 = CARTESIAN_POINT ( 'NONE',  ( 13.87092548029195171, 19.16079173847968420, -2.486936403186675637 ) ) ;
#1148 = LINE ( 'NONE', #3796, #4504 ) ;
#1149 = DIRECTION ( 'NONE',  ( -0.000000000000000000, 0.000000000000000000, 1.000000000000000000 ) ) ;
#1150 = B_SPLINE_CURVE_WITH_KNOTS ( 'NONE', 3,
 ( #1239, #5068, #5579, #94, #2097, #4080, #6072, #3600, #1109, #3089, #599, #3630, #1136, #3117, #5129, #632, #4770, #5305, #1758, #4272, #2731, #6382, #5271, #4243, #2824, #1366, #1271, #3787, #4827, #359 ),
 .UNSPECIFIED., .F., .F.,
 ( 4, 2, 2, 2, 2, 2, 2, 2, 2, 2, 2, 2, 2, 2, 4 ),
 ( 0.000000000000000000, 0.002237406054041509926, 0.003356109081062262720, 0.004474812108083015515, 0.005593515135103768743, 0.006712218162124521104, 0.007830921189145275199, 0.008949624216166027560, 0.01006832724318678166, 0.01118703027020753402, 0.01230573329722828811, 0.01342443632424903874, 0.01454313935126979110, 0.01566184237829054693, 0.01789924843233205165 ),
 .UNSPECIFIED. ) ;
#1151 = FACE_BOUND ( 'NONE', #786, .T. ) ;
#1152 = CARTESIAN_POINT ( 'NONE',  ( -13.99652051217110760, 21.19784669421600753, -1.642696957536305735 ) ) ;
#1153 = ORIENTED_EDGE ( 'NONE', *, *, #4507, .F. ) ;
#1154 = EDGE_CURVE ( 'NONE', #2510, #2692, #3718, .T. ) ;
#1155 = DIRECTION ( 'NONE',  ( -4.336808689942038444E-16, 1.000000000000000000, -0.000000000000000000 ) ) ;
#1156 = CARTESIAN_POINT ( 'NONE',  ( -18.23684224675127652, -32.90006161774692828, 3.073819205801634258 ) ) ;
#1157 =( NAMED_UNIT ( * ) SI_UNIT ( $, .STERADIAN. ) SOLID_ANGLE_UNIT ( ) );
#1158 =( NAMED_UNIT ( * ) SI_UNIT ( $, .STERADIAN. ) SOLID_ANGLE_UNIT ( ) );
#1159 = EDGE_LOOP ( 'NONE', ( #5715, #3055, #4038, #1757 ) ) ;
#1160 = DIRECTION ( 'NONE',  ( 2.461979162920722866E-16, -1.000000000000000000, 0.000000000000000000 ) ) ;
#1161 = ORIENTED_EDGE ( 'NONE', *, *, #1092, .T. ) ;
#1162 = ADVANCED_FACE ( 'NONE', ( #5152 ), #1419, .F. ) ;
#1163 = AXIS2_PLACEMENT_3D ( 'NONE', #4861, #766, #6268 ) ;
#1164 = PRESENTATION_STYLE_ASSIGNMENT (( #4623 ) ) ;
#1165 = CARTESIAN_POINT ( 'NONE',  ( -4.942861834601847804, 10.30145748936102379, 14.09210535916249718 ) ) ;
#1166 = AXIS2_PLACEMENT_3D ( 'NONE', #170, #4192, #5193 ) ;
#1167 = LINE ( 'NONE', #2180, #5668 ) ;
#1168 = AXIS2_PLACEMENT_3D ( 'NONE', #4919, #1598, #2917 ) ;
#1169 = STYLED_ITEM ( 'NONE', ( #2063 ), #2482 ) ;
#1170 =( NAMED_UNIT ( * ) SI_UNIT ( $, .STERADIAN. ) SOLID_ANGLE_UNIT ( ) );
#1171 = VERTEX_POINT ( 'NONE', #6393 ) ;
#1172 = ORIENTED_EDGE ( 'NONE', *, *, #5032, .T. ) ;
#1173 = FILL_AREA_STYLE ('',( #1654 ) ) ;
#1174 = PRESENTATION_LAYER_ASSIGNMENT (  '', '', ( #4721 ) ) ;
#1175 = AXIS2_PLACEMENT_3D ( 'NONE', #5988, #5561, #3998 ) ;
#1176 = VECTOR ( 'NONE', #5332, 1000.000000000000000 ) ;
#1177 = CARTESIAN_POINT ( 'NONE',  ( 6.243472390054472854, 8.716373700434846938, 14.09210535916249896 ) ) ;
#1178 = DIRECTION ( 'NONE',  ( 0.000000000000000000, -0.9642857142857147457, -0.2648642316819864728 ) ) ;
#1179 = CIRCLE ( 'NONE', #3788, 4.973684208000001661 ) ;
#1180 = FILL_AREA_STYLE_COLOUR ( '', #3256 ) ;
#1181 = CARTESIAN_POINT ( 'NONE',  ( 4.462138693165085712, 4.462138693165102588, -2.571712968749403583 ) ) ;
#1182 = MECHANICAL_DESIGN_GEOMETRIC_PRESENTATION_REPRESENTATION (  '', ( #3375 ), #856 ) ;
#1183 = DIRECTION ( 'NONE',  ( 0.000000000000000000, -0.000000000000000000, 1.000000000000000000 ) ) ;
#1184 = SURFACE_STYLE_FILL_AREA ( #2223 ) ;
#1185 = SURFACE_STYLE_USAGE ( .BOTH. , #5082 ) ;
#1186 = CYLINDRICAL_SURFACE ( 'NONE', #3648, 14.09210526314000234 ) ;
#1187 = CARTESIAN_POINT ( 'NONE',  ( -18.23684224675127652, -32.90006161774692117, -3.073819013756672103 ) ) ;
#1188 = DIRECTION ( 'NONE',  ( 0.000000000000000000, -1.000000000000000000, 0.000000000000000000 ) ) ;
#1189 = ORIENTED_EDGE ( 'NONE', *, *, #1704, .F. ) ;
#1190 = SURFACE_STYLE_USAGE ( .BOTH. , #2797 ) ;
#1191 = DIRECTION ( 'NONE',  ( 1.000000000000000000, -6.938893903907216545E-15, -2.526228710457118336E-14 ) ) ;
#1192 = CARTESIAN_POINT ( 'NONE',  ( -2.234688403012423663, 20.42687500298639591, 13.91393593258560912 ) ) ;
#1193 = UNCERTAINTY_MEASURE_WITH_UNIT (LENGTH_MEASURE( 1.000000000000000082E-05 ), #3625, 'distance_accuracy_value', 'NONE');
#1194 = EDGE_LOOP ( 'NONE', ( #6027, #5451, #4456 ) ) ;
#1195 = EDGE_CURVE ( 'NONE', #2379, #2296, #5980, .T. ) ;
#1196 = CARTESIAN_POINT ( 'NONE',  ( -2.359664403408663347, 18.52176096001752370, -13.89328701182964210 ) ) ;
#1197 = MECHANICAL_DESIGN_GEOMETRIC_PRESENTATION_REPRESENTATION (  '', ( #2551 ), #4534 ) ;
#1198 = LINE ( 'NONE', #3177, #6331 ) ;
#1199 =( GEOMETRIC_REPRESENTATION_CONTEXT ( 3 ) GLOBAL_UNCERTAINTY_ASSIGNED_CONTEXT ( ( #1574 ) ) GLOBAL_UNIT_ASSIGNED_CONTEXT ( ( #5643, #3097, #613 ) ) REPRESENTATION_CONTEXT ( 'NONE', 'WORKASPACE' ) );
#1200 = ORIENTED_EDGE ( 'NONE', *, *, #1924, .F. ) ;
#1201 =( NAMED_UNIT ( * ) SI_UNIT ( $, .STERADIAN. ) SOLID_ANGLE_UNIT ( ) );
#1202 =( BOUNDED_CURVE ( )  B_SPLINE_CURVE ( 3, ( #6277, #4183, #6179, #1700 ),
 .UNSPECIFIED., .F., .F. ) 
 B_SPLINE_CURVE_WITH_KNOTS ( ( 4, 4 ),
 ( 2.356194490192350166, 3.141592653589793116 ),
 .UNSPECIFIED. ) 
 CURVE ( )  GEOMETRIC_REPRESENTATION_ITEM ( )  RATIONAL_B_SPLINE_CURVE ( ( 1.000000000000000000, 0.9492530216741918991, 0.9492530216741918991, 1.000000000000000000 ) ) 
 REPRESENTATION_ITEM ( '' )  );
#1203 = PRESENTATION_STYLE_ASSIGNMENT (( #1721 ) ) ;
#1204 = FACE_OUTER_BOUND ( 'NONE', #4970, .T. ) ;
#1205 = UNCERTAINTY_MEASURE_WITH_UNIT (LENGTH_MEASURE( 1.000000000000000082E-05 ), #4645, 'distance_accuracy_value', 'NONE');
#1206 = VECTOR ( 'NONE', #5714, 1000.000000000000000 ) ;
#1207 = ADVANCED_FACE ( 'NONE', ( #883 ), #3936, .F. ) ;
#1208 = FILL_AREA_STYLE ('',( #316 ) ) ;
#1209 = CARTESIAN_POINT ( 'NONE',  ( -13.88492588966381369, 18.68063005178655800, 2.407757495348386900 ) ) ;
#1210 = DIRECTION ( 'NONE',  ( -0.9156990849384910591, 0.3689922509688596253, -0.1591851267164881290 ) ) ;
#1211 = VERTEX_POINT ( 'NONE', #5817 ) ;
#1212 = COLOUR_RGB ( '',0.8392156862745098200, 0.4666666666666666741, 0.3686274509803921795 ) ;
#1213 = EDGE_LOOP ( 'NONE', ( #1351, #2368, #1707, #3421, #2480, #5121, #5726, #4343, #4860, #2779, #558, #4994 ) ) ;
#1214 = PRESENTATION_LAYER_ASSIGNMENT (  '', '', ( #5678 ) ) ;
#1215 = PRESENTATION_LAYER_ASSIGNMENT (  '', '', ( #6218 ) ) ;
#1216 = EDGE_CURVE ( 'NONE', #5400, #31, #5268, .T. ) ;
#1217 =( GEOMETRIC_REPRESENTATION_CONTEXT ( 3 ) GLOBAL_UNCERTAINTY_ASSIGNED_CONTEXT ( ( #6374 ) ) GLOBAL_UNIT_ASSIGNED_CONTEXT ( ( #1476, #6363, #5856 ) ) REPRESENTATION_CONTEXT ( 'NONE', 'WORKASPACE' ) );
#1218 = CARTESIAN_POINT ( 'NONE',  ( -25.69736856253126689, -32.90006161774692117, -3.073819013756672103 ) ) ;
#1219 = ORIENTED_EDGE ( 'NONE', *, *, #6412, .T. ) ;
#1220 = FILL_AREA_STYLE ('',( #4638 ) ) ;
#1221 = CARTESIAN_POINT ( 'NONE',  ( -7.485047618358251498, 10.74012722103220696, -14.09210516711781658 ) ) ;
#1222 = DIRECTION ( 'NONE',  ( 0.000000000000000000, 0.000000000000000000, 1.000000000000000000 ) ) ;
#1223 = DIRECTION ( 'NONE',  ( 0.000000000000000000, 0.000000000000000000, 1.000000000000000000 ) ) ;
#1224 = DIRECTION ( 'NONE',  ( 0.000000000000000000, -1.000000000000000000, 0.000000000000000000 ) ) ;
#1225 = CARTESIAN_POINT ( 'NONE',  ( 7.472029839526244110, 19.48747955877360383, -2.486843880250058980 ) ) ;
#1226 = ORIENTED_EDGE ( 'NONE', *, *, #2863, .T. ) ;
#1227 = CARTESIAN_POINT ( 'NONE',  ( 15.74999985846874750, -1.400061617786925172, -11.60526306185750478 ) ) ;
#1228 = CARTESIAN_POINT ( 'NONE',  ( -7.498384865967597790, 19.97169792969985735, -2.406446505796454804 ) ) ;
#1229 = EDGE_LOOP ( 'NONE', ( #2085, #1238 ) ) ;
#1230 = CARTESIAN_POINT ( 'NONE',  ( -1.873809195810106631, 20.96678859632421776, 13.96745775363154429 ) ) ;
#1231 = EDGE_LOOP ( 'NONE', ( #1397, #3143, #4730, #3975 ) ) ;
#1232 = CARTESIAN_POINT ( 'NONE',  ( -1.248087043945190766, 17.16657536893364266, -14.03737787736793230 ) ) ;
#1233 = ORIENTED_EDGE ( 'NONE', *, *, #4955, .T. ) ;
#1234 =( LENGTH_UNIT ( ) NAMED_UNIT ( * ) SI_UNIT ( .MILLI., .METRE. ) );
#1235 = SURFACE_STYLE_USAGE ( .BOTH. , #4107 ) ;
#1236 = FILL_AREA_STYLE_COLOUR ( '', #4228 ) ;
#1237 = ADVANCED_FACE ( 'NONE', ( #3869 ), #5378, .T. ) ;
#1238 = ORIENTED_EDGE ( 'NONE', *, *, #2055, .T. ) ;
#1239 = CARTESIAN_POINT ( 'NONE',  ( 3.315789332168653569, -0.5711142493669201237, 7.142910228879830292 ) ) ;
#1240 = CARTESIAN_POINT ( 'NONE',  ( 6.582453741256007795, 10.46206058029560459, 14.09210535916218809 ) ) ;
#1241 = SURFACE_SIDE_STYLE ('',( #5274 ) ) ;
#1242 = ADVANCED_FACE ( 'NONE', ( #3067 ), #5078, .F. ) ;
#1243 = ORIENTED_EDGE ( 'NONE', *, *, #616, .F. ) ;
#1244 = DIRECTION ( 'NONE',  ( 0.000000000000000000, 0.000000000000000000, 1.000000000000000000 ) ) ;
#1245 = CARTESIAN_POINT ( 'NONE',  ( -45.49911695932713229, 20.11016949152541144, -5.802631576000000457 ) ) ;
#1246 = CARTESIAN_POINT ( 'NONE',  ( -6.582454024278667326, 10.46206058029560459, -14.09210516711719130 ) ) ;
#1247 = CIRCLE ( 'NONE', #2702, 2.486842105260000046 ) ;
#1248 = CARTESIAN_POINT ( 'NONE',  ( -6.424342101999999777, 10.56907894200000086, 6.217105260000000300 ) ) ;
#1249 = CIRCLE ( 'NONE', #1653, 2.486842105260001823 ) ;
#1250 = LINE ( 'NONE', #5737, #5709 ) ;
#1251 = CARTESIAN_POINT ( 'NONE',  ( 7.776531585674504754, 17.16706306174649299, -1.248949049961572078 ) ) ;
#1252 =( GEOMETRIC_REPRESENTATION_CONTEXT ( 3 ) GLOBAL_UNCERTAINTY_ASSIGNED_CONTEXT ( ( #2502 ) ) GLOBAL_UNIT_ASSIGNED_CONTEXT ( ( #1414, #1376, #878 ) ) REPRESENTATION_CONTEXT ( 'NONE', 'WORKASPACE' ) );
#1253 = ORIENTED_EDGE ( 'NONE', *, *, #110, .T. ) ;
#1254 = STYLED_ITEM ( 'NONE', ( #683 ), #1074 ) ;
#1255 = CARTESIAN_POINT ( 'NONE',  ( -1.415112600513970783E-07, 25.12625417165307695, -11.60526306185750478 ) ) ;
#1256 = VECTOR ( 'NONE', #4413, 1000.000000000000000 ) ;
#1257 = CARTESIAN_POINT ( 'NONE',  ( 15.74999985846875461, -32.90006161774692117, 3.073819205801643584 ) ) ;
#1258 = ORIENTED_EDGE ( 'NONE', *, *, #5297, .F. ) ;
#1259 = CYLINDRICAL_SURFACE ( 'NONE', #4025, 2.486842105260000046 ) ;
#1260 = VECTOR ( 'NONE', #730, 1000.000000000000000 ) ;
#1261 = CARTESIAN_POINT ( 'NONE',  ( -2.156914046981466271, 18.07531040398001210, -13.92635709623337981 ) ) ;
#1262 = ORIENTED_EDGE ( 'NONE', *, *, #4596, .F. ) ;
#1263 = CARTESIAN_POINT ( 'NONE',  ( -1.415112608308845214E-07, 16.83678048745307620, 14.09210535916249896 ) ) ;
#1264 = CARTESIAN_POINT ( 'NONE',  ( -1.415112614726317812E-07, 16.83678048745307265, -14.09210516711750394 ) ) ;
#1265 = B_SPLINE_CURVE_WITH_KNOTS ( 'NONE', 3,
 ( #2872, #1974, #3934, #1882, #5926, #2940, #1443, #5439, #942, #6454, #3472, #2486, #3988, #2359, #4356, #6358, #6141, #1660, #2041, #4636, #576, #3666, #4050, #4570, #2102, #4545, #5607, #2613, #5525, #4602, #1114, #160 ),
 .UNSPECIFIED., .F., .F.,
 ( 4, 2, 2, 2, 2, 2, 2, 2, 2, 2, 2, 2, 2, 2, 2, 4 ),
 ( 3.650739920011708126E-19, 0.0004868917829657626296, 0.0009737835659315248254, 0.001460675348897287184, 0.001947567131863049434, 0.002921350697794566562, 0.003408242480760324909, 0.003895134263726083689, 0.004382026046691842036, 0.004868917829657599949, 0.005355809612623359597, 0.005842701395589118378, 0.006329593178554877159, 0.006816484961520635072, 0.007303376744486393853, 0.007790268527452150898 ),
 .UNSPECIFIED. ) ;
#1266 = CARTESIAN_POINT ( 'NONE',  ( 15.74999985846874395, -16.73558793355691776, 9.602249723889598206E-08 ) ) ;
#1267 = UNCERTAINTY_MEASURE_WITH_UNIT (LENGTH_MEASURE( 1.000000000000000082E-05 ), #3468, 'distance_accuracy_value', 'NONE');
#1268 = FACE_OUTER_BOUND ( 'NONE', #6245, .T. ) ;
#1269 = CARTESIAN_POINT ( 'NONE',  ( -13.91409634814761098, 20.42889933826370097, 2.233694347779931366 ) ) ;
#1270 = EDGE_LOOP ( 'NONE', ( #2499, #1161, #1864, #1497 ) ) ;
#1271 = CARTESIAN_POINT ( 'NONE',  ( 5.471577359582774136, -0.7561064407065050119, -5.676065100700432353 ) ) ;
#1272 = CIRCLE ( 'NONE', #3357, 11.60526315788000140 ) ;
#1273 = VECTOR ( 'NONE', #5690, 1000.000000000000000 ) ;
#1274 = PRODUCT_DEFINITION ( 'UNKNOWN', '', #2389, #3996 ) ;
#1275 = CIRCLE ( 'NONE', #2828, 10.36184210525000182 ) ;
#1276 = EDGE_CURVE ( 'NONE', #3620, #5400, #4078, .T. ) ;
#1277 = CARTESIAN_POINT ( 'NONE',  ( 7.754978762509793455, 11.03414890851307462, 11.76996304534202054 ) ) ;
#1278 = VERTEX_POINT ( 'NONE', #5104 ) ;
#1279 = STYLED_ITEM ( 'NONE', ( #3284 ), #5206 ) ;
#1280 = DIRECTION ( 'NONE',  ( 0.000000000000000000, 0.000000000000000000, 1.000000000000000000 ) ) ;
#1281 =( GEOMETRIC_REPRESENTATION_CONTEXT ( 3 ) GLOBAL_UNCERTAINTY_ASSIGNED_CONTEXT ( ( #2882 ) ) GLOBAL_UNIT_ASSIGNED_CONTEXT ( ( #4609, #2105, #1087 ) ) REPRESENTATION_CONTEXT ( 'NONE', 'WORKASPACE' ) );
#1282 = CARTESIAN_POINT ( 'NONE',  ( -4.942861834600945414, 10.30145748936164907, -14.09210516711750394 ) ) ;
#1283 = SURFACE_STYLE_FILL_AREA ( #3668 ) ;
#1284 = DIRECTION ( 'NONE',  ( -0.000000000000000000, -1.000000000000000000, -0.000000000000000000 ) ) ;
#1285 = EDGE_CURVE ( 'NONE', #4698, #330, #6067, .T. ) ;
#1286 = DIRECTION ( 'NONE',  ( 0.000000000000000000, 0.000000000000000000, 1.000000000000000000 ) ) ;
#1287 = CARTESIAN_POINT ( 'NONE',  ( 0.8049593685743327010, 16.96506360335396479, -7.835208151373807439 ) ) ;
#1288 = DIRECTION ( 'NONE',  ( -1.000000000000000000, 6.938893903907222067E-15, 2.526228710457120230E-14 ) ) ;
#1289 = CARTESIAN_POINT ( 'NONE',  ( 4.973684208000032747, -4.973684207999983897, 0.000000000000000000 ) ) ;
#1290 = CARTESIAN_POINT ( 'NONE',  ( -1.415112614726319400E-07, 11.03414890851307462, 9.602249662979534408E-08 ) ) ;
#1291 = SURFACE_STYLE_USAGE ( .BOTH. , #2295 ) ;
#1292 = ORIENTED_EDGE ( 'NONE', *, *, #129, .T. ) ;
#1293 = ADVANCED_FACE ( 'NONE', ( #1977 ), #4477, .T. ) ;
#1294 = CARTESIAN_POINT ( 'NONE',  ( 2.486841963748738671, 19.32362259271307536, -13.87094244913008900 ) ) ;
#1295 =( GEOMETRIC_REPRESENTATION_CONTEXT ( 3 ) GLOBAL_UNCERTAINTY_ASSIGNED_CONTEXT ( ( #1205 ) ) GLOBAL_UNIT_ASSIGNED_CONTEXT ( ( #4645, #615, #166 ) ) REPRESENTATION_CONTEXT ( 'NONE', 'WORKASPACE' ) );
#1296 = VERTEX_POINT ( 'NONE', #6177 ) ;
#1297 = FILL_AREA_STYLE ('',( #2268 ) ) ;
#1298 = DIRECTION ( 'NONE',  ( -1.000000000000000000, -1.826024711554539830E-16, -0.000000000000000000 ) ) ;
#1299 = SURFACE_SIDE_STYLE ('',( #6262 ) ) ;
#1300 = CARTESIAN_POINT ( 'NONE',  ( 15.74999985846874395, -13.00532477566700429, -11.60526306185750478 ) ) ;
#1301 = STYLED_ITEM ( 'NONE', ( #5187 ), #6073 ) ;
#1302 = DIRECTION ( 'NONE',  ( 0.000000000000000000, -0.000000000000000000, -1.000000000000000000 ) ) ;
#1303 = CARTESIAN_POINT ( 'NONE',  ( 3.782711950057216388, 11.03414890901526491, -13.59428392024823395 ) ) ;
#1304 = ORIENTED_EDGE ( 'NONE', *, *, #3631, .T. ) ;
#1305 = CARTESIAN_POINT ( 'NONE',  ( 1.518209361466557494, 21.29998607700630231, 14.01074664091127353 ) ) ;
#1306 = SURFACE_STYLE_USAGE ( .BOTH. , #389 ) ;
#1307 = CIRCLE ( 'NONE', #5174, 14.09210526314000411 ) ;
#1308 = CYLINDRICAL_SURFACE ( 'NONE', #4908, 2.486842105259998270 ) ;
#1309 = VERTEX_POINT ( 'NONE', #1145 ) ;
#1310 = EDGE_CURVE ( 'NONE', #2927, #2536, #2424, .T. ) ;
#1311 = CARTESIAN_POINT ( 'NONE',  ( -15.75000014149127381, -21.70927214407692674, 11.60526325390249980 ) ) ;
#1312 = CARTESIAN_POINT ( 'NONE',  ( -2.834933348837303413, 10.49027235075337217, -14.09210516711750394 ) ) ;
#1313 = MECHANICAL_DESIGN_GEOMETRIC_PRESENTATION_REPRESENTATION (  '', ( #3517 ), #5788 ) ;
#1314 = CARTESIAN_POINT ( 'NONE',  ( -15.75000014149127026, -1.400061617786925172, 14.09210535916249896 ) ) ;
#1315 = FACE_OUTER_BOUND ( 'NONE', #2312, .T. ) ;
#1316 = DIRECTION ( 'NONE',  ( 6.975607628275382228E-15, 1.000000000000000000, 0.000000000000000000 ) ) ;
#1317 = DIRECTION ( 'NONE',  ( -0.000000000000000000, -0.000000000000000000, -1.000000000000000000 ) ) ;
#1318 = FILL_AREA_STYLE_COLOUR ( '', #4543 ) ;
#1319 = CARTESIAN_POINT ( 'NONE',  ( 4.973684208000001661, 6.091006445296940059E-16, -4.973684208000000773 ) ) ;
#1320 = EDGE_CURVE ( 'NONE', #1339, #2133, #6213, .T. ) ;
#1321 = CARTESIAN_POINT ( 'NONE',  ( -0.3265807185746592012, 16.85297986897434086, 14.08922106159000798 ) ) ;
#1322 = ORIENTED_EDGE ( 'NONE', *, *, #1975, .F. ) ;
#1323 = CARTESIAN_POINT ( 'NONE',  ( -3.516925830957230215, -3.516925830957267518, -3.516925830957259080 ) ) ;
#1324 = DIRECTION ( 'NONE',  ( -0.000000000000000000, -0.000000000000000000, -1.000000000000000000 ) ) ;
#1325 = ORIENTED_EDGE ( 'NONE', *, *, #1388, .T. ) ;
#1326 = EDGE_CURVE ( 'NONE', #4592, #4401, #4700, .T. ) ;
#1327 = CARTESIAN_POINT ( 'NONE',  ( -3.315789615191188755, -0.5711142493669216780, -11.60526306185750478 ) ) ;
#1328 = DIRECTION ( 'NONE',  ( 0.000000000000000000, 0.000000000000000000, 1.000000000000000000 ) ) ;
#1329 = UNCERTAINTY_MEASURE_WITH_UNIT (LENGTH_MEASURE( 1.000000000000000082E-05 ), #6063, 'distance_accuracy_value', 'NONE');
#1330 =( GEOMETRIC_REPRESENTATION_CONTEXT ( 3 ) GLOBAL_UNCERTAINTY_ASSIGNED_CONTEXT ( ( #1649 ) ) GLOBAL_UNIT_ASSIGNED_CONTEXT ( ( #2369, #5902, #6295 ) ) REPRESENTATION_CONTEXT ( 'NONE', 'WORKASPACE' ) );
#1331 =( NAMED_UNIT ( * ) SI_UNIT ( $, .STERADIAN. ) SOLID_ANGLE_UNIT ( ) );
#1332 = VERTEX_POINT ( 'NONE', #5179 ) ;
#1333 = CARTESIAN_POINT ( 'NONE',  ( -2.486842246771261866, 19.32362259271307536, 7.472030699770618511 ) ) ;
#1334 = ORIENTED_EDGE ( 'NONE', *, *, #2561, .T. ) ;
#1335 = CARTESIAN_POINT ( 'NONE',  ( -39.00803756922543641, 20.11016949152541144, -4.973684208000002549 ) ) ;
#1336 =( NAMED_UNIT ( * ) PLANE_ANGLE_UNIT ( ) SI_UNIT ( $, .RADIAN. ) );
#1337 = CARTESIAN_POINT ( 'NONE',  ( -25.69736856253127399, -21.70927214407692674, 9.602249662979534408E-08 ) ) ;
#1338 = CARTESIAN_POINT ( 'NONE',  ( -7.728283709850759742, 21.29913931986382991, 1.519175820992137549 ) ) ;
#1339 = VERTEX_POINT ( 'NONE', #4249 ) ;
#1340 = VECTOR ( 'NONE', #3121, 1000.000000000000000 ) ;
#1341 = CARTESIAN_POINT ( 'NONE',  ( -18.23684224675127297, -21.70927214407692674, 14.09210535916249896 ) ) ;
#1342 = CARTESIAN_POINT ( 'NONE',  ( -7.874889231010279822, -1.437083676886523387, -0.3751066377541278363 ) ) ;
#1343 = DIRECTION ( 'NONE',  ( -1.000000000000000000, 0.000000000000000000, 0.000000000000000000 ) ) ;
#1344 = PRODUCT_DEFINITION_FORMATION_WITH_SPECIFIED_SOURCE ( 'ANY', '', #320, .NOT_KNOWN. ) ;
#1345 = AXIS2_PLACEMENT_3D ( 'NONE', #2955, #4954, #470 ) ;
#1346 = CARTESIAN_POINT ( 'NONE',  ( -1.106873980455639783, 21.55650494004865791, -7.798295632016341017 ) ) ;
#1347 = DIRECTION ( 'NONE',  ( -6.938893903907229955E-15, -1.000000000000000000, -7.517135062566166705E-15 ) ) ;
#1348 = SURFACE_SIDE_STYLE ('',( #812 ) ) ;
#1349 = CARTESIAN_POINT ( 'NONE',  ( 3.217470129485081820, 9.613648550172339213, 14.09210535916250251 ) ) ;
#1350 = AXIS2_PLACEMENT_3D ( 'NONE', #1530, #65, #1010 ) ;
#1351 = ORIENTED_EDGE ( 'NONE', *, *, #2450, .F. ) ;
#1352 = AXIS2_PLACEMENT_3D ( 'NONE', #6322, #4113, #2484 ) ;
#1353 = FACE_OUTER_BOUND ( 'NONE', #5417, .T. ) ;
#1354 = ADVANCED_FACE ( 'NONE', ( #5703 ), #1737, .T. ) ;
#1355 = STYLED_ITEM ( 'NONE', ( #838 ), #6235 ) ;
#1356 = COLOUR_RGB ( '',0.5372549019607842924, 0.3490196078431372362, 0.3372549019607843368 ) ;
#1357 = MECHANICAL_DESIGN_GEOMETRIC_PRESENTATION_REPRESENTATION (  '', ( #4690 ), #6047 ) ;
#1358 = ORIENTED_EDGE ( 'NONE', *, *, #5507, .F. ) ;
#1359 = FACE_OUTER_BOUND ( 'NONE', #2070, .T. ) ;
#1360 = CARTESIAN_POINT ( 'NONE',  ( 25.69736827950874769, -13.00532477566692435, 11.60526325390249980 ) ) ;
#1361 = CONTEXT_DEPENDENT_SHAPE_REPRESENTATION ( #3523, #827 ) ;
#1362 = ORIENTED_EDGE ( 'NONE', *, *, #4909, .F. ) ;
#1363 = CARTESIAN_POINT ( 'NONE',  ( 7.513626076818122002, 20.12726184143182451, 2.359103193952766020 ) ) ;
#1364 = ORIENTED_EDGE ( 'NONE', *, *, #3027, .F. ) ;
#1365 = SURFACE_STYLE_FILL_AREA ( #2475 ) ;
#1366 = CARTESIAN_POINT ( 'NONE',  ( 5.735151693887126534, -0.8062616475103695501, -5.409306675125913344 ) ) ;
#1367 = EDGE_CURVE ( 'NONE', #2030, #830, #3738, .T. ) ;
#1368 = CARTESIAN_POINT ( 'NONE',  ( -1.415112606115435662E-07, 11.03414890851307462, 14.09210535916249896 ) ) ;
#1369 = SURFACE_STYLE_FILL_AREA ( #4348 ) ;
#1370 = VERTEX_POINT ( 'NONE', #3227 ) ;
#1371 = DIRECTION ( 'NONE',  ( 0.000000000000000000, 0.000000000000000000, 1.000000000000000000 ) ) ;
#1372 = CARTESIAN_POINT ( 'NONE',  ( 2.470572365473655108, 19.65151805037240962, 7.477502570950952610 ) ) ;
#1373 = SURFACE_SIDE_STYLE ('',( #2837 ) ) ;
#1374 = COLOUR_RGB ( '',0.8392156862745098200, 0.4666666666666666741, 0.3686274509803921795 ) ;
#1375 = AXIS2_PLACEMENT_3D ( 'NONE', #4807, #6355, #5807 ) ;
#1376 =( NAMED_UNIT ( * ) PLANE_ANGLE_UNIT ( ) SI_UNIT ( $, .RADIAN. ) );
#1377 = CARTESIAN_POINT ( 'NONE',  ( 2.571712968749411576, -4.462138693165083936, -4.462138693165083936 ) ) ;
#1378 = COLOUR_RGB ( '',0.5372549019607842924, 0.3490196078431372362, 0.3372549019607843368 ) ;
#1379 = CIRCLE ( 'NONE', #1912, 7.874999999990000887 ) ;
#1380 = CARTESIAN_POINT ( 'NONE',  ( 1.599566725671974998, 10.30226855713336143, 14.09210535916249896 ) ) ;
#1381 = SURFACE_SIDE_STYLE ('',( #5853 ) ) ;
#1382 = CARTESIAN_POINT ( 'NONE',  ( -2.471049247089498468, 18.99939332330160724, 13.87380268535872574 ) ) ;
#1383 = CARTESIAN_POINT ( 'NONE',  ( 1.248957112304783790, 21.48017752017104698, -7.776530340866433910 ) ) ;
#1384 = DIRECTION ( 'NONE',  ( 0.000000000000000000, 0.000000000000000000, 1.000000000000000000 ) ) ;
#1385 =( LENGTH_UNIT ( ) NAMED_UNIT ( * ) SI_UNIT ( .MILLI., .METRE. ) );
#1386 = ORIENTED_EDGE ( 'NONE', *, *, #1924, .T. ) ;
#1387 = PRESENTATION_STYLE_ASSIGNMENT (( #3878 ) ) ;
#1388 = EDGE_CURVE ( 'NONE', #5492, #537, #4124, .T. ) ;
#1389 = PRESENTATION_STYLE_ASSIGNMENT (( #3387 ) ) ;
#1390 =( GEOMETRIC_REPRESENTATION_CONTEXT ( 3 ) GLOBAL_UNCERTAINTY_ASSIGNED_CONTEXT ( ( #721 ) ) GLOBAL_UNIT_ASSIGNED_CONTEXT ( ( #3806, #1847, #944 ) ) REPRESENTATION_CONTEXT ( 'NONE', 'WORKASPACE' ) );
#1391 = UNCERTAINTY_MEASURE_WITH_UNIT (LENGTH_MEASURE( 1.000000000000000082E-05 ), #814, 'distance_accuracy_value', 'NONE');
#1392 =( NAMED_UNIT ( * ) SI_UNIT ( $, .STERADIAN. ) SOLID_ANGLE_UNIT ( ) );
#1393 =( BOUNDED_CURVE ( )  B_SPLINE_CURVE ( 3, ( #2476, #538, #1399, #449 ),
 .UNSPECIFIED., .F., .T. ) 
 B_SPLINE_CURVE_WITH_KNOTS ( ( 4, 4 ),
 ( 0.000000000000000000, 0.7853981633974438381 ),
 .UNSPECIFIED. ) 
 CURVE ( )  GEOMETRIC_REPRESENTATION_ITEM ( )  RATIONAL_B_SPLINE_CURVE ( ( 1.000000000000000000, 0.9492530216741916771, 0.9492530216741916771, 1.000000000000000000 ) ) 
 REPRESENTATION_ITEM ( '' )  );
#1394 = FACE_OUTER_BOUND ( 'NONE', #124, .T. ) ;
#1395 = ORIENTED_EDGE ( 'NONE', *, *, #5446, .F. ) ;
#1396 = CARTESIAN_POINT ( 'NONE',  ( 7.574672325616048418, 20.57334760820841524, 2.156067535193824991 ) ) ;
#1397 = ORIENTED_EDGE ( 'NONE', *, *, #5654, .T. ) ;
#1398 = DIRECTION ( 'NONE',  ( 0.7071067811865474617, -0.7071067811865474617, 0.000000000000000000 ) ) ;
#1399 = CARTESIAN_POINT ( 'NONE',  ( 4.462138693165093706, -4.462138693165050185, -2.571712968749383599 ) ) ;
#1400 = VECTOR ( 'NONE', #135, 1000.000000000000000 ) ;
#1401 = EDGE_CURVE ( 'NONE', #4186, #454, #735, .T. ) ;
#1402 = CIRCLE ( 'NONE', #2232, 2.486842105260000046 ) ;
#1403 = DIRECTION ( 'NONE',  ( -1.000000000000000000, -6.975607628275379072E-15, 0.000000000000000000 ) ) ;
#1404 = DIRECTION ( 'NONE',  ( 0.000000000000000000, 0.000000000000000000, 1.000000000000000000 ) ) ;
#1405 = CARTESIAN_POINT ( 'NONE',  ( -7.498417110384926865, 19.97195283212742822, 2.406345541549701927 ) ) ;
#1406 = EDGE_LOOP ( 'NONE', ( #3046, #3050 ) ) ;
#1407 = ORIENTED_EDGE ( 'NONE', *, *, #5549, .T. ) ;
#1408 =( NAMED_UNIT ( * ) SI_UNIT ( $, .STERADIAN. ) SOLID_ANGLE_UNIT ( ) );
#1409 = EDGE_CURVE ( 'NONE', #960, #2036, #3637, .T. ) ;
#1410 = CARTESIAN_POINT ( 'NONE',  ( -6.836597067402743200, -1.078195482160622554, 3.926080557182403563 ) ) ;
#1411 = MECHANICAL_DESIGN_GEOMETRIC_PRESENTATION_REPRESENTATION (  '', ( #4542 ), #2661 ) ;
#1412 = CARTESIAN_POINT ( 'NONE',  ( -18.23684224675129428, -35.38690372300693099, 3.073819205801632037 ) ) ;
#1413 =( GEOMETRIC_REPRESENTATION_CONTEXT ( 3 ) GLOBAL_UNCERTAINTY_ASSIGNED_CONTEXT ( ( #3220 ) ) GLOBAL_UNIT_ASSIGNED_CONTEXT ( ( #1670, #5619, #5188 ) ) REPRESENTATION_CONTEXT ( 'NONE', 'WORKASPACE' ) );
#1414 =( LENGTH_UNIT ( ) NAMED_UNIT ( * ) SI_UNIT ( .MILLI., .METRE. ) );
#1415 = DIRECTION ( 'NONE',  ( -0.7071067811865474617, 0.7071067811865474617, -0.000000000000000000 ) ) ;
#1416 = MECHANICAL_DESIGN_GEOMETRIC_PRESENTATION_REPRESENTATION (  '', ( #463 ), #5072 ) ;
#1417 = CIRCLE ( 'NONE', #5291, 4.973684208000001661 ) ;
#1418 = CARTESIAN_POINT ( 'NONE',  ( -11.65277442522542906, 20.11016949152541144, 4.144736839999986877 ) ) ;
#1419 = CYLINDRICAL_SURFACE ( 'NONE', #1588, 4.973684208000001661 ) ;
#1420 = MECHANICAL_DESIGN_GEOMETRIC_PRESENTATION_REPRESENTATION (  '', ( #5678 ), #3404 ) ;
#1421 = CARTESIAN_POINT ( 'NONE',  ( -2.359311108120744738, 18.52095868631809594, 13.89334506256582280 ) ) ;
#1422 = CARTESIAN_POINT ( 'NONE',  ( 0.1654105301523146332, 21.81046469797307807, -7.874999903967504267 ) ) ;
#1423 = DIRECTION ( 'NONE',  ( 1.000000000000000000, 1.836970198721030674E-16, 0.000000000000000000 ) ) ;
#1424 = SURFACE_STYLE_FILL_AREA ( #1450 ) ;
#1425 = EDGE_LOOP ( 'NONE', ( #2275, #6257, #1954, #1609 ) ) ;
#1426 = DIRECTION ( 'NONE',  ( 0.000000000000000000, -1.000000000000000000, 0.000000000000000000 ) ) ;
#1427 = SURFACE_STYLE_USAGE ( .BOTH. , #4428 ) ;
#1428 = VERTEX_POINT ( 'NONE', #1311 ) ;
#1429 = EDGE_LOOP ( 'NONE', ( #1075, #682 ) ) ;
#1430 = SURFACE_SIDE_STYLE ('',( #1365 ) ) ;
#1431 = SURFACE_STYLE_FILL_AREA ( #2924 ) ;
#1432 = FACE_BOUND ( 'NONE', #6193, .T. ) ;
#1433 = CARTESIAN_POINT ( 'NONE',  ( -7.702446411871071597, 21.19683325735778467, 1.643718210406300173 ) ) ;
#1434 = EDGE_CURVE ( 'NONE', #537, #2712, #6278, .T. ) ;
#1435 = EDGE_LOOP ( 'NONE', ( #724, #1325, #1258, #3942, #2999, #5304, #489 ) ) ;
#1436 = VERTEX_POINT ( 'NONE', #332 ) ;
#1437 = LINE ( 'NONE', #3029, #3693 ) ;
#1438 = SURFACE_SIDE_STYLE ('',( #1837 ) ) ;
#1439 = CARTESIAN_POINT ( 'NONE',  ( -7.740773235597782076, -1.384978734502749997, -1.496249044449615928 ) ) ;
#1440 = LINE ( 'NONE', #2936, #1761 ) ;
#1441 = CARTESIAN_POINT ( 'NONE',  ( -15.75000014149127381, -21.70927214407692674, 9.602249662979534408E-08 ) ) ;
#1442 = CARTESIAN_POINT ( 'NONE',  ( -6.424342101999999777, 10.56907894200000086, -6.217105260000000300 ) ) ;
#1443 = CARTESIAN_POINT ( 'NONE',  ( 14.03750622471825515, 17.16572868532132290, 1.246700398995248094 ) ) ;
#1444 = EDGE_CURVE ( 'NONE', #57, #6136, #1113, .T. ) ;
#1445 = DIRECTION ( 'NONE',  ( 0.000000000000000000, 0.000000000000000000, 1.000000000000000000 ) ) ;
#1446 = FILL_AREA_STYLE_COLOUR ( '', #4206 ) ;
#1447 = PRESENTATION_LAYER_ASSIGNMENT (  '', '', ( #4571 ) ) ;
#1448 = FILL_AREA_STYLE_COLOUR ( '', #5399 ) ;
#1449 = FILL_AREA_STYLE_COLOUR ( '', #3807 ) ;
#1450 = FILL_AREA_STYLE ('',( #5900 ) ) ;
#1451 = ORIENTED_EDGE ( 'NONE', *, *, #1681, .T. ) ;
#1452 = CARTESIAN_POINT ( 'NONE',  ( -4.462138693165091929, 2.571712968749390704, -4.462138693165083936 ) ) ;
#1453 = PRESENTATION_LAYER_ASSIGNMENT (  '', '', ( #4269 ) ) ;
#1454 = UNCERTAINTY_MEASURE_WITH_UNIT (LENGTH_MEASURE( 1.000000000000000082E-05 ), #5775, 'distance_accuracy_value', 'NONE');
#1455 =( NAMED_UNIT ( * ) SI_UNIT ( $, .STERADIAN. ) SOLID_ANGLE_UNIT ( ) );
#1456 = LINE ( 'NONE', #4957, #3157 ) ;
#1457 = VERTEX_POINT ( 'NONE', #1341 ) ;
#1458 = CIRCLE ( 'NONE', #2605, 2.486842105260001823 ) ;
#1459 = CARTESIAN_POINT ( 'NONE',  ( 7.874999858478738624, 16.83678048745307620, 9.602249670060469120E-08 ) ) ;
#1460 = VERTEX_POINT ( 'NONE', #4832 ) ;
#1461 = CARTESIAN_POINT ( 'NONE',  ( 2.157655963000145505, 18.07655087763994928, -13.92624294063895896 ) ) ;
#1462 = AXIS2_PLACEMENT_3D ( 'NONE', #4153, #5083, #4059 ) ;
#1463 = DIRECTION ( 'NONE',  ( 0.000000000000000000, 0.000000000000000000, 1.000000000000000000 ) ) ;
#1464 = VECTOR ( 'NONE', #4667, 1000.000000000000000 ) ;
#1465 = DIRECTION ( 'NONE',  ( -1.000000000000000000, -1.826024711554539830E-16, -0.000000000000000000 ) ) ;
#1466 = VERTEX_POINT ( 'NONE', #4411 ) ;
#1467 = EDGE_LOOP ( 'NONE', ( #3851, #5449, #952, #3158 ) ) ;
#1468 = LINE ( 'NONE', #1, #5142 ) ;
#1469 = EDGE_CURVE ( 'NONE', #4592, #6202, #3470, .T. ) ;
#1470 = FACE_OUTER_BOUND ( 'NONE', #4466, .T. ) ;
#1471 = SURFACE_STYLE_USAGE ( .BOTH. , #1535 ) ;
#1472 = PRESENTATION_LAYER_ASSIGNMENT (  '', '', ( #626 ) ) ;
#1473 = CARTESIAN_POINT ( 'NONE',  ( -1.278762682423052910, 10.44648511847943695, -14.09210516711750927 ) ) ;
#1474 = EDGE_CURVE ( 'NONE', #5578, #1171, #437, .T. ) ;
#1475 = DIRECTION ( 'NONE',  ( -1.826024711554539830E-16, 1.000000000000000000, 0.000000000000000000 ) ) ;
#1476 =( LENGTH_UNIT ( ) NAMED_UNIT ( * ) SI_UNIT ( .MILLI., .METRE. ) );
#1477 = CARTESIAN_POINT ( 'NONE',  ( -2.156525805056015432, 20.57265964034393946, 7.574547739827634629 ) ) ;
#1478 = VECTOR ( 'NONE', #253, 1000.000000000000000 ) ;
#1479 = CIRCLE ( 'NONE', #100, 2.486842105260001823 ) ;
#1480 = CARTESIAN_POINT ( 'NONE',  ( -1.336732849063819062, -4.973684208000001661, -4.973684208000001661 ) ) ;
#1481 = EDGE_LOOP ( 'NONE', ( #3006, #4289 ) ) ;
#1482 = VECTOR ( 'NONE', #4013, 1000.000000000000000 ) ;
#1483 =( LENGTH_UNIT ( ) NAMED_UNIT ( * ) SI_UNIT ( .MILLI., .METRE. ) );
#1484 =( NAMED_UNIT ( * ) SI_UNIT ( $, .STERADIAN. ) SOLID_ANGLE_UNIT ( ) );
#1485 = AXIS2_PLACEMENT_3D ( 'NONE', #1018, #4127, #1631 ) ;
#1486 =( NAMED_UNIT ( * ) PLANE_ANGLE_UNIT ( ) SI_UNIT ( $, .RADIAN. ) );
#1487 = AXIS2_PLACEMENT_3D ( 'NONE', #3418, #3355, #2443 ) ;
#1488 = FILL_AREA_STYLE_COLOUR ( '', #4604 ) ;
#1489 = AXIS2_PLACEMENT_3D ( 'NONE', #1144, #702, #1244 ) ;
#1490 = EDGE_LOOP ( 'NONE', ( #4067, #3021, #5354, #2300 ) ) ;
#1491 = CARTESIAN_POINT ( 'NONE',  ( 7.702091922804254587, 17.45191550319668750, 1.645311705163476690 ) ) ;
#1492 = ORIENTED_EDGE ( 'NONE', *, *, #3567, .T. ) ;
#1493 = CARTESIAN_POINT ( 'NONE',  ( -18.23684224675127652, -32.90006161774692117, 3.073819205801665344 ) ) ;
#1494 = AXIS2_PLACEMENT_3D ( 'NONE', #4053, #3608, #3095 ) ;
#1495 = DIRECTION ( 'NONE',  ( 0.000000000000000000, 1.000000000000000000, 0.000000000000000000 ) ) ;
#1496 = STYLED_ITEM ( 'NONE', ( #2738 ), #3306 ) ;
#1497 = ORIENTED_EDGE ( 'NONE', *, *, #1505, .T. ) ;
#1498 = CARTESIAN_POINT ( 'NONE',  ( -3.315789615191276241, -13.00532477566692258, 14.09210535916249896 ) ) ;
#1499 = APPLICATION_CONTEXT ( 'automotive_design' ) ;
#1500 = AXIS2_PLACEMENT_3D ( 'NONE', #4976, #4838, #2458 ) ;
#1501 = CARTESIAN_POINT ( 'NONE',  ( 28.18421038476875395, -21.70927214407691963, 9.602249662979534408E-08 ) ) ;
#1502 =( GEOMETRIC_REPRESENTATION_CONTEXT ( 3 ) GLOBAL_UNCERTAINTY_ASSIGNED_CONTEXT ( ( #15 ) ) GLOBAL_UNIT_ASSIGNED_CONTEXT ( ( #888, #3346, #5930 ) ) REPRESENTATION_CONTEXT ( 'NONE', 'WORKASPACE' ) );
#1503 = AXIS2_PLACEMENT_3D ( 'NONE', #2430, #6364, #6429 ) ;
#1504 = PRESENTATION_STYLE_ASSIGNMENT (( #2005 ) ) ;
#1505 = EDGE_CURVE ( 'NONE', #4144, #6087, #4089, .T. ) ;
#1506 = CARTESIAN_POINT ( 'NONE',  ( -1.518338818928023803, 17.34747110019760896, -7.728446961836248796 ) ) ;
#1507 = SURFACE_SIDE_STYLE ('',( #6048 ) ) ;
#1508 = PRESENTATION_LAYER_ASSIGNMENT (  '', '', ( #6207 ) ) ;
#1509 = CARTESIAN_POINT ( 'NONE',  ( 13.87095947551087072, 19.48932406691374197, -2.486746786882332305 ) ) ;
#1510 = FILL_AREA_STYLE ('',( #5081 ) ) ;
#1511 = DIRECTION ( 'NONE',  ( 1.224646805319259428E-16, 0.000000000000000000, -1.000000000000000000 ) ) ;
#1512 = CARTESIAN_POINT ( 'NONE',  ( -14.09210540465126194, 16.83678048745307265, 9.602249608890768547E-08 ) ) ;
#1513 =( GEOMETRIC_REPRESENTATION_CONTEXT ( 3 ) GLOBAL_UNCERTAINTY_ASSIGNED_CONTEXT ( ( #1867 ) ) GLOBAL_UNIT_ASSIGNED_CONTEXT ( ( #4517, #5050, #6303 ) ) REPRESENTATION_CONTEXT ( 'NONE', 'WORKASPACE' ) );
#1514 = ORIENTED_EDGE ( 'NONE', *, *, #5912, .F. ) ;
#1515 = ADVANCED_FACE ( 'NONE', ( #3433, #4773 ), #3372, .F. ) ;
#1516 = DIRECTION ( 'NONE',  ( 0.000000000000000000, 0.2648642316819889708, 0.9642857142857139685 ) ) ;
#1517 = ORIENTED_EDGE ( 'NONE', *, *, #862, .F. ) ;
#1518 = PRESENTATION_LAYER_ASSIGNMENT (  '', '', ( #3517 ) ) ;
#1519 = DIRECTION ( 'NONE',  ( 0.000000000000000000, 1.000000000000000000, 0.000000000000000000 ) ) ;
#1520 = CARTESIAN_POINT ( 'NONE',  ( -1.415112614726319400E-07, -0.5711142493669206788, 9.602249662979534408E-08 ) ) ;
#1521 = ORIENTED_EDGE ( 'NONE', *, *, #3232, .F. ) ;
#1522 = EDGE_CURVE ( 'NONE', #2444, #4566, #5772, .T. ) ;
#1523 = ORIENTED_EDGE ( 'NONE', *, *, #6450, .T. ) ;
#1524 =( LENGTH_UNIT ( ) NAMED_UNIT ( * ) SI_UNIT ( .MILLI., .METRE. ) );
#1525 = FACE_BOUND ( 'NONE', #4924, .T. ) ;
#1526 = FILL_AREA_STYLE ('',( #3424 ) ) ;
#1527 = DIRECTION ( 'NONE',  ( 0.000000000000000000, 0.000000000000000000, 1.000000000000000000 ) ) ;
#1528 = VERTEX_POINT ( 'NONE', #2553 ) ;
#1529 = DIRECTION ( 'NONE',  ( -1.826024711554539830E-16, -1.000000000000000000, 0.000000000000000000 ) ) ;
#1530 = CARTESIAN_POINT ( 'NONE',  ( -1.415112614726319400E-07, 25.12625417165307695, 9.602249662979534408E-08 ) ) ;
#1531 = UNCERTAINTY_MEASURE_WITH_UNIT (LENGTH_MEASURE( 1.000000000000000082E-05 ), #4680, 'distance_accuracy_value', 'NONE');
#1532 = DIRECTION ( 'NONE',  ( 1.000000000000000000, -5.782411586589120980E-16, -0.000000000000000000 ) ) ;
#1533 = DIRECTION ( 'NONE',  ( -0.000000000000000000, -0.000000000000000000, -1.000000000000000000 ) ) ;
#1534 = SURFACE_STYLE_USAGE ( .BOTH. , #5133 ) ;
#1535 = SURFACE_SIDE_STYLE ('',( #4578 ) ) ;
#1536 = FILL_AREA_STYLE ('',( #2527 ) ) ;
#1537 = CARTESIAN_POINT ( 'NONE',  ( 2.486841963748738227, 19.15943131362183394, 13.87094264117508047 ) ) ;
#1538 = CARTESIAN_POINT ( 'NONE',  ( 13.88508052520095504, 19.96989193396155926, -2.406866336249393612 ) ) ;
#1539 = DIRECTION ( 'NONE',  ( -0.000000000000000000, -1.000000000000000000, -0.000000000000000000 ) ) ;
#1540 = CARTESIAN_POINT ( 'NONE',  ( -14.09210540465126726, 21.81046469797307807, -0.1624728050654437039 ) ) ;
#1541 = ORIENTED_EDGE ( 'NONE', *, *, #4358, .T. ) ;
#1542 = VECTOR ( 'NONE', #3367, 1000.000000000000000 ) ;
#1543 = CYLINDRICAL_SURFACE ( 'NONE', #5839, 2.486842105260000491 ) ;
#1544 = CYLINDRICAL_SURFACE ( 'NONE', #4295, 2.486842105260000491 ) ;
#1545 = CARTESIAN_POINT ( 'NONE',  ( -6.424342101999999777, 10.56907894200000086, 6.217105260000000300 ) ) ;
#1546 = ORIENTED_EDGE ( 'NONE', *, *, #6024, .F. ) ;
#1547 = EDGE_CURVE ( 'NONE', #3429, #2543, #1468, .T. ) ;
#1548 =( NAMED_UNIT ( * ) PLANE_ANGLE_UNIT ( ) SI_UNIT ( $, .RADIAN. ) );
#1549 =( GEOMETRIC_REPRESENTATION_CONTEXT ( 3 ) GLOBAL_UNCERTAINTY_ASSIGNED_CONTEXT ( ( #582 ) ) GLOBAL_UNIT_ASSIGNED_CONTEXT ( ( #3463, #4967, #1006 ) ) REPRESENTATION_CONTEXT ( 'NONE', 'WORKASPACE' ) );
#1550 = CIRCLE ( 'NONE', #4058, 2.486842105260000046 ) ;
#1551 = EDGE_LOOP ( 'NONE', ( #6267, #5976, #25, #6448 ) ) ;
#1552 = B_SPLINE_CURVE_WITH_KNOTS ( 'NONE', 3,
 ( #2173, #6158, #4138, #3302, #297, #3800, #810, #6128, #3338, #3683 ),
 .UNSPECIFIED., .F., .F.,
 ( 4, 2, 2, 2, 4 ),
 ( -1.961647507430044866E-05, 0.004200436817917420525, 0.006310463464413278330, 0.007365476787661209834, 0.008420490110909138737 ),
 .UNSPECIFIED. ) ;
#1553 = EDGE_LOOP ( 'NONE', ( #4499, #3704, #2893, #2117 ) ) ;
#1554 = SURFACE_STYLE_FILL_AREA ( #6030 ) ;
#1555 = AXIS2_PLACEMENT_3D ( 'NONE', #245, #2787, #1328 ) ;
#1556 = PRESENTATION_LAYER_ASSIGNMENT (  '', '', ( #1254 ) ) ;
#1557 = ORIENTED_EDGE ( 'NONE', *, *, #5475, .F. ) ;
#1558 =( BOUNDED_SURFACE ( )  B_SPLINE_SURFACE ( 3, 2, ( 
 ( #625, #4169, #4624 ),
 ( #5202, #3659, #690 ),
 ( #6162, #5601, #1071 ),
 ( #6064, #1105, #1618 ),
 ( #593, #5544, #118 ),
 ( #569, #5630, #1683 ),
 ( #2118, #1165, #3145 ),
 ( #3690, #3595, #3085 ),
 ( #2695, #4104, #5660 ),
 ( #4689, #4077, #3566 ),
 ( #2147, #207, #152 ),
 ( #4141, #6132, #1647 ) ),
 .UNSPECIFIED., .F., .F., .F. ) 
 B_SPLINE_SURFACE_WITH_KNOTS ( ( 4, 2, 2, 2, 2, 4 ),
 ( 3, 3 ),
 ( 0.005059068415881524429, 0.006119126295483891601, 0.007179184175086259639, 0.009299299934290993982, 0.01141941569349572833, 0.01353953145270046440 ),
 ( 0.000000000000000000, 1.000000000000000000 ),
 .UNSPECIFIED. ) 
 GEOMETRIC_REPRESENTATION_ITEM ( )  RATIONAL_B_SPLINE_SURFACE ( (
 ( 1.000000000000000000, 0.7071067811865470176, 1.000000000000000000),
 ( 1.000000000000000000, 0.7305314327747676195, 1.000000000000000000),
 ( 1.000000000000000000, 0.7528742600246691730, 1.000000000000000000),
 ( 1.000000000000000000, 0.7945085820106649876, 1.000000000000000000),
 ( 1.000000000000000000, 0.8139225236493424775, 1.000000000000000000),
 ( 1.000000000000000000, 0.8681225655720324896, 1.000000000000000000),
 ( 1.000000000000000000, 0.8988959677840334672, 1.000000000000000000),
 ( 1.000000000000000000, 0.9489655934737414311, 1.000000000000000000),
 ( 1.000000000000000000, 0.9680087867991122863, 1.000000000000000000),
 ( 1.000000000000000000, 0.9935379408471934903, 1.000000000000000000),
 ( 1.000000000000000000, 1.000008560896346266, 1.000000000000000000),
 ( 1.000000000000000000, 1.000000000000000000, 1.000000000000000000) ) ) 
 REPRESENTATION_ITEM ( '' )  SURFACE ( )  );
#1559 = DIRECTION ( 'NONE',  ( 1.000000000000000000, -1.826024711554539830E-16, -0.000000000000000000 ) ) ;
#1560 = FACE_OUTER_BOUND ( 'NONE', #5944, .T. ) ;
#1561 = EDGE_CURVE ( 'NONE', #3672, #4991, #836, .T. ) ;
#1562 = SURFACE_STYLE_USAGE ( .BOTH. , #4632 ) ;
#1563 = DIRECTION ( 'NONE',  ( -1.000000000000000000, 1.860162034206769225E-14, 0.000000000000000000 ) ) ;
#1564 = DIRECTION ( 'NONE',  ( 1.000000000000000000, 0.000000000000000000, 0.000000000000000000 ) ) ;
#1565 = SURFACE_STYLE_USAGE ( .BOTH. , #1507 ) ;
#1566 = CARTESIAN_POINT ( 'NONE',  ( 2.470740265407305181, 18.99780244028325527, 13.87385698691438307 ) ) ;
#1567 = CARTESIAN_POINT ( 'NONE',  ( 13.87391702578547559, 19.65191591482533795, -2.470403429495440673 ) ) ;
#1568 = DIRECTION ( 'NONE',  ( 0.000000000000000000, -1.000000000000000000, 0.000000000000000000 ) ) ;
#1569 = EDGE_LOOP ( 'NONE', ( #2970, #1688, #53, #5991 ) ) ;
#1570 =( NAMED_UNIT ( * ) SI_UNIT ( $, .STERADIAN. ) SOLID_ANGLE_UNIT ( ) );
#1571 =( NAMED_UNIT ( * ) PLANE_ANGLE_UNIT ( ) SI_UNIT ( $, .RADIAN. ) );
#1572 = DIRECTION ( 'NONE',  ( -1.000000000000000000, -0.000000000000000000, -0.000000000000000000 ) ) ;
#1573 = VECTOR ( 'NONE', #287, 1000.000000000000000 ) ;
#1574 = UNCERTAINTY_MEASURE_WITH_UNIT (LENGTH_MEASURE( 1.000000000000000082E-05 ), #5643, 'distance_accuracy_value', 'NONE');
#1575 = VECTOR ( 'NONE', #5738, 1000.000000000000000 ) ;
#1576 = STYLED_ITEM ( 'NONE', ( #5611 ), #1293 ) ;
#1577 = ORIENTED_EDGE ( 'NONE', *, *, #1474, .T. ) ;
#1578 = AXIS2_PLACEMENT_3D ( 'NONE', #5612, #5675, #134 ) ;
#1579 = PRESENTATION_LAYER_ASSIGNMENT (  '', '', ( #221 ) ) ;
#1580 = EDGE_CURVE ( 'NONE', #5825, #4061, #3013, .T. ) ;
#1581 = ORIENTED_EDGE ( 'NONE', *, *, #6105, .F. ) ;
#1582 = CARTESIAN_POINT ( 'NONE',  ( 25.69736827950874414, -32.90006161774692117, -3.073819013756638796 ) ) ;
#1583 = VECTOR ( 'NONE', #4122, 1000.000000000000000 ) ;
#1584 =( NAMED_UNIT ( * ) SI_UNIT ( $, .STERADIAN. ) SOLID_ANGLE_UNIT ( ) );
#1585 = EDGE_CURVE ( 'NONE', #6202, #4592, #2495, .T. ) ;
#1586 = ORIENTED_EDGE ( 'NONE', *, *, #50, .T. ) ;
#1587 = SURFACE_SIDE_STYLE ('',( #1077 ) ) ;
#1588 = AXIS2_PLACEMENT_3D ( 'NONE', #3412, #845, #3342 ) ;
#1589 = CARTESIAN_POINT ( 'NONE',  ( -3.516925830957258636, 3.516925830957219556, 3.516925830957230215 ) ) ;
#1590 = AXIS2_PLACEMENT_3D ( 'NONE', #643, #1188, #681 ) ;
#1591 = CARTESIAN_POINT ( 'NONE',  ( 0.000000000000000000, 4.973684208000001661, 4.973684208000001661 ) ) ;
#1592 =( NAMED_UNIT ( * ) SI_UNIT ( $, .STERADIAN. ) SOLID_ANGLE_UNIT ( ) );
#1593 = CARTESIAN_POINT ( 'NONE',  ( -4.973684208000001661, 4.973684207999983897, 6.091006445296940059E-16 ) ) ;
#1594 = CARTESIAN_POINT ( 'NONE',  ( 3.218011292830716297, 9.613432156389022154, -14.09210516711750394 ) ) ;
#1595 = ADVANCED_FACE ( 'NONE', ( #3574 ), #484, .F. ) ;
#1596 =( LENGTH_UNIT ( ) NAMED_UNIT ( * ) SI_UNIT ( .MILLI., .METRE. ) );
#1597 = CARTESIAN_POINT ( 'NONE',  ( -7.994079061797906505, 8.547306803253073682, -14.09210516711750394 ) ) ;
#1598 = DIRECTION ( 'NONE',  ( 1.000000000000000000, 4.336808689942038444E-16, -0.000000000000000000 ) ) ;
#1599 =( NAMED_UNIT ( * ) PLANE_ANGLE_UNIT ( ) SI_UNIT ( $, .RADIAN. ) );
#1600 = AXIS2_PLACEMENT_3D ( 'NONE', #4873, #1347, #3868 ) ;
#1601 = SPHERICAL_SURFACE ( 'NONE', #3990, 2.486842105260000491 ) ;
#1602 = CARTESIAN_POINT ( 'NONE',  ( -1.415112614726319400E-07, 27.61309627691307966, 9.602249662979534408E-08 ) ) ;
#1603 = CARTESIAN_POINT ( 'NONE',  ( 7.285182635081355329, 8.571670455243564746, -14.09210516711750927 ) ) ;
#1604 = DIRECTION ( 'NONE',  ( 1.000000000000000000, 4.336808689942038444E-16, -0.000000000000000000 ) ) ;
#1605 = EDGE_LOOP ( 'NONE', ( #4492, #935, #524, #187 ) ) ;
#1606 =( GEOMETRIC_REPRESENTATION_CONTEXT ( 3 ) GLOBAL_UNCERTAINTY_ASSIGNED_CONTEXT ( ( #5747 ) ) GLOBAL_UNIT_ASSIGNED_CONTEXT ( ( #5682, #232, #5151 ) ) REPRESENTATION_CONTEXT ( 'NONE', 'WORKASPACE' ) );
#1607 = STYLED_ITEM ( 'NONE', ( #691 ), #3760 ) ;
#1608 = DIRECTION ( 'NONE',  ( -1.000000000000000000, 0.000000000000000000, 0.000000000000000000 ) ) ;
#1609 = ORIENTED_EDGE ( 'NONE', *, *, #2055, .F. ) ;
#1610 = AXIS2_PLACEMENT_3D ( 'NONE', #2541, #4586, #4039 ) ;
#1611 = CIRCLE ( 'NONE', #255, 4.144736839999986877 ) ;
#1612 = SURFACE_STYLE_USAGE ( .BOTH. , #4071 ) ;
#1613 = CARTESIAN_POINT ( 'NONE',  ( -2.486842246771261866, 19.32362259271307536, -7.472030507725625270 ) ) ;
#1614 = ORIENTED_EDGE ( 'NONE', *, *, #3405, .T. ) ;
#1615 = DIRECTION ( 'NONE',  ( -1.000000000000000000, -3.491481338843133355E-15, 0.000000000000000000 ) ) ;
#1616 = SURFACE_SIDE_STYLE ('',( #4495 ) ) ;
#1617 = AXIS2_PLACEMENT_3D ( 'NONE', #4655, #4165, #5657 ) ;
#1618 = CARTESIAN_POINT ( 'NONE',  ( -6.962650063894237462, 11.03414890863028575, 12.25587353418096548 ) ) ;
#1619 = CIRCLE ( 'NONE', #4438, 2.486842105260000046 ) ;
#1620 = VERTEX_POINT ( 'NONE', #95 ) ;
#1621 = PRESENTATION_STYLE_ASSIGNMENT (( #180 ) ) ;
#1622 = DIRECTION ( 'NONE',  ( 0.000000000000000000, -0.9642857142857151898, -0.2648642316819850295 ) ) ;
#1623 = CARTESIAN_POINT ( 'NONE',  ( -7.994079061797906505, 8.547306803253073682, -14.09210516711750394 ) ) ;
#1624 = ADVANCED_FACE ( 'NONE', ( #1560 ), #5523, .T. ) ;
#1625 = CARTESIAN_POINT ( 'NONE',  ( 4.546273033716153655, 9.141661012341176118, 14.09210535916249896 ) ) ;
#1626 =( NAMED_UNIT ( * ) PLANE_ANGLE_UNIT ( ) SI_UNIT ( $, .RADIAN. ) );
#1627 = CARTESIAN_POINT ( 'NONE',  ( -1.415112614725853267E-07, 16.83678048745307265, -7.874999903967504267 ) ) ;
#1628 = DIRECTION ( 'NONE',  ( -1.000000000000000000, -3.491481338843132961E-15, -0.000000000000000000 ) ) ;
#1629 = CARTESIAN_POINT ( 'NONE',  ( -3.218011575853257256, 9.613432156389015049, -14.09210516711750394 ) ) ;
#1630 = PLANE ( 'NONE',  #5986 ) ;
#1631 = DIRECTION ( 'NONE',  ( -0.000000000000000000, 0.000000000000000000, 1.000000000000000000 ) ) ;
#1632 = CIRCLE ( 'NONE', #2025, 9.947368421040000186 ) ;
#1633 = DIRECTION ( 'NONE',  ( -0.000000000000000000, 0.000000000000000000, 1.000000000000000000 ) ) ;
#1634 = EDGE_CURVE ( 'NONE', #960, #4220, #3861, .T. ) ;
#1635 = CARTESIAN_POINT ( 'NONE',  ( -13.89324559516873769, 20.12477163149900861, -2.359908588318477829 ) ) ;
#1636 = FACE_OUTER_BOUND ( 'NONE', #2090, .T. ) ;
#1637 = ORIENTED_EDGE ( 'NONE', *, *, #5881, .T. ) ;
#1638 = CARTESIAN_POINT ( 'NONE',  ( -7.477446918466934100, 18.99696625607920097, -2.470740021379703943 ) ) ;
#1639 = CARTESIAN_POINT ( 'NONE',  ( -4.973684208000001661, 0.000000000000000000, 4.973684208000001661 ) ) ;
#1640 = ORIENTED_EDGE ( 'NONE', *, *, #3811, .F. ) ;
#1641 = CARTESIAN_POINT ( 'NONE',  ( -3.516925830957230215, -3.516925830957267518, -3.516925830957259080 ) ) ;
#1642 = CARTESIAN_POINT ( 'NONE',  ( -1.415112614726319400E-07, 27.61309627691307966, 9.602249662979534408E-08 ) ) ;
#1643 = ORIENTED_EDGE ( 'NONE', *, *, #3363, .F. ) ;
#1644 = AXIS2_PLACEMENT_3D ( 'NONE', #1337, #3896, #4439 ) ;
#1645 = DIRECTION ( 'NONE',  ( -1.000000000000000000, -0.000000000000000000, -0.000000000000000000 ) ) ;
#1646 = SURFACE_SIDE_STYLE ('',( #2032 ) ) ;
#1647 = CARTESIAN_POINT ( 'NONE',  ( -1.415112597468467527E-07, 11.03414890851307462, 14.09210535916249896 ) ) ;
#1648 = DIRECTION ( 'NONE',  ( 1.826024711554539830E-16, -1.000000000000000000, 0.000000000000000000 ) ) ;
#1649 = UNCERTAINTY_MEASURE_WITH_UNIT (LENGTH_MEASURE( 1.000000000000000082E-05 ), #2369, 'distance_accuracy_value', 'NONE');
#1650 = PRESENTATION_LAYER_ASSIGNMENT (  '', '', ( #5518 ) ) ;
#1651 = ORIENTED_EDGE ( 'NONE', *, *, #5005, .T. ) ;
#1652 = EDGE_LOOP ( 'NONE', ( #4360, #3792 ) ) ;
#1653 = AXIS2_PLACEMENT_3D ( 'NONE', #314, #2304, #2817 ) ;
#1654 = FILL_AREA_STYLE_COLOUR ( '', #4706 ) ;
#1655 = COLOUR_RGB ( '',0.5372549019607842924, 0.3490196078431372362, 0.3372549019607843368 ) ;
#1656 = MECHANICAL_DESIGN_GEOMETRIC_PRESENTATION_REPRESENTATION (  '', ( #1355 ), #3019 ) ;
#1657 = SURFACE_STYLE_FILL_AREA ( #4176 ) ;
#1658 = VECTOR ( 'NONE', #3044, 1000.000000000000000 ) ;
#1659 = SURFACE_STYLE_FILL_AREA ( #2282 ) ;
#1660 = CARTESIAN_POINT ( 'NONE',  ( 13.88505945920794993, 19.96959070200883346, 2.406988878740486282 ) ) ;
#1661 = MECHANICAL_DESIGN_GEOMETRIC_PRESENTATION_REPRESENTATION (  '', ( #1772 ), #2806 ) ;
#1662 = DIRECTION ( 'NONE',  ( 0.000000000000000000, 0.2648642316819864173, 0.9642857142857147457 ) ) ;
#1663 = EDGE_CURVE ( 'NONE', #2296, #6308, #4262, .T. ) ;
#1664 =( NAMED_UNIT ( * ) SI_UNIT ( $, .STERADIAN. ) SOLID_ANGLE_UNIT ( ) );
#1665 =( NAMED_UNIT ( * ) SI_UNIT ( $, .STERADIAN. ) SOLID_ANGLE_UNIT ( ) );
#1666 = FACE_OUTER_BOUND ( 'NONE', #1425, .T. ) ;
#1667 = CARTESIAN_POINT ( 'NONE',  ( 15.74999985846875461, -32.90006161774692117, -11.60526306185750478 ) ) ;
#1668 = LINE ( 'NONE', #2618, #3715 ) ;
#1669 = CARTESIAN_POINT ( 'NONE',  ( 1.643708289081502238, 17.45040354185802656, -7.702448236289747285 ) ) ;
#1670 =( LENGTH_UNIT ( ) NAMED_UNIT ( * ) SI_UNIT ( .MILLI., .METRE. ) );
#1671 = ORIENTED_EDGE ( 'NONE', *, *, #2896, .T. ) ;
#1672 = FACE_OUTER_BOUND ( 'NONE', #4242, .T. ) ;
#1673 = ADVANCED_FACE ( 'NONE', ( #3317 ), #4336, .F. ) ;
#1674 = DIRECTION ( 'NONE',  ( -1.000000000000000000, -1.826024711554539830E-16, 0.000000000000000000 ) ) ;
#1675 = CARTESIAN_POINT ( 'NONE',  ( -0.6467804433444865886, 21.73039874495147572, 14.07816161802543675 ) ) ;
#1676 = DIRECTION ( 'NONE',  ( -7.520190230371143069E-16, 0.2648642316819880826, 0.9642857142857144126 ) ) ;
#1677 = VERTEX_POINT ( 'NONE', #1300 ) ;
#1678 = LINE ( 'NONE', #5120, #1575 ) ;
#1679 = ORIENTED_EDGE ( 'NONE', *, *, #6032, .F. ) ;
#1680 = CARTESIAN_POINT ( 'NONE',  ( 10.56907894200002040, 4.973684208000038964, 6.091006445296940059E-16 ) ) ;
#1681 = EDGE_CURVE ( 'NONE', #5710, #5594, #6259, .T. ) ;
#1682 = DIRECTION ( 'NONE',  ( 0.000000000000000000, 0.000000000000000000, 1.000000000000000000 ) ) ;
#1683 = CARTESIAN_POINT ( 'NONE',  ( -5.799647009225147976, 11.03414890894825007, 12.86027880412481217 ) ) ;
#1684 = PRESENTATION_LAYER_ASSIGNMENT (  '', '', ( #1793 ) ) ;
#1685 = AXIS2_PLACEMENT_3D ( 'NONE', #5979, #573, #542 ) ;
#1686 = LINE ( 'NONE', #1786, #3280 ) ;
#1687 = AXIS2_PLACEMENT_3D ( 'NONE', #1520, #4989, #564 ) ;
#1688 = ORIENTED_EDGE ( 'NONE', *, *, #1926, .T. ) ;
#1689 = FILL_AREA_STYLE ('',( #158 ) ) ;
#1690 =( GEOMETRIC_REPRESENTATION_CONTEXT ( 3 ) GLOBAL_UNCERTAINTY_ASSIGNED_CONTEXT ( ( #5916 ) ) GLOBAL_UNIT_ASSIGNED_CONTEXT ( ( #3900, #2834, #1408 ) ) REPRESENTATION_CONTEXT ( 'NONE', 'WORKASPACE' ) );
#1691 = MECHANICAL_DESIGN_GEOMETRIC_PRESENTATION_REPRESENTATION (  '', ( #3691 ), #2540 ) ;
#1692 = CARTESIAN_POINT ( 'NONE',  ( 6.681736708014570425, 11.03414890829565209, 12.41171366883545879 ) ) ;
#1693 = CARTESIAN_POINT ( 'NONE',  ( 3.315789332168654457, 1.915727855893080811, 14.09210535916249896 ) ) ;
#1694 =( GEOMETRIC_REPRESENTATION_CONTEXT ( 3 ) GLOBAL_UNCERTAINTY_ASSIGNED_CONTEXT ( ( #88 ) ) GLOBAL_UNIT_ASSIGNED_CONTEXT ( ( #4936, #5978, #33 ) ) REPRESENTATION_CONTEXT ( 'NONE', 'WORKASPACE' ) );
#1695 = ORIENTED_EDGE ( 'NONE', *, *, #516, .T. ) ;
#1696 = DIRECTION ( 'NONE',  ( 1.000000000000000000, 0.000000000000000000, 0.000000000000000000 ) ) ;
#1697 = CARTESIAN_POINT ( 'NONE',  ( 6.424342101999999777, 10.56907894200000086, 6.217105260000000300 ) ) ;
#1698 = CARTESIAN_POINT ( 'NONE',  ( -7.994079061797902064, 11.03414890851307284, -14.09210516711750749 ) ) ;
#1699 = MECHANICAL_DESIGN_GEOMETRIC_PRESENTATION_REPRESENTATION (  '', ( #238 ), #4711 ) ;
#1700 = CARTESIAN_POINT ( 'NONE',  ( 0.000000000000000000, -4.973684208000001661, 4.973684208000001661 ) ) ;
#1701 = DIRECTION ( 'NONE',  ( -1.000000000000000000, -0.000000000000000000, -0.000000000000000000 ) ) ;
#1702 = CARTESIAN_POINT ( 'NONE',  ( 2.156113411015060599, 18.07401104614925202, -7.574657131573441227 ) ) ;
#1703 = CARTESIAN_POINT ( 'NONE',  ( 7.552006124045512081, 20.43000806353036225, -2.233194091502756606 ) ) ;
#1704 = EDGE_CURVE ( 'NONE', #3698, #454, #705, .T. ) ;
#1705 = ORIENTED_EDGE ( 'NONE', *, *, #394, .T. ) ;
#1706 = CARTESIAN_POINT ( 'NONE',  ( -7.875000141501267592, 21.81046469797308873, -0.1630080183107359693 ) ) ;
#1707 = ORIENTED_EDGE ( 'NONE', *, *, #4231, .T. ) ;
#1708 = AXIS2_PLACEMENT_3D ( 'NONE', #3808, #1676, #5786 ) ;
#1709 = DIRECTION ( 'NONE',  ( 0.000000000000000000, -1.000000000000000000, 0.000000000000000000 ) ) ;
#1710 =( REPRESENTATION_RELATIONSHIP ('NONE','NONE', #4274, #68 ) REPRESENTATION_RELATIONSHIP_WITH_TRANSFORMATION ( #1824 )SHAPE_REPRESENTATION_RELATIONSHIP( ) );
#1711 = CARTESIAN_POINT ( 'NONE',  ( -2.156914046981468935, 20.57193478144613508, 13.92635728827837305 ) ) ;
#1712 = ORIENTED_EDGE ( 'NONE', *, *, #5113, .F. ) ;
#1713 = CARTESIAN_POINT ( 'NONE',  ( -15.75000014149127381, -32.90006161774690696, 14.09210535916249896 ) ) ;
#1714 = EDGE_CURVE ( 'NONE', #5207, #5825, #2904, .T. ) ;
#1715 =( NAMED_UNIT ( * ) PLANE_ANGLE_UNIT ( ) SI_UNIT ( $, .RADIAN. ) );
#1716 = EDGE_CURVE ( 'NONE', #5244, #1466, #2395, .T. ) ;
#1717 = COLOUR_RGB ( '',0.5372549019607842924, 0.3490196078431372362, 0.3372549019607843368 ) ;
#1718 = FILL_AREA_STYLE ('',( #3279 ) ) ;
#1719 = COLOUR_RGB ( '',0.5372549019607842924, 0.3490196078431372362, 0.3372549019607843368 ) ;
#1720 = ORIENTED_EDGE ( 'NONE', *, *, #5984, .F. ) ;
#1721 = SURFACE_STYLE_USAGE ( .BOTH. , #4235 ) ;
#1722 = AXIS2_PLACEMENT_3D ( 'NONE', #6019, #1055, #6465 ) ;
#1723 = PRESENTATION_LAYER_ASSIGNMENT (  '', '', ( #3509 ) ) ;
#1724 = DIRECTION ( 'NONE',  ( -1.826024711554539830E-16, -1.000000000000000000, 0.000000000000000000 ) ) ;
#1725 = EDGE_CURVE ( 'NONE', #819, #4991, #823, .T. ) ;
#1726 =( LENGTH_UNIT ( ) NAMED_UNIT ( * ) SI_UNIT ( .MILLI., .METRE. ) );
#1727 = PRESENTATION_LAYER_ASSIGNMENT (  '', '', ( #4542 ) ) ;
#1728 = VECTOR ( 'NONE', #1324, 1000.000000000000000 ) ;
#1730 = ORIENTED_EDGE ( 'NONE', *, *, #2178, .T. ) ;
#1729 = CIRCLE ( 'NONE', #4852, 11.60526315788000140 ) ;
#1731 = PRESENTATION_LAYER_ASSIGNMENT (  '', '', ( #105 ) ) ;
#1732 = DIRECTION ( 'NONE',  ( -2.989546126403734733E-16, -1.000000000000000000, 0.000000000000000000 ) ) ;
#1733 = VECTOR ( 'NONE', #5357, 1000.000000000000000 ) ;
#1734 = CARTESIAN_POINT ( 'NONE',  ( 15.74999985846866224, 8.547306803253073682, -14.09210516711750394 ) ) ;
#1735 = VERTEX_POINT ( 'NONE', #1266 ) ;
#1736 = SURFACE_STYLE_USAGE ( .BOTH. , #3159 ) ;
#1737 = SPHERICAL_SURFACE ( 'NONE', #3582, 2.486842105260000491 ) ;
#1738 = B_SPLINE_CURVE_WITH_KNOTS ( 'NONE', 3,
 ( #200, #2714, #2169, #6190, #6155, #1192, #1711, #3719, #1230, #3170, #3203, #5225, #4161, #714, #1675, #684, #3678, #4433 ),
 .UNSPECIFIED., .F., .F.,
 ( 4, 2, 2, 2, 2, 2, 2, 2, 4 ),
 ( 0.003896085555667116573, 0.004382858427140244942, 0.004869631298613372877, 0.005356404170086500813, 0.005843177041559628748, 0.006329949913032756684, 0.006816722784505884619, 0.007303495655979013422, 0.007790268527452141357 ),
 .UNSPECIFIED. ) ;
#1739 = CARTESIAN_POINT ( 'NONE',  ( -39.00803756922543641, 20.11016949152541144, 1.861560328787486385E-17 ) ) ;
#1740 = DIRECTION ( 'NONE',  ( -1.000000000000000000, -3.491481338843133355E-15, 0.000000000000000000 ) ) ;
#1741 = CARTESIAN_POINT ( 'NONE',  ( 2.486841963748944284, 19.32362259271337379, -7.472030507725583526 ) ) ;
#1742 = CARTESIAN_POINT ( 'NONE',  ( 7.574654401833664785, 20.57321803886553013, -2.156122874987956628 ) ) ;
#1743 = ORIENTED_EDGE ( 'NONE', *, *, #5912, .T. ) ;
#1744 = CYLINDRICAL_SURFACE ( 'NONE', #5480, 4.973684208000001661 ) ;
#1745 =( NAMED_UNIT ( * ) PLANE_ANGLE_UNIT ( ) SI_UNIT ( $, .RADIAN. ) );
#1746 = CARTESIAN_POINT ( 'NONE',  ( -0.8031324897331504342, 16.96439936988785391, 14.07000996682925376 ) ) ;
#1747 = EDGE_LOOP ( 'NONE', ( #3028, #386, #5091, #1889, #3650, #4270, #3049, #482 ) ) ;
#1748 = LINE ( 'NONE', #4719, #2456 ) ;
#1749 = EDGE_LOOP ( 'NONE', ( #4166, #4158 ) ) ;
#1750 = FILL_AREA_STYLE ('',( #4167 ) ) ;
#1751 =( NAMED_UNIT ( * ) PLANE_ANGLE_UNIT ( ) SI_UNIT ( $, .RADIAN. ) );
#1752 =( NAMED_UNIT ( * ) PLANE_ANGLE_UNIT ( ) SI_UNIT ( $, .RADIAN. ) );
#1753 = EDGE_CURVE ( 'NONE', #3186, #3685, #1249, .T. ) ;
#1754 = CARTESIAN_POINT ( 'NONE',  ( -15.75000014149127381, -21.70927214407692674, 9.602249662979534408E-08 ) ) ;
#1755 = CARTESIAN_POINT ( 'NONE',  ( -14.08922256722169131, 16.85296641037488996, 0.3271908465592893167 ) ) ;
#1756 = CARTESIAN_POINT ( 'NONE',  ( 1.423471752655807387, 10.73677466620000587, -14.09210516711750216 ) ) ;
#1757 = ORIENTED_EDGE ( 'NONE', *, *, #3215, .T. ) ;
#1758 = CARTESIAN_POINT ( 'NONE',  ( 7.662196671173374440, -1.354971693965693280, -1.856065850851048360 ) ) ;
#1759 = EDGE_CURVE ( 'NONE', #3696, #3461, #4821, .T. ) ;
#1760 = TOROIDAL_SURFACE ( 'NONE', #89, 11.60526315788000140, 2.486842105260000491 ) ;
#1761 = VECTOR ( 'NONE', #5923, 1000.000000000000000 ) ;
#1762 =( NAMED_UNIT ( * ) PLANE_ANGLE_UNIT ( ) SI_UNIT ( $, .RADIAN. ) );
#1763 = EDGE_LOOP ( 'NONE', ( #5219, #2928, #1172, #4041, #566, #4897, #2730, #4372, #1643, #3586, #4887, #4198 ) ) ;
#1764 = FACE_OUTER_BOUND ( 'NONE', #6229, .T. ) ;
#1765 = CARTESIAN_POINT ( 'NONE',  ( 25.69736827950874414, -32.90006161774692117, -3.073819013756638796 ) ) ;
#1766 = MECHANICAL_DESIGN_GEOMETRIC_PRESENTATION_REPRESENTATION (  '', ( #3754 ), #5836 ) ;
#1767 = FACE_OUTER_BOUND ( 'NONE', #898, .T. ) ;
#1768 =( GEOMETRIC_REPRESENTATION_CONTEXT ( 3 ) GLOBAL_UNCERTAINTY_ASSIGNED_CONTEXT ( ( #1267 ) ) GLOBAL_UNIT_ASSIGNED_CONTEXT ( ( #3468, #4442, #5461 ) ) REPRESENTATION_CONTEXT ( 'NONE', 'WORKASPACE' ) );
#1769 = CARTESIAN_POINT ( 'NONE',  ( 10.56907894200003817, 3.690174189475305067E-14, 0.000000000000000000 ) ) ;
#1770 = CARTESIAN_POINT ( 'NONE',  ( -15.75000014149118321, 11.03414890851307639, 11.60526325390249980 ) ) ;
#1771 = CARTESIAN_POINT ( 'NONE',  ( 0.6494496473556946592, 16.91744764938645318, -7.849839167318703126 ) ) ;
#1772 = STYLED_ITEM ( 'NONE', ( #5524 ), #2751 ) ;
#1773 = FILL_AREA_STYLE_COLOUR ( '', #2344 ) ;
#1774 = MECHANICAL_DESIGN_GEOMETRIC_PRESENTATION_REPRESENTATION (  '', ( #3955 ), #5608 ) ;
#1775 = CARTESIAN_POINT ( 'NONE',  ( 25.69736827950875124, -1.400061617787011325, -14.09210516711750394 ) ) ;
#1776 = UNCERTAINTY_MEASURE_WITH_UNIT (LENGTH_MEASURE( 1.000000000000000082E-05 ), #4034, 'distance_accuracy_value', 'NONE');
#1777 = ORIENTED_EDGE ( 'NONE', *, *, #4580, .F. ) ;
#1778 = FILL_AREA_STYLE ('',( #2690 ) ) ;
#1779 = MECHANICAL_DESIGN_GEOMETRIC_PRESENTATION_REPRESENTATION (  '', ( #4075 ), #5952 ) ;
#1780 = CARTESIAN_POINT ( 'NONE',  ( 2.470740265407305625, 19.64944274514290257, -13.87385679486938272 ) ) ;
#1781 =( NAMED_UNIT ( * ) PLANE_ANGLE_UNIT ( ) SI_UNIT ( $, .RADIAN. ) );
#1782 = ORIENTED_EDGE ( 'NONE', *, *, #1041, .F. ) ;
#1783 = CARTESIAN_POINT ( 'NONE',  ( -2.486842246771261866, 19.32362259271307536, -13.87094244913008900 ) ) ;
#1784 = DIRECTION ( 'NONE',  ( 0.000000000000000000, 0.000000000000000000, 1.000000000000000000 ) ) ;
#1785 = UNCERTAINTY_MEASURE_WITH_UNIT (LENGTH_MEASURE( 1.000000000000000082E-05 ), #720, 'distance_accuracy_value', 'NONE');
#1786 = CARTESIAN_POINT ( 'NONE',  ( -25.69736856253124913, -35.38690372300693099, 3.073819205801632037 ) ) ;
#1787 = ORIENTED_EDGE ( 'NONE', *, *, #2742, .T. ) ;
#1788 = ADVANCED_FACE ( 'NONE', ( #349 ), #4764, .F. ) ;
#1789 = CARTESIAN_POINT ( 'NONE',  ( 1.550892753819892667, 11.03414890866993936, -14.02722199159945582 ) ) ;
#1790 = VERTEX_POINT ( 'NONE', #4884 ) ;
#1791 = CARTESIAN_POINT ( 'NONE',  ( -1.415112597468466204E-07, 21.81046469797307807, 14.09210535916249896 ) ) ;
#1792 = AXIS2_PLACEMENT_3D ( 'NONE', #3537, #4962, #5915 ) ;
#1793 = STYLED_ITEM ( 'NONE', ( #1389 ), #1797 ) ;
#1794 = CARTESIAN_POINT ( 'NONE',  ( 3.218011292830729175, 9.613432156389022154, 14.09210535916249896 ) ) ;
#1795 = PRESENTATION_STYLE_ASSIGNMENT (( #3258 ) ) ;
#1796 = CARTESIAN_POINT ( 'NONE',  ( 6.091006445296940059E-16, 4.973684208000001661, -4.973684208000001661 ) ) ;
#1797 = ADVANCED_FACE ( 'NONE', ( #5934 ), #2848, .T. ) ;
#1798 = COLOUR_RGB ( '',0.5372549019607842924, 0.3490196078431372362, 0.3372549019607843368 ) ;
#1799 = EDGE_LOOP ( 'NONE', ( #2823, #201, #6284, #4867 ) ) ;
#1800 = VECTOR ( 'NONE', #2335, 1000.000000000000000 ) ;
#1801 = DIRECTION ( 'NONE',  ( 1.000000000000000000, 4.336808689942038444E-16, -0.000000000000000000 ) ) ;
#1802 = CARTESIAN_POINT ( 'NONE',  ( -0.7071697347079111129, 10.88631100088313453, -14.09210516711628181 ) ) ;
#1803 = SURFACE_STYLE_USAGE ( .BOTH. , #4182 ) ;
#1804 = DIRECTION ( 'NONE',  ( 0.000000000000000000, 0.000000000000000000, 1.000000000000000000 ) ) ;
#1805 = AXIS2_PLACEMENT_3D ( 'NONE', #6320, #1872, #4248 ) ;
#1806 = CARTESIAN_POINT ( 'NONE',  ( 2.486841963748757323, 19.15973821291481372, -7.472030507725619941 ) ) ;
#1807 = LINE ( 'NONE', #3270, #4018 ) ;
#1808 = EDGE_CURVE ( 'NONE', #473, #3465, #3456, .T. ) ;
#1809 = ORIENTED_EDGE ( 'NONE', *, *, #4910, .T. ) ;
#1810 = DIRECTION ( 'NONE',  ( 2.461979162920722866E-16, -1.000000000000000000, 0.000000000000000000 ) ) ;
#1811 = SURFACE_STYLE_USAGE ( .BOTH. , #1381 ) ;
#1812 = ORIENTED_EDGE ( 'NONE', *, *, #129, .F. ) ;
#1813 = AXIS2_PLACEMENT_3D ( 'NONE', #4129, #5646, #5189 ) ;
#1814 = ORIENTED_EDGE ( 'NONE', *, *, #428, .T. ) ;
#1815 = TOROIDAL_SURFACE ( 'NONE', #3702, 9.947368421040001962, 2.486842105260000491 ) ;
#1816 = DIRECTION ( 'NONE',  ( 0.000000000000000000, 1.000000000000000000, 0.000000000000000000 ) ) ;
#1817 = CARTESIAN_POINT ( 'NONE',  ( -1.517121316035711542, 21.30077322412117269, -14.01085983278375480 ) ) ;
#1818 = FACE_OUTER_BOUND ( 'NONE', #5425, .T. ) ;
#1819 = SURFACE_STYLE_USAGE ( .BOTH. , #4302 ) ;
#1820 = VECTOR ( 'NONE', #2015, 1000.000000000000000 ) ;
#1821 = CIRCLE ( 'NONE', #3917, 2.486842105260000046 ) ;
#1822 = PLANE ( 'NONE',  #1345 ) ;
#1823 =( NAMED_UNIT ( * ) PLANE_ANGLE_UNIT ( ) SI_UNIT ( $, .RADIAN. ) );
#1824 = ITEM_DEFINED_TRANSFORMATION ( 'NONE', 'NONE', #2796,  #4055 ) ;
#1825 = ORIENTED_EDGE ( 'NONE', *, *, #1124, .F. ) ;
#1826 = CARTESIAN_POINT ( 'NONE',  ( -1.415112614744361466E-07, 11.03414890851307462, -14.09210516711750394 ) ) ;
#1827 = ORIENTED_EDGE ( 'NONE', *, *, #699, .F. ) ;
#1828 = STYLED_ITEM ( 'NONE', ( #4681 ), #5441 ) ;
#1829 = MECHANICAL_DESIGN_GEOMETRIC_PRESENTATION_REPRESENTATION (  '', ( #659 ), #768 ) ;
#1830 = CARTESIAN_POINT ( 'NONE',  ( 28.18421038476875395, -35.29808793353335972, 3.732494729325731342 ) ) ;
#1831 = FILL_AREA_STYLE_COLOUR ( '', #4960 ) ;
#1832 = COLOUR_RGB ( '',0.5372549019607842924, 0.3490196078431372362, 0.3372549019607843368 ) ;
#1833 = FILL_AREA_STYLE_COLOUR ( '', #6216 ) ;
#1834 = ORIENTED_EDGE ( 'NONE', *, *, #5156, .F. ) ;
#1835 = PRESENTATION_STYLE_ASSIGNMENT (( #5806 ) ) ;
#1836 = PRODUCT_DEFINITION_SHAPE ( 'NONE', 'NONE',  #6469 ) ;
#1837 = SURFACE_STYLE_FILL_AREA ( #873 ) ;
#1838 = STYLED_ITEM ( 'NONE', ( #1084 ), #4563 ) ;
#1839 = MECHANICAL_DESIGN_GEOMETRIC_PRESENTATION_REPRESENTATION (  '', ( #776 ), #2869 ) ;
#1840 = ADVANCED_FACE ( 'NONE', ( #4951 ), #921, .F. ) ;
#1841 = CARTESIAN_POINT ( 'NONE',  ( 1.517845182857070041, 17.34713149214898564, 7.728536963981345487 ) ) ;
#1842 = LINE ( 'NONE', #5809, #598 ) ;
#1843 = CARTESIAN_POINT ( 'NONE',  ( -28.18421066779127315, -1.400061617787014212, 11.60526325390249980 ) ) ;
#1844 = CARTESIAN_POINT ( 'NONE',  ( -1.415112597468467527E-07, 25.12625417165307695, 14.09210535916249896 ) ) ;
#1845 = CIRCLE ( 'NONE', #5495, 4.973684208000001661 ) ;
#1846 = FACE_OUTER_BOUND ( 'NONE', #1490, .T. ) ;
#1847 =( NAMED_UNIT ( * ) PLANE_ANGLE_UNIT ( ) SI_UNIT ( $, .RADIAN. ) );
#1848 = ADVANCED_FACE ( 'NONE', ( #3848 ), #3245, .T. ) ;
#1849 = CARTESIAN_POINT ( 'NONE',  ( 2.571712968749390260, 4.462138693165091929, 4.462138693165091929 ) ) ;
#1850 = ORIENTED_EDGE ( 'NONE', *, *, #3352, .T. ) ;
#1851 = CARTESIAN_POINT ( 'NONE',  ( 2.470798642637010101, 19.64965303797468366, -7.477426658196987930 ) ) ;
#1852 = CARTESIAN_POINT ( 'NONE',  ( 3.315789332168742831, 1.915727855893078146, 14.09210535916249896 ) ) ;
#1853 = ORIENTED_EDGE ( 'NONE', *, *, #2873, .T. ) ;
#1854 = DIRECTION ( 'NONE',  ( 0.000000000000000000, 0.000000000000000000, 1.000000000000000000 ) ) ;
#1855 = SPHERICAL_SURFACE ( 'NONE', #3038, 2.486842105260000491 ) ;
#1856 = ADVANCED_FACE ( 'NONE', ( #1359 ), #1544, .F. ) ;
#1857 = FILL_AREA_STYLE ('',( #2610 ) ) ;
#1858 = UNCERTAINTY_MEASURE_WITH_UNIT (LENGTH_MEASURE( 1.000000000000000082E-05 ), #5006, 'distance_accuracy_value', 'NONE');
#1859 = CYLINDRICAL_SURFACE ( 'NONE', #1028, 4.973684208000001661 ) ;
#1860 = PRESENTATION_STYLE_ASSIGNMENT (( #1427 ) ) ;
#1861 = ITEM_DEFINED_TRANSFORMATION ( 'NONE', 'NONE', #5939,  #4055 ) ;
#1862 = ORIENTED_EDGE ( 'NONE', *, *, #6397, .T. ) ;
#1863 = CARTESIAN_POINT ( 'NONE',  ( 7.513916876580685411, 18.51760346069579910, 2.358156079075894862 ) ) ;
#1864 = ORIENTED_EDGE ( 'NONE', *, *, #5465, .T. ) ;
#1865 = DIRECTION ( 'NONE',  ( -0.000000000000000000, -1.000000000000000000, -0.000000000000000000 ) ) ;
#1866 = CARTESIAN_POINT ( 'NONE',  ( 3.516925830957237764, 3.516925830957249755, 3.516925830957249755 ) ) ;
#1867 = UNCERTAINTY_MEASURE_WITH_UNIT (LENGTH_MEASURE( 1.000000000000000082E-05 ), #4517, 'distance_accuracy_value', 'NONE');
#1868 = CARTESIAN_POINT ( 'NONE',  ( -1.415112598991219155E-07, 27.61309627691307966, -11.60526306185750478 ) ) ;
#1869 = SURFACE_STYLE_FILL_AREA ( #6351 ) ;
#1870 = ORIENTED_EDGE ( 'NONE', *, *, #313, .T. ) ;
#1871 =( GEOMETRIC_REPRESENTATION_CONTEXT ( 3 ) GLOBAL_UNCERTAINTY_ASSIGNED_CONTEXT ( ( #1978 ) ) GLOBAL_UNIT_ASSIGNED_CONTEXT ( ( #6384, #4894, #390 ) ) REPRESENTATION_CONTEXT ( 'NONE', 'WORKASPACE' ) );
#1872 = DIRECTION ( 'NONE',  ( -0.000000000000000000, -0.000000000000000000, -1.000000000000000000 ) ) ;
#1873 =( BOUNDED_CURVE ( )  B_SPLINE_CURVE ( 3, ( #2973, #369, #4355, #396 ),
 .UNSPECIFIED., .F., .F. ) 
 B_SPLINE_CURVE_WITH_KNOTS ( ( 4, 4 ),
 ( 0.000000000000000000, 0.7853981633974467247 ),
 .UNSPECIFIED. ) 
 CURVE ( )  GEOMETRIC_REPRESENTATION_ITEM ( )  RATIONAL_B_SPLINE_CURVE ( ( 1.000000000000000000, 0.9492530216741912330, 0.9492530216741912330, 1.000000000000000000 ) ) 
 REPRESENTATION_ITEM ( '' )  );
#1874 = FILL_AREA_STYLE_COLOUR ( '', #5036 ) ;
#1875 = CARTESIAN_POINT ( 'NONE',  ( 0.6484476212459889810, 16.91730552449467240, 7.849884085645188136 ) ) ;
#1876 = CARTESIAN_POINT ( 'NONE',  ( 3.315789332168745496, -13.00532477566691902, -11.60526306185750478 ) ) ;
#1877 = AXIS2_PLACEMENT_3D ( 'NONE', #6134, #692, #4239 ) ;
#1878 =( GEOMETRIC_REPRESENTATION_CONTEXT ( 3 ) GLOBAL_UNCERTAINTY_ASSIGNED_CONTEXT ( ( #468 ) ) GLOBAL_UNIT_ASSIGNED_CONTEXT ( ( #2164, #5185, #3018 ) ) REPRESENTATION_CONTEXT ( 'NONE', 'WORKASPACE' ) );
#1879 = SURFACE_STYLE_USAGE ( .BOTH. , #3903 ) ;
#1880 =( LENGTH_UNIT ( ) NAMED_UNIT ( * ) SI_UNIT ( .MILLI., .METRE. ) );
#1881 = CYLINDRICAL_SURFACE ( 'NONE', #4953, 2.486842105260001823 ) ;
#1882 = CARTESIAN_POINT ( 'NONE',  ( 14.07824603754301762, 16.91635389500505937, 0.6448061382265720676 ) ) ;
#1883 = EDGE_CURVE ( 'NONE', #1620, #330, #4523, .T. ) ;
#1884 = CARTESIAN_POINT ( 'NONE',  ( 5.216845998614237701, 8.938870595187943024, 14.09210535916250429 ) ) ;
#1885 = CARTESIAN_POINT ( 'NONE',  ( 14.04977772559971250, 21.55900953272389486, -1.101669536840958141 ) ) ;
#1886 = VERTEX_POINT ( 'NONE', #4136 ) ;
#1887 = CIRCLE ( 'NONE', #2505, 11.60526315788000140 ) ;
#1888 = SURFACE_STYLE_USAGE ( .BOTH. , #3347 ) ;
#1889 = ORIENTED_EDGE ( 'NONE', *, *, #4702, .F. ) ;
#1890 = ADVANCED_FACE ( 'NONE', ( #3136 ), #5056, .F. ) ;
#1891 = PLANE ( 'NONE',  #666 ) ;
#1892 = SURFACE_SIDE_STYLE ('',( #6372 ) ) ;
#1893 = DIRECTION ( 'NONE',  ( -1.000000000000000000, -1.826024711554539830E-16, -0.000000000000000000 ) ) ;
#1894 = SURFACE_STYLE_USAGE ( .BOTH. , #4340 ) ;
#1895 = PRODUCT ( 'u_a', 'u_a', '', ( #5834 ) ) ;
#1896 = CONTEXT_DEPENDENT_SHAPE_REPRESENTATION ( #5510, #1836 ) ;
#1897 = ORIENTED_EDGE ( 'NONE', *, *, #4694, .F. ) ;
#1898 = EDGE_CURVE ( 'NONE', #3696, #717, #1738, .T. ) ;
#1899 = ORIENTED_EDGE ( 'NONE', *, *, #5920, .T. ) ;
#1900 = CARTESIAN_POINT ( 'NONE',  ( 4.462138693165086600, 2.571712968749402251, 4.462138693165095482 ) ) ;
#1901 = SURFACE_STYLE_FILL_AREA ( #1526 ) ;
#1902 = CARTESIAN_POINT ( 'NONE',  ( -1.415112614726319400E-07, 25.12625417165307695, 9.602249662979534408E-08 ) ) ;
#1903 = DIRECTION ( 'NONE',  ( 0.000000000000000000, 1.000000000000000000, 0.000000000000000000 ) ) ;
#1904 = VERTEX_POINT ( 'NONE', #387 ) ;
#1905 = DIRECTION ( 'NONE',  ( 1.000000000000000000, 0.000000000000000000, 0.000000000000000000 ) ) ;
#1906 = CARTESIAN_POINT ( 'NONE',  ( 0.3293137915950730132, 21.79395190237771374, 7.869742042189174391 ) ) ;
#1907 = AXIS2_PLACEMENT_3D ( 'NONE', #6036, #1559, #1732 ) ;
#1908 = CARTESIAN_POINT ( 'NONE',  ( -4.973684208000001661, 0.000000000000000000, 6.217105260000000300 ) ) ;
#1909 = MECHANICAL_DESIGN_GEOMETRIC_PRESENTATION_REPRESENTATION (  '', ( #1793 ), #6170 ) ;
#1910 = CARTESIAN_POINT ( 'NONE',  ( -10.56907894200000086, 6.424342101999999777, 6.217105260000000300 ) ) ;
#1911 = CARTESIAN_POINT ( 'NONE',  ( 25.69736827950875124, -1.400061617787011325, -11.60526306185750478 ) ) ;
#1912 = AXIS2_PLACEMENT_3D ( 'NONE', #5452, #416, #3948 ) ;
#1913 = CARTESIAN_POINT ( 'NONE',  ( 0.6388714718628898392, 10.73894427050893796, 14.09210535916249540 ) ) ;
#1914 = UNCERTAINTY_MEASURE_WITH_UNIT (LENGTH_MEASURE( 1.000000000000000082E-05 ), #1726, 'distance_accuracy_value', 'NONE');
#1915 = PRESENTATION_LAYER_ASSIGNMENT (  '', '', ( #1072 ) ) ;
#1916 = CARTESIAN_POINT ( 'NONE',  ( -1.415112610984385655E-07, 21.81046469797307452, -7.874999903967504267 ) ) ;
#1917 = DIRECTION ( 'NONE',  ( -6.975607628275383805E-15, 1.000000000000000000, 0.000000000000000000 ) ) ;
#1918 = FILL_AREA_STYLE_COLOUR ( '', #257 ) ;
#1919 = CARTESIAN_POINT ( 'NONE',  ( 6.091006445296940059E-16, -10.56907894200000086, -4.973684208000001661 ) ) ;
#1920 = ORIENTED_EDGE ( 'NONE', *, *, #4425, .T. ) ;
#1921 = DIRECTION ( 'NONE',  ( 0.000000000000000000, 0.2648642316819862508, 0.9642857142857146346 ) ) ;
#1922 = SURFACE_STYLE_FILL_AREA ( #2952 ) ;
#1923 = UNCERTAINTY_MEASURE_WITH_UNIT (LENGTH_MEASURE( 1.000000000000000082E-05 ), #1101, 'distance_accuracy_value', 'NONE');
#1924 = EDGE_CURVE ( 'NONE', #3214, #1886, #6442, .T. ) ;
#1925 = CYLINDRICAL_SURFACE ( 'NONE', #4375, 2.486842105260001823 ) ;
#1926 = EDGE_CURVE ( 'NONE', #6202, #1735, #1964, .T. ) ;
#1927 = DIRECTION ( 'NONE',  ( -1.000000000000000000, 0.000000000000000000, 0.000000000000000000 ) ) ;
#1928 = SHAPE_DEFINITION_REPRESENTATION ( #3873, #68 ) ;
#1929 = EDGE_LOOP ( 'NONE', ( #6240, #3083, #5771, #828, #2922, #2643, #1407 ) ) ;
#1930 = SURFACE_SIDE_STYLE ('',( #6440 ) ) ;
#1931 = EDGE_LOOP ( 'NONE', ( #1102, #64, #4693, #4948, #1065, #5198 ) ) ;
#1932 = CYLINDRICAL_SURFACE ( 'NONE', #1792, 7.874999999990000887 ) ;
#1933 = AXIS2_PLACEMENT_3D ( 'NONE', #1973, #3471, #6328 ) ;
#1934 = DIRECTION ( 'NONE',  ( 0.000000000000000000, 0.000000000000000000, 1.000000000000000000 ) ) ;
#1935 = DIRECTION ( 'NONE',  ( 0.000000000000000000, 1.000000000000000000, 0.000000000000000000 ) ) ;
#1936 = CARTESIAN_POINT ( 'NONE',  ( -7.849951816359268975, 16.91708479623218508, 0.6477118219713399183 ) ) ;
#1937 = LINE ( 'NONE', #452, #999 ) ;
#1938 = PRESENTATION_LAYER_ASSIGNMENT (  '', '', ( #2651 ) ) ;
#1939 = ORIENTED_EDGE ( 'NONE', *, *, #1580, .F. ) ;
#1940 = SURFACE_STYLE_FILL_AREA ( #511 ) ;
#1941 = CARTESIAN_POINT ( 'NONE',  ( 2.486841963748739115, 19.48657154892478616, 7.472030699770618511 ) ) ;
#1942 = CARTESIAN_POINT ( 'NONE',  ( 0.8039126586503013705, 16.96459878865253401, 7.835343712864444754 ) ) ;
#1943 =( GEOMETRIC_REPRESENTATION_CONTEXT ( 3 ) GLOBAL_UNCERTAINTY_ASSIGNED_CONTEXT ( ( #5505 ) ) GLOBAL_UNIT_ASSIGNED_CONTEXT ( ( #3633, #669, #4114 ) ) REPRESENTATION_CONTEXT ( 'NONE', 'WORKASPACE' ) );
#1944 = MECHANICAL_DESIGN_GEOMETRIC_PRESENTATION_REPRESENTATION (  '', ( #3168 ), #4116 ) ;
#1945 = DIRECTION ( 'NONE',  ( 0.000000000000000000, -1.000000000000000000, 0.000000000000000000 ) ) ;
#1946 = AXIS2_PLACEMENT_3D ( 'NONE', #4788, #307, #2665 ) ;
#1947 =( NAMED_UNIT ( * ) PLANE_ANGLE_UNIT ( ) SI_UNIT ( $, .RADIAN. ) );
#1948 = SURFACE_STYLE_FILL_AREA ( #2362 ) ;
#1949 = DIRECTION ( 'NONE',  ( -1.000000000000000000, 0.000000000000000000, 0.000000000000000000 ) ) ;
#1950 = CYLINDRICAL_SURFACE ( 'NONE', #4332, 2.486842105260001823 ) ;
#1951 = CARTESIAN_POINT ( 'NONE',  ( -3.516925830957230215, -3.516925830957267518, -3.516925830957259080 ) ) ;
#1952 = DIRECTION ( 'NONE',  ( 0.000000000000000000, 0.000000000000000000, 1.000000000000000000 ) ) ;
#1953 = DIRECTION ( 'NONE',  ( -1.000000000000000000, -0.000000000000000000, -0.000000000000000000 ) ) ;
#1954 = ORIENTED_EDGE ( 'NONE', *, *, #3112, .T. ) ;
#1955 = LINE ( 'NONE', #4390, #2571 ) ;
#1956 = CARTESIAN_POINT ( 'NONE',  ( -7.015261593980729238, -1.133102430903590863, -3.597199568472591036 ) ) ;
#1957 = PRESENTATION_STYLE_ASSIGNMENT (( #2956 ) ) ;
#1958 =( NAMED_UNIT ( * ) PLANE_ANGLE_UNIT ( ) SI_UNIT ( $, .RADIAN. ) );
#1959 = ORIENTED_EDGE ( 'NONE', *, *, #1023, .F. ) ;
#1960 =( NAMED_UNIT ( * ) SI_UNIT ( $, .STERADIAN. ) SOLID_ANGLE_UNIT ( ) );
#1961 = PRODUCT_DEFINITION ( 'UNKNOWN', '', #1344, #8 ) ;
#1962 = EDGE_CURVE ( 'NONE', #4669, #174, #3034, .T. ) ;
#1963 = ORIENTED_EDGE ( 'NONE', *, *, #4917, .F. ) ;
#1964 = LINE ( 'NONE', #3854, #3981 ) ;
#1965 = CARTESIAN_POINT ( 'NONE',  ( -7.776295491683194783, 21.47932869505906339, 1.250397002167796590 ) ) ;
#1966 = EDGE_LOOP ( 'NONE', ( #3077, #852, #3589, #5971 ) ) ;
#1967 = ADVANCED_FACE ( 'NONE', ( #963 ), #2889, .F. ) ;
#1968 = ORIENTED_EDGE ( 'NONE', *, *, #1216, .F. ) ;
#1969 = DIRECTION ( 'NONE',  ( -1.000000000000000000, 0.000000000000000000, 0.000000000000000000 ) ) ;
#1970 = CARTESIAN_POINT ( 'NONE',  ( 0.1638677304602824680, 16.83678048745307620, 7.875000096012501949 ) ) ;
#1971 = DIRECTION ( 'NONE',  ( -4.923958325841446719E-16, 1.000000000000000000, 0.000000000000000000 ) ) ;
#1972 =( NAMED_UNIT ( * ) SI_UNIT ( $, .STERADIAN. ) SOLID_ANGLE_UNIT ( ) );
#1973 = CARTESIAN_POINT ( 'NONE',  ( -1.415112614726319400E-07, 11.03414890851307462, 9.602249662979534408E-08 ) ) ;
#1974 = CARTESIAN_POINT ( 'NONE',  ( 14.09210512162874451, 16.83678048745307976, 0.1646586276095652890 ) ) ;
#1975 = EDGE_CURVE ( 'NONE', #174, #1278, #1379, .T. ) ;
#1976 = CARTESIAN_POINT ( 'NONE',  ( -25.69736856253127044, -32.90006161774692117, 3.073819205801665344 ) ) ;
#1977 = FACE_OUTER_BOUND ( 'NONE', #5599, .T. ) ;
#1978 = UNCERTAINTY_MEASURE_WITH_UNIT (LENGTH_MEASURE( 1.000000000000000082E-05 ), #6384, 'distance_accuracy_value', 'NONE');
#1979 = DIRECTION ( 'NONE',  ( 1.000000000000000000, -0.000000000000000000, 1.224646799147353207E-16 ) ) ;
#1980 = LINE ( 'NONE', #1852, #3502 ) ;
#1981 = SURFACE_SIDE_STYLE ('',( #1424 ) ) ;
#1982 = LINE ( 'NONE', #5790, #1728 ) ;
#1983 = ORIENTED_EDGE ( 'NONE', *, *, #2997, .F. ) ;
#1984 = CARTESIAN_POINT ( 'NONE',  ( -1.415112614726319400E-07, 11.03414890851307462, 14.09210535916249896 ) ) ;
#1985 = VECTOR ( 'NONE', #4353, 1000.000000000000000 ) ;
#1986 = UNCERTAINTY_MEASURE_WITH_UNIT (LENGTH_MEASURE( 1.000000000000000082E-05 ), #2011, 'distance_accuracy_value', 'NONE');
#1987 = CARTESIAN_POINT ( 'NONE',  ( -15.75000014149127026, -1.400061617786925172, -11.60526306185750478 ) ) ;
#1988 = ORIENTED_EDGE ( 'NONE', *, *, #6434, .T. ) ;
#1989 = PRESENTATION_LAYER_ASSIGNMENT (  '', '', ( #3448 ) ) ;
#1990 = DIRECTION ( 'NONE',  ( 1.000000000000000000, 1.826024711554539830E-16, -0.000000000000000000 ) ) ;
#1991 = ORIENTED_EDGE ( 'NONE', *, *, #5702, .T. ) ;
#1992 = LINE ( 'NONE', #4995, #2016 ) ;
#1993 = SURFACE_STYLE_FILL_AREA ( #6410 ) ;
#1994 = SURFACE_SIDE_STYLE ('',( #4496 ) ) ;
#1995 = UNCERTAINTY_MEASURE_WITH_UNIT (LENGTH_MEASURE( 1.000000000000000082E-05 ), #2799, 'distance_accuracy_value', 'NONE');
#1996 = EDGE_CURVE ( 'NONE', #2181, #1428, #1992, .T. ) ;
#1997 = SHAPE_REPRESENTATION_RELATIONSHIP ( 'NONE' , 'NONE' ,  #5874, #2514 ) ;
#1998 = CARTESIAN_POINT ( 'NONE',  ( -1.415112614726319400E-07, 25.12625417165307695, 9.602249662979534408E-08 ) ) ;
#1999 = VERTEX_POINT ( 'NONE', #3398 ) ;
#2000 = EDGE_LOOP ( 'NONE', ( #3281, #3208, #2865, #6135, #236, #2082 ) ) ;
#2001 = CARTESIAN_POINT ( 'NONE',  ( 25.69736827950874769, -21.70927214407691963, 9.602249662979534408E-08 ) ) ;
#2002 = SURFACE_STYLE_USAGE ( .BOTH. , #1587 ) ;
#2003 = CARTESIAN_POINT ( 'NONE',  ( 0.000000000000000000, -10.56907894200000086, 0.000000000000000000 ) ) ;
#2004 = EDGE_CURVE ( 'NONE', #5154, #1029, #6101, .T. ) ;
#2005 = SURFACE_STYLE_USAGE ( .BOTH. , #4383 ) ;
#2006 = PRESENTATION_STYLE_ASSIGNMENT (( #6 ) ) ;
#2007 = DIRECTION ( 'NONE',  ( -1.000000000000000000, 7.709882115452522540E-16, 0.000000000000000000 ) ) ;
#2008 = MECHANICAL_DESIGN_GEOMETRIC_PRESENTATION_REPRESENTATION (  '', ( #531 ), #4928 ) ;
#2009 = CARTESIAN_POINT ( 'NONE',  ( 0.000000000000000000, -10.56907894200000086, 0.000000000000000000 ) ) ;
#2010 = LINE ( 'NONE', #2046, #5258 ) ;
#2011 =( LENGTH_UNIT ( ) NAMED_UNIT ( * ) SI_UNIT ( .MILLI., .METRE. ) );
#2012 = EDGE_CURVE ( 'NONE', #4110, #3571, #5554, .T. ) ;
#2013 = AXIS2_PLACEMENT_3D ( 'NONE', #5866, #1047, #1921 ) ;
#2014 = MECHANICAL_DESIGN_GEOMETRIC_PRESENTATION_REPRESENTATION (  '', ( #1169 ), #3244 ) ;
#2015 = DIRECTION ( 'NONE',  ( -0.000000000000000000, -0.000000000000000000, -1.000000000000000000 ) ) ;
#2016 = VECTOR ( 'NONE', #3422, 1000.000000000000000 ) ;
#2017 = ORIENTED_EDGE ( 'NONE', *, *, #738, .T. ) ;
#2018 = MANIFOLD_SOLID_BREP ( 'Scale1', #6341 ) ;
#2019 = SURFACE_STYLE_FILL_AREA ( #5020 ) ;
#2020 =( GEOMETRIC_REPRESENTATION_CONTEXT ( 3 ) GLOBAL_UNCERTAINTY_ASSIGNED_CONTEXT ( ( #3569 ) ) GLOBAL_UNIT_ASSIGNED_CONTEXT ( ( #4939, #2676, #5177 ) ) REPRESENTATION_CONTEXT ( 'NONE', 'WORKASPACE' ) );
#2021 = FILL_AREA_STYLE ('',( #4135 ) ) ;
#2022 = VECTOR ( 'NONE', #740, 1000.000000000000000 ) ;
#2023 = DIRECTION ( 'NONE',  ( -0.000000000000000000, -0.000000000000000000, -1.000000000000000000 ) ) ;
#2024 = ORIENTED_EDGE ( 'NONE', *, *, #5920, .F. ) ;
#2025 = AXIS2_PLACEMENT_3D ( 'NONE', #2757, #4765, #281 ) ;
#2026 = FILL_AREA_STYLE ('',( #640 ) ) ;
#2027 =( NAMED_UNIT ( * ) PLANE_ANGLE_UNIT ( ) SI_UNIT ( $, .RADIAN. ) );
#2028 = CARTESIAN_POINT ( 'NONE',  ( -15.75000014149127026, -1.400061617786925172, 14.09210535916249896 ) ) ;
#2029 = STYLED_ITEM ( 'NONE', ( #6418 ), #4793 ) ;
#2030 = VERTEX_POINT ( 'NONE', #2636 ) ;
#2031 = ORIENTED_EDGE ( 'NONE', *, *, #2319, .T. ) ;
#2032 = SURFACE_STYLE_FILL_AREA ( #117 ) ;
#2033 =( LENGTH_UNIT ( ) NAMED_UNIT ( * ) SI_UNIT ( .MILLI., .METRE. ) );
#2034 =( NAMED_UNIT ( * ) PLANE_ANGLE_UNIT ( ) SI_UNIT ( $, .RADIAN. ) );
#2035 = PRESENTATION_LAYER_ASSIGNMENT (  '', '', ( #3798 ) ) ;
#2036 = VERTEX_POINT ( 'NONE', #86 ) ;
#2037 = DIRECTION ( 'NONE',  ( -0.000000000000000000, 1.000000000000000000, -0.000000000000000000 ) ) ;
#2038 = DIRECTION ( 'NONE',  ( 1.617737153966926942E-15, -0.2648642316819848630, 0.9642857142857151898 ) ) ;
#2039 = AXIS2_PLACEMENT_3D ( 'NONE', #811, #3164, #2225 ) ;
#2040 = SURFACE_STYLE_FILL_AREA ( #2127 ) ;
#2041 = CARTESIAN_POINT ( 'NONE',  ( 13.89324531214621317, 20.12477163149901216, 2.359908780363471514 ) ) ;
#2042 = ADVANCED_FACE ( 'NONE', ( #6028 ), #5487, .T. ) ;
#2043 =( GEOMETRIC_REPRESENTATION_CONTEXT ( 3 ) GLOBAL_UNCERTAINTY_ASSIGNED_CONTEXT ( ( #268 ) ) GLOBAL_UNIT_ASSIGNED_CONTEXT ( ( #1483, #108, #1570 ) ) REPRESENTATION_CONTEXT ( 'NONE', 'WORKASPACE' ) );
#2044 = STYLED_ITEM ( 'NONE', ( #4296 ), #4237 ) ;
#2045 = CARTESIAN_POINT ( 'NONE',  ( -25.69736856253124913, -35.38690372300693099, 3.073819205801665344 ) ) ;
#2046 = CARTESIAN_POINT ( 'NONE',  ( -1.415112605082225667E-07, 27.61309627691307966, 7.875000096012498396 ) ) ;
#2047 = FILL_AREA_STYLE_COLOUR ( '', #4635 ) ;
#2048 = CARTESIAN_POINT ( 'NONE',  ( -14.07815501780875955, 21.73036006819990718, -0.6469339258565548478 ) ) ;
#2049 = CARTESIAN_POINT ( 'NONE',  ( 4.462138693165096370, -2.571712968749383155, 4.462138693165088377 ) ) ;
#2050 = TOROIDAL_SURFACE ( 'NONE', #5181, 11.60526315788000140, 2.486842105260000491 ) ;
#2051 = ORIENTED_EDGE ( 'NONE', *, *, #790, .F. ) ;
#2052 = COLOUR_RGB ( '',0.8392156862745098200, 0.4666666666666666741, 0.3686274509803921795 ) ;
#2053 = MECHANICAL_DESIGN_GEOMETRIC_PRESENTATION_REPRESENTATION (  '', ( #570 ), #884 ) ;
#2054 = SURFACE_SIDE_STYLE ('',( #2019 ) ) ;
#2055 = EDGE_CURVE ( 'NONE', #4991, #3672, #4718, .T. ) ;
#2056 = CIRCLE ( 'NONE', #5679, 2.486842105260000046 ) ;
#2057 = FACE_OUTER_BOUND ( 'NONE', #5550, .T. ) ;
#2058 = LINE ( 'NONE', #4559, #6377 ) ;
#2059 = UNCERTAINTY_MEASURE_WITH_UNIT (LENGTH_MEASURE( 1.000000000000000082E-05 ), #5812, 'distance_accuracy_value', 'NONE');
#2060 = UNCERTAINTY_MEASURE_WITH_UNIT (LENGTH_MEASURE( 1.000000000000000082E-05 ), #5, 'distance_accuracy_value', 'NONE');
#2061 = AXIS2_PLACEMENT_3D ( 'NONE', #3872, #3908, #5956 ) ;
#2062 = DIRECTION ( 'NONE',  ( -1.000000000000000000, 0.000000000000000000, 0.000000000000000000 ) ) ;
#2063 = PRESENTATION_STYLE_ASSIGNMENT (( #5509 ) ) ;
#2064 = ORIENTED_EDGE ( 'NONE', *, *, #203, .F. ) ;
#2065 = ADVANCED_FACE ( 'NONE', ( #2145 ), #6437, .T. ) ;
#2066 = ORIENTED_EDGE ( 'NONE', *, *, #4389, .F. ) ;
#2067 =( LENGTH_UNIT ( ) NAMED_UNIT ( * ) SI_UNIT ( .MILLI., .METRE. ) );
#2068 = CARTESIAN_POINT ( 'NONE',  ( 15.74999985846874750, -1.400061617786925172, 11.60526325390249980 ) ) ;
#2069 =( NAMED_UNIT ( * ) SI_UNIT ( $, .STERADIAN. ) SOLID_ANGLE_UNIT ( ) );
#2070 = EDGE_LOOP ( 'NONE', ( #2246, #2767, #3383, #2628, #1679, #3205 ) ) ;
#2071 = DIRECTION ( 'NONE',  ( -1.000000000000000000, -4.336808689942038444E-16, 0.000000000000000000 ) ) ;
#2072 = FILL_AREA_STYLE ('',( #6010 ) ) ;
#2073 = CARTESIAN_POINT ( 'NONE',  ( 25.69736827950874769, -21.70927214407691963, 9.602249662979534408E-08 ) ) ;
#2074 =( NAMED_UNIT ( * ) PLANE_ANGLE_UNIT ( ) SI_UNIT ( $, .RADIAN. ) );
#2075 =( NAMED_UNIT ( * ) PLANE_ANGLE_UNIT ( ) SI_UNIT ( $, .RADIAN. ) );
#2076 = CARTESIAN_POINT ( 'NONE',  ( 13.91409606512509001, 20.42889933826370807, -2.233694155734938125 ) ) ;
#2077 = SPHERICAL_SURFACE ( 'NONE', #1175, 2.486842105260000491 ) ;
#2078 = DIRECTION ( 'NONE',  ( -1.000000000000000000, 0.000000000000000000, 0.000000000000000000 ) ) ;
#2079 = LINE ( 'NONE', #3801, #5476 ) ;
#2080 = DIRECTION ( 'NONE',  ( 1.000000000000000000, 2.891205793294677833E-16, -0.000000000000000000 ) ) ;
#2081 = EDGE_CURVE ( 'NONE', #5901, #5863, #6296, .T. ) ;
#2082 = ORIENTED_EDGE ( 'NONE', *, *, #5446, .T. ) ;
#2083 = SPHERICAL_SURFACE ( 'NONE', #764, 2.486842105260000491 ) ;
#2084 =( LENGTH_UNIT ( ) NAMED_UNIT ( * ) SI_UNIT ( .MILLI., .METRE. ) );
#2085 = ORIENTED_EDGE ( 'NONE', *, *, #1561, .T. ) ;
#2086 = FILL_AREA_STYLE_COLOUR ( '', #2140 ) ;
#2087 = EDGE_CURVE ( 'NONE', #2293, #4785, #2812, .T. ) ;
#2088 = CARTESIAN_POINT ( 'NONE',  ( 7.994078778775379313, 8.547306803253071905, 14.09210535916249896 ) ) ;
#2089 = VERTEX_POINT ( 'NONE', #689 ) ;
#2090 = EDGE_LOOP ( 'NONE', ( #3132, #1850, #1200, #3887 ) ) ;
#2091 = CARTESIAN_POINT ( 'NONE',  ( -12.48172179322543585, 20.11016949152541144, 1.861560328787486385E-17 ) ) ;
#2092 = CIRCLE ( 'NONE', #3963, 2.486842105260001823 ) ;
#2093 = ORIENTED_EDGE ( 'NONE', *, *, #394, .F. ) ;
#2094 = COLOUR_RGB ( '',0.5372549019607842924, 0.3490196078431372362, 0.3372549019607843368 ) ;
#2095 =( NAMED_UNIT ( * ) SI_UNIT ( $, .STERADIAN. ) SOLID_ANGLE_UNIT ( ) );
#2096 = ORIENTED_EDGE ( 'NONE', *, *, #500, .T. ) ;
#2097 = CARTESIAN_POINT ( 'NONE',  ( 5.733471329739144196, -0.8059220032059736250, 5.411113699545230915 ) ) ;
#2098 = FILL_AREA_STYLE_COLOUR ( '', #601 ) ;
#2099 = CIRCLE ( 'NONE', #5722, 14.92105263155999850 ) ;
#2100 = SURFACE_SIDE_STYLE ('',( #4568 ) ) ;
#2101 =( LENGTH_UNIT ( ) NAMED_UNIT ( * ) SI_UNIT ( .MILLI., .METRE. ) );
#2102 = CARTESIAN_POINT ( 'NONE',  ( 14.01082063447347359, 21.30048332813952072, 1.517434688287902400 ) ) ;
#2103 = LINE ( 'NONE', #6455, #3821 ) ;
#2104 = FILL_AREA_STYLE_COLOUR ( '', #4193 ) ;
#2105 =( NAMED_UNIT ( * ) PLANE_ANGLE_UNIT ( ) SI_UNIT ( $, .RADIAN. ) );
#2106 = CARTESIAN_POINT ( 'NONE',  ( 2.553371974106735998, 9.849551773195168280, -14.09210516711750572 ) ) ;
#2107 = ORIENTED_EDGE ( 'NONE', *, *, #2988, .T. ) ;
#2108 = FACE_OUTER_BOUND ( 'NONE', #6464, .T. ) ;
#2109 = PRESENTATION_STYLE_ASSIGNMENT (( #3045 ) ) ;
#2110 = VECTOR ( 'NONE', #3210, 1000.000000000000000 ) ;
#2111 = STYLED_ITEM ( 'NONE', ( #1504 ), #2667 ) ;
#2112 = MECHANICAL_DESIGN_GEOMETRIC_PRESENTATION_REPRESENTATION (  '', ( #17 ), #5351 ) ;
#2113 =( NAMED_UNIT ( * ) PLANE_ANGLE_UNIT ( ) SI_UNIT ( $, .RADIAN. ) );
#2114 = AXIS2_PLACEMENT_3D ( 'NONE', #5641, #4739, #2190 ) ;
#2115 = ORIENTED_EDGE ( 'NONE', *, *, #3962, .F. ) ;
#2116 = COLOUR_RGB ( '',0.8392156862745098200, 0.4666666666666666741, 0.3686274509803921795 ) ;
#2117 = ORIENTED_EDGE ( 'NONE', *, *, #1716, .F. ) ;
#2118 = CARTESIAN_POINT ( 'NONE',  ( -4.546273316738068893, 9.141661012341172565, 14.09210535916249896 ) ) ;
#2119 = EDGE_CURVE ( 'NONE', #3685, #5763, #5792, .T. ) ;
#2120 = UNCERTAINTY_MEASURE_WITH_UNIT (LENGTH_MEASURE( 1.000000000000000082E-05 ), #317, 'distance_accuracy_value', 'NONE');
#2121 = CARTESIAN_POINT ( 'NONE',  ( 116.2364615047413281, 67.54448117257064155, 50.40587693330962082 ) ) ;
#2122 = ORIENTED_EDGE ( 'NONE', *, *, #1704, .T. ) ;
#2123 = EDGE_CURVE ( 'NONE', #5460, #3214, #1619, .T. ) ;
#2124 =( LENGTH_UNIT ( ) NAMED_UNIT ( * ) SI_UNIT ( .MILLI., .METRE. ) );
#2125 = AXIS2_PLACEMENT_3D ( 'NONE', #3165, #1604, #3945 ) ;
#2126 = CARTESIAN_POINT ( 'NONE',  ( -2.571712968749410688, 4.462138693165084824, 4.462138693165084824 ) ) ;
#2127 = FILL_AREA_STYLE ('',( #98 ) ) ;
#2128 = CARTESIAN_POINT ( 'NONE',  ( 6.895556884212163951, 10.53632549983814037, -14.09210516711750216 ) ) ;
#2129 = FACE_OUTER_BOUND ( 'NONE', #148, .T. ) ;
#2130 = COLOUR_RGB ( '',0.8392156862745098200, 0.4666666666666666741, 0.3686274509803921795 ) ;
#2131 = SURFACE_STYLE_FILL_AREA ( #4030 ) ;
#2132 = CARTESIAN_POINT ( 'NONE',  ( -13.87387411589790176, 19.65038510565673135, -2.470646794670729118 ) ) ;
#2133 = VERTEX_POINT ( 'NONE', #275 ) ;
#2134 = DIRECTION ( 'NONE',  ( -1.000000000000000000, -1.836970198721030674E-16, 0.000000000000000000 ) ) ;
#2135 = STYLED_ITEM ( 'NONE', ( #3700 ), #5584 ) ;
#2136 = COLOUR_RGB ( '',0.5372549019607842924, 0.3490196078431372362, 0.3372549019607843368 ) ;
#2137 = CARTESIAN_POINT ( 'NONE',  ( 7.285195086966139044, 8.571669602252208975, 14.09210535916249896 ) ) ;
#2138 = DIRECTION ( 'NONE',  ( 0.000000000000000000, 0.2648642316819861398, 0.9642857142857149677 ) ) ;
#2139 = VERTEX_POINT ( 'NONE', #1263 ) ;
#2140 = COLOUR_RGB ( '',0.5372549019607842924, 0.3490196078431372362, 0.3372549019607843368 ) ;
#2141 =( GEOMETRIC_REPRESENTATION_CONTEXT ( 3 ) GLOBAL_UNCERTAINTY_ASSIGNED_CONTEXT ( ( #5273 ) ) GLOBAL_UNIT_ASSIGNED_CONTEXT ( ( #404, #2403, #889 ) ) REPRESENTATION_CONTEXT ( 'NONE', 'WORKASPACE' ) );
#2142 = DIRECTION ( 'NONE',  ( 0.000000000000000000, 0.000000000000000000, 1.000000000000000000 ) ) ;
#2143 = ORIENTED_EDGE ( 'NONE', *, *, #1444, .F. ) ;
#2144 = CARTESIAN_POINT ( 'NONE',  ( 7.641425232601848805, 8.547306806629968889, -14.09210516711750394 ) ) ;
#2145 = FACE_OUTER_BOUND ( 'NONE', #250, .T. ) ;
#2146 = PRESENTATION_LAYER_ASSIGNMENT (  '', '', ( #1104 ) ) ;
#2147 = CARTESIAN_POINT ( 'NONE',  ( -0.6388009599233761548, 10.73844208090592467, 14.09210535916249896 ) ) ;
#2148 = AXIS2_PLACEMENT_3D ( 'NONE', #3379, #6428, #1949 ) ;
#2149 = DIRECTION ( 'NONE',  ( -1.000000000000000000, 0.000000000000000000, 0.000000000000000000 ) ) ;
#2150 = CARTESIAN_POINT ( 'NONE',  ( 129.8140725497561050, 59.77140981387045571, 78.28855706432757700 ) ) ;
#2151 = VERTEX_POINT ( 'NONE', #1327 ) ;
#2152 = EDGE_CURVE ( 'NONE', #2958, #3461, #5600, .T. ) ;
#2153 = ORIENTED_EDGE ( 'NONE', *, *, #5741, .T. ) ;
#2154 = SURFACE_SIDE_STYLE ('',( #5171 ) ) ;
#2155 = DIRECTION ( 'NONE',  ( 6.975607628275384002E-16, 1.000000000000000000, 0.000000000000000000 ) ) ;
#2156 =( NAMED_UNIT ( * ) SI_UNIT ( $, .STERADIAN. ) SOLID_ANGLE_UNIT ( ) );
#2157 = DIRECTION ( 'NONE',  ( 0.000000000000000000, 0.000000000000000000, 1.000000000000000000 ) ) ;
#2158 = ADVANCED_FACE ( 'NONE', ( #4657, #175 ), #5320, .F. ) ;
#2159 =( NAMED_UNIT ( * ) SI_UNIT ( $, .STERADIAN. ) SOLID_ANGLE_UNIT ( ) );
#2160 = FILL_AREA_STYLE_COLOUR ( '', #533 ) ;
#2161 =( NAMED_UNIT ( * ) SI_UNIT ( $, .STERADIAN. ) SOLID_ANGLE_UNIT ( ) );
#2162 = PRESENTATION_STYLE_ASSIGNMENT (( #6276 ) ) ;
#2163 = CARTESIAN_POINT ( 'NONE',  ( -15.75000014149118321, 11.03414890851307462, 11.60526325390249980 ) ) ;
#2164 =( LENGTH_UNIT ( ) NAMED_UNIT ( * ) SI_UNIT ( .MILLI., .METRE. ) );
#2165 = CARTESIAN_POINT ( 'NONE',  ( 6.424342101999999777, -10.56907894200000086, -6.217105260000000300 ) ) ;
#2166 = EDGE_CURVE ( 'NONE', #4759, #5252, #3206, .T. ) ;
#2167 = ORIENTED_EDGE ( 'NONE', *, *, #5815, .F. ) ;
#2168 = DIRECTION ( 'NONE',  ( -0.000000000000000000, -0.000000000000000000, -1.000000000000000000 ) ) ;
#2169 = CARTESIAN_POINT ( 'NONE',  ( -2.470528521188704474, 19.65125786519605455, 13.87389528025018315 ) ) ;
#2170 = UNCERTAINTY_MEASURE_WITH_UNIT (LENGTH_MEASURE( 1.000000000000000082E-05 ), #2067, 'distance_accuracy_value', 'NONE');
#2171 = EDGE_LOOP ( 'NONE', ( #3977, #3725, #815, #3947 ) ) ;
#2172 = DIRECTION ( 'NONE',  ( -0.000000000000000000, -0.000000000000000000, -1.000000000000000000 ) ) ;
#2173 = CARTESIAN_POINT ( 'NONE',  ( -1.415112614726319400E-07, 11.03414890851307462, 14.09210535916249896 ) ) ;
#2174 = VERTEX_POINT ( 'NONE', #173 ) ;
#2175 = COLOUR_RGB ( '',0.8392156862745098200, 0.4666666666666666741, 0.3686274509803921795 ) ;
#2176 = FILL_AREA_STYLE_COLOUR ( '', #4845 ) ;
#2177 =( LENGTH_UNIT ( ) NAMED_UNIT ( * ) SI_UNIT ( .MILLI., .METRE. ) );
#2178 = EDGE_CURVE ( 'NONE', #1001, #4805, #6314, .T. ) ;
#2179 = CIRCLE ( 'NONE', #93, 14.92105263155999850 ) ;
#2180 = CARTESIAN_POINT ( 'NONE',  ( 25.69736827950874414, -32.90006161774690696, -14.09210516711750394 ) ) ;
#2181 = VERTEX_POINT ( 'NONE', #2780 ) ;
#2182 =( LENGTH_UNIT ( ) NAMED_UNIT ( * ) SI_UNIT ( .MILLI., .METRE. ) );
#2183 = EDGE_CURVE ( 'NONE', #4110, #5244, #5257, .T. ) ;
#2184 = AXIS2_PLACEMENT_3D ( 'NONE', #5153, #171, #4037 ) ;
#2185 = SURFACE_SIDE_STYLE ('',( #5669 ) ) ;
#2186 = AXIS2_PLACEMENT_3D ( 'NONE', #4722, #3726, #3179 ) ;
#2187 = DIRECTION ( 'NONE',  ( 3.487803815904844854E-15, -1.000000000000000000, 0.000000000000000000 ) ) ;
#2188 = VERTEX_POINT ( 'NONE', #4293 ) ;
#2189 = CARTESIAN_POINT ( 'NONE',  ( 18.23684196372875377, -32.90006161774692117, 3.073819205801644472 ) ) ;
#2190 = DIRECTION ( 'NONE',  ( 6.975607628275384002E-16, 1.000000000000000000, 0.000000000000000000 ) ) ;
#2191 = ADVANCED_FACE ( 'NONE', ( #6258 ), #1259, .T. ) ;
#2192 = EDGE_CURVE ( 'NONE', #5538, #4001, #4755, .T. ) ;
#2193 = CARTESIAN_POINT ( 'NONE',  ( 0.000000000000000000, -4.973684208000001661, 4.973684208000001661 ) ) ;
#2194 = ORIENTED_EDGE ( 'NONE', *, *, #816, .F. ) ;
#2195 = CARTESIAN_POINT ( 'NONE',  ( -15.75000014149127381, -13.00532477566700784, -11.60526306185750478 ) ) ;
#2196 = SURFACE_STYLE_FILL_AREA ( #5746 ) ;
#2197 = EDGE_CURVE ( 'NONE', #2174, #5749, #5470, .T. ) ;
#2198 = ORIENTED_EDGE ( 'NONE', *, *, #3613, .F. ) ;
#2199 = LINE ( 'NONE', #3277, #3075 ) ;
#2200 = DIRECTION ( 'NONE',  ( 0.000000000000000000, 1.000000000000000000, 0.000000000000000000 ) ) ;
#2201 = ORIENTED_EDGE ( 'NONE', *, *, #5941, .T. ) ;
#2202 = CARTESIAN_POINT ( 'NONE',  ( -12.48172179322543585, 20.11016949152541144, 1.861560328787486385E-17 ) ) ;
#2203 = PRESENTATION_LAYER_ASSIGNMENT (  '', '', ( #6395 ) ) ;
#2204 = CARTESIAN_POINT ( 'NONE',  ( -2.471049247089498468, 19.64785186212454349, -13.87380249331373250 ) ) ;
#2205 = FILL_AREA_STYLE ('',( #4658 ) ) ;
#2206 = VECTOR ( 'NONE', #1865, 1000.000000000000000 ) ;
#2207 = STYLED_ITEM ( 'NONE', ( #3331 ), #1515 ) ;
#2208 = PLANE ( 'NONE',  #3506 ) ;
#2209 = COLOUR_RGB ( '',0.5372549019607842924, 0.3490196078431372362, 0.3372549019607843368 ) ;
#2210 = PRESENTATION_LAYER_ASSIGNMENT (  '', '', ( #2111 ) ) ;
#2211 = DIRECTION ( 'NONE',  ( -0.3682156562264108368, -0.6117229065628756457, 0.7001516379299707049 ) ) ;
#2212 = AXIS2_PLACEMENT_3D ( 'NONE', #4044, #3051, #5125 ) ;
#2213 = EDGE_LOOP ( 'NONE', ( #890, #2544 ) ) ;
#2214 = DIRECTION ( 'NONE',  ( -1.743901907068845508E-16, 1.000000000000000000, 0.000000000000000000 ) ) ;
#2215 = STYLED_ITEM ( 'NONE', ( #6143 ), #4588 ) ;
#2216 = CARTESIAN_POINT ( 'NONE',  ( -15.75000014149118321, 8.547306803253073682, -11.60526306185750478 ) ) ;
#2217 =( NAMED_UNIT ( * ) PLANE_ANGLE_UNIT ( ) SI_UNIT ( $, .RADIAN. ) );
#2218 = SURFACE_STYLE_FILL_AREA ( #3791 ) ;
#2219 = ORIENTED_EDGE ( 'NONE', *, *, #2782, .F. ) ;
#2220 = CARTESIAN_POINT ( 'NONE',  ( 4.973684208000001661, 4.973684208000017648, -1.336732849063830386 ) ) ;
#2221 = STYLED_ITEM ( 'NONE', ( #6333 ), #1162 ) ;
#2222 = CARTESIAN_POINT ( 'NONE',  ( -3.315789615191188755, -0.5711142493669216780, 14.09210535916249896 ) ) ;
#2223 = FILL_AREA_STYLE ('',( #3739 ) ) ;
#2224 = CARTESIAN_POINT ( 'NONE',  ( -3.516925830957249755, 3.516925830957236876, -3.516925830957236876 ) ) ;
#2225 = DIRECTION ( 'NONE',  ( -2.461979162920722866E-16, -1.000000000000000000, 0.000000000000000000 ) ) ;
#2226 = SURFACE_STYLE_USAGE ( .BOTH. , #4779 ) ;
#2227 = CARTESIAN_POINT ( 'NONE',  ( 7.849951533336745335, 16.91708479623218864, -0.6477116299263472321 ) ) ;
#2228 = ORIENTED_EDGE ( 'NONE', *, *, #4878, .F. ) ;
#2229 = EDGE_CURVE ( 'NONE', #2602, #3527, #5462, .T. ) ;
#2230 = CARTESIAN_POINT ( 'NONE',  ( -7.498376477444068655, 18.67543918091098831, -2.406474369802626523 ) ) ;
#2231 = AXIS2_PLACEMENT_3D ( 'NONE', #1314, #1222, #2771 ) ;
#2232 = AXIS2_PLACEMENT_3D ( 'NONE', #263, #680, #4252 ) ;
#2233 = VERTEX_POINT ( 'NONE', #5929 ) ;
#2234 = CARTESIAN_POINT ( 'NONE',  ( -1.102518838830347070, 17.08859912353061361, -14.04971865074871396 ) ) ;
#2235 = MECHANICAL_DESIGN_GEOMETRIC_PRESENTATION_REPRESENTATION (  '', ( #2135 ), #5782 ) ;
#2236 = CIRCLE ( 'NONE', #4426, 9.947368421040001962 ) ;
#2237 = ORIENTED_EDGE ( 'NONE', *, *, #1111, .T. ) ;
#2238 = ADVANCED_FACE ( 'NONE', ( #3413 ), #377, .F. ) ;
#2239 = DIRECTION ( 'NONE',  ( -1.000000000000000000, 1.156482317317870344E-15, -2.635386741155883539E-14 ) ) ;
#2240 = FILL_AREA_STYLE_COLOUR ( '', #2977 ) ;
#2241 = CYLINDRICAL_SURFACE ( 'NONE', #438, 2.486842105260000491 ) ;
#2242 = CARTESIAN_POINT ( 'NONE',  ( -1.415112614726319400E-07, 25.12625417165307695, 10.36184220127249844 ) ) ;
#2243 = AXIS2_PLACEMENT_3D ( 'NONE', #5085, #1288, #5705 ) ;
#2244 = CARTESIAN_POINT ( 'NONE',  ( -14.09210540465126194, 21.81046469797307452, 9.602249693434581527E-08 ) ) ;
#2245 = DIRECTION ( 'NONE',  ( 0.1401579218974708385, -0.07800034032264835382, -0.9870520269159744897 ) ) ;
#2246 = ORIENTED_EDGE ( 'NONE', *, *, #6115, .T. ) ;
#2247 = EDGE_CURVE ( 'NONE', #990, #1093, #2575, .T. ) ;
#2248 = ORIENTED_EDGE ( 'NONE', *, *, #3755, .F. ) ;
#2249 = CIRCLE ( 'NONE', #6005, 14.92105263155999850 ) ;
#2250 = CARTESIAN_POINT ( 'NONE',  ( 1.872577518520222029, 20.96804513756870847, 13.96761422945996856 ) ) ;
#2251 =( LENGTH_UNIT ( ) NAMED_UNIT ( * ) SI_UNIT ( .MILLI., .METRE. ) );
#2252 = CARTESIAN_POINT ( 'NONE',  ( 10.56907894200003817, 3.690174189475305067E-14, 0.000000000000000000 ) ) ;
#2253 = ORIENTED_EDGE ( 'NONE', *, *, #3913, .T. ) ;
#2254 = DIRECTION ( 'NONE',  ( -0.000000000000000000, -1.000000000000000000, -0.000000000000000000 ) ) ;
#2255 = CARTESIAN_POINT ( 'NONE',  ( -6.243472673077153701, 8.716373700434846938, -14.09210516711750394 ) ) ;
#2256 = DIRECTION ( 'NONE',  ( 1.000000000000000000, 4.336808689942038444E-16, -0.000000000000000000 ) ) ;
#2257 = CARTESIAN_POINT ( 'NONE',  ( -1.415112602036722147E-07, 27.61309627691307966, -10.36184200922750342 ) ) ;
#2258 = CARTESIAN_POINT ( 'NONE',  ( 25.69736827950874769, -21.70927214407691963, 9.602249662979534408E-08 ) ) ;
#2259 = ORIENTED_EDGE ( 'NONE', *, *, #2229, .T. ) ;
#2260 = LINE ( 'NONE', #4254, #3278 ) ;
#2261 = DIRECTION ( 'NONE',  ( -4.336808689942038444E-16, 1.000000000000000000, -0.000000000000000000 ) ) ;
#2262 = ORIENTED_EDGE ( 'NONE', *, *, #3923, .T. ) ;
#2263 = SURFACE_STYLE_FILL_AREA ( #1778 ) ;
#2264 = ADVANCED_FACE ( 'NONE', ( #5822 ), #2077, .T. ) ;
#2265 = CARTESIAN_POINT ( 'NONE',  ( -1.517119868966940066, 17.34652336045221688, -14.01085458941403061 ) ) ;
#2266 = ORIENTED_EDGE ( 'NONE', *, *, #1926, .F. ) ;
#2267 =( BOUNDED_CURVE ( )  B_SPLINE_CURVE ( 3, ( #6334, #1849, #3839, #5819 ),
 .UNSPECIFIED., .F., .F. ) 
 B_SPLINE_CURVE_WITH_KNOTS ( ( 4, 4 ),
 ( 2.356194490192347057, 3.141592653589793116 ),
 .UNSPECIFIED. ) 
 CURVE ( )  GEOMETRIC_REPRESENTATION_ITEM ( )  RATIONAL_B_SPLINE_CURVE ( ( 1.000000000000000000, 0.9492530216741914550, 0.9492530216741914550, 1.000000000000000000 ) ) 
 REPRESENTATION_ITEM ( '' )  );
#2268 = FILL_AREA_STYLE_COLOUR ( '', #5743 ) ;
#2269 = CARTESIAN_POINT ( 'NONE',  ( -1.988103332286621061, 20.85225079967766604, -13.95306762549556723 ) ) ;
#2270 = FACE_OUTER_BOUND ( 'NONE', #167, .T. ) ;
#2271 = FILL_AREA_STYLE_COLOUR ( '', #5008 ) ;
#2272 = ADVANCED_FACE ( 'NONE', ( #3445 ), #1601, .T. ) ;
#2273 = CARTESIAN_POINT ( 'NONE',  ( 3.315789332168654902, -0.5711142493669205678, -11.60526306185750478 ) ) ;
#2274 = CONTEXT_DEPENDENT_SHAPE_REPRESENTATION ( #1710, #3522 ) ;
#2275 = ORIENTED_EDGE ( 'NONE', *, *, #1725, .F. ) ;
#2276 = CARTESIAN_POINT ( 'NONE',  ( 5.634426831749352438, 10.31565122696548187, -14.09210516711750394 ) ) ;
#2277 = ORIENTED_EDGE ( 'NONE', *, *, #6227, .F. ) ;
#2278 = LINE ( 'NONE', #4374, #1478 ) ;
#2279 = AXIS2_PLACEMENT_3D ( 'NONE', #2003, #4834, #4016 ) ;
#2280 = ADVANCED_FACE ( 'NONE', ( #4056 ), #5107, .F. ) ;
#2281 = CARTESIAN_POINT ( 'NONE',  ( 1.550892753819451242, 11.03414890866996423, 14.02722218364451123 ) ) ;
#2282 = FILL_AREA_STYLE ('',( #670 ) ) ;
#2283 = MECHANICAL_DESIGN_GEOMETRIC_PRESENTATION_REPRESENTATION (  '', ( #917 ), #6368 ) ;
#2284 = ORIENTED_EDGE ( 'NONE', *, *, #6115, .F. ) ;
#2285 = CARTESIAN_POINT ( 'NONE',  ( -0.7758017548970863597, 11.03414890851307462, -14.09210516711750394 ) ) ;
#2286 = VECTOR ( 'NONE', #1099, 1000.000000000000000 ) ;
#2287 = VECTOR ( 'NONE', #2754, 1000.000000000000000 ) ;
#2288 = DIRECTION ( 'NONE',  ( -1.000000000000000000, -0.000000000000000000, -0.000000000000000000 ) ) ;
#2289 = DIRECTION ( 'NONE',  ( -0.000000000000000000, -0.000000000000000000, -1.000000000000000000 ) ) ;
#2290 = FILL_AREA_STYLE ('',( #5311 ) ) ;
#2291 = FACE_OUTER_BOUND ( 'NONE', #4207, .T. ) ;
#2292 = AXIS2_PLACEMENT_3D ( 'NONE', #2522, #4600, #131 ) ;
#2293 = VERTEX_POINT ( 'NONE', #5615 ) ;
#2294 = MECHANICAL_DESIGN_GEOMETRIC_PRESENTATION_REPRESENTATION (  '', ( #4803 ), #2808 ) ;
#2295 = SURFACE_SIDE_STYLE ('',( #2196 ) ) ;
#2296 = VERTEX_POINT ( 'NONE', #3007 ) ;
#2297 = CARTESIAN_POINT ( 'NONE',  ( -12.48172179322543585, 20.11016949152541144, 4.973684208000002549 ) ) ;
#2298 = CIRCLE ( 'NONE', #3119, 7.874999999990000887 ) ;
#2299 = CARTESIAN_POINT ( 'NONE',  ( -1.415112614726319400E-07, 27.61309627691307966, 11.60526325390249980 ) ) ;
#2300 = ORIENTED_EDGE ( 'NONE', *, *, #3215, .F. ) ;
#2301 = PRESENTATION_STYLE_ASSIGNMENT (( #4493 ) ) ;
#2302 = CARTESIAN_POINT ( 'NONE',  ( -2.406552318303922355, 18.67597183914965342, 7.498350725205430223 ) ) ;
#2303 = DIRECTION ( 'NONE',  ( 0.000000000000000000, 0.000000000000000000, 1.000000000000000000 ) ) ;
#2304 = DIRECTION ( 'NONE',  ( -0.000000000000000000, -0.000000000000000000, -1.000000000000000000 ) ) ;
#2305 = UNCERTAINTY_MEASURE_WITH_UNIT (LENGTH_MEASURE( 1.000000000000000082E-05 ), #3273, 'distance_accuracy_value', 'NONE');
#2306 = CARTESIAN_POINT ( 'NONE',  ( 18.23684196372875377, -35.29808793353335972, 3.732494729325732230 ) ) ;
#2307 = SHAPE_DEFINITION_REPRESENTATION ( #4491, #3581 ) ;
#2308 = EDGE_LOOP ( 'NONE', ( #2115, #5334, #5067, #3713 ) ) ;
#2309 =( GEOMETRIC_REPRESENTATION_CONTEXT ( 3 ) GLOBAL_UNCERTAINTY_ASSIGNED_CONTEXT ( ( #4714 ) ) GLOBAL_UNIT_ASSIGNED_CONTEXT ( ( #2182, #695, #2701 ) ) REPRESENTATION_CONTEXT ( 'NONE', 'WORKASPACE' ) );
#2310 = CARTESIAN_POINT ( 'NONE',  ( 0.7071694516846952494, 10.88631100088216463, -14.09210516711750572 ) ) ;
#2311 = EDGE_CURVE ( 'NONE', #2579, #218, #6075, .T. ) ;
#2312 = EDGE_LOOP ( 'NONE', ( #4379, #2051, #5444, #3166 ) ) ;
#2313 = CARTESIAN_POINT ( 'NONE',  ( 2.407176748281097289, 19.96874925292837588, 13.88502678419616920 ) ) ;
#2314 =( GEOMETRIC_REPRESENTATION_CONTEXT ( 3 ) GLOBAL_UNCERTAINTY_ASSIGNED_CONTEXT ( ( #2170 ) ) GLOBAL_UNIT_ASSIGNED_CONTEXT ( ( #2067, #3949, #27 ) ) REPRESENTATION_CONTEXT ( 'NONE', 'WORKASPACE' ) );
#2315 =( GEOMETRIC_REPRESENTATION_CONTEXT ( 3 ) GLOBAL_UNCERTAINTY_ASSIGNED_CONTEXT ( ( #1329 ) ) GLOBAL_UNIT_ASSIGNED_CONTEXT ( ( #6063, #3084, #5027 ) ) REPRESENTATION_CONTEXT ( 'NONE', 'WORKASPACE' ) );
#2316 = FACE_OUTER_BOUND ( 'NONE', #2879, .T. ) ;
#2317 = DIRECTION ( 'NONE',  ( 0.000000000000000000, 0.000000000000000000, 1.000000000000000000 ) ) ;
#2318 = LINE ( 'NONE', #1734, #1260 ) ;
#2319 = EDGE_CURVE ( 'NONE', #2958, #1134, #2010, .T. ) ;
#2320 = ORIENTED_EDGE ( 'NONE', *, *, #5397, .T. ) ;
#2321 = PRESENTATION_LAYER_ASSIGNMENT (  '', '', ( #5038 ) ) ;
#2322 = CARTESIAN_POINT ( 'NONE',  ( 0.8046241548783896746, 21.68239181212497968, 7.835267291081323471 ) ) ;
#2323 = CARTESIAN_POINT ( 'NONE',  ( 1.873582532435898118, 17.68032713147131929, 7.649782644902486162 ) ) ;
#2324 = FILL_AREA_STYLE ('',( #808 ) ) ;
#2325 = PRESENTATION_STYLE_ASSIGNMENT (( #2358 ) ) ;
#2326 = AXIS2_PLACEMENT_3D ( 'NONE', #4420, #4875, #339 ) ;
#2327 = CARTESIAN_POINT ( 'NONE',  ( -15.75000014149127381, -26.68295635459692861, 9.602249662979534408E-08 ) ) ;
#2328 = VERTEX_POINT ( 'NONE', #3552 ) ;
#2329 = FILL_AREA_STYLE ('',( #2946 ) ) ;
#2330 = B_SPLINE_CURVE_WITH_KNOTS ( 'NONE', 3,
 ( #4753, #6223, #1321, #3309, #1746, #5317, #3171, #3870, #3378, #3937, #2906, #1421, #2462, #1382, #3444, #6457 ),
 .UNSPECIFIED., .F., .F.,
 ( 4, 2, 2, 2, 2, 2, 2, 4 ),
 ( 6.234735572859784890E-19, 0.0004870106944583891921, 0.0009740213889167777337, 0.001461032083375166275, 0.001948042777833554817, 0.002922064166750331250, 0.003409074861208723477, 0.003896085555667116573 ),
 .UNSPECIFIED. ) ;
#2331 = FILL_AREA_STYLE_COLOUR ( '', #6106 ) ;
#2332 = ORIENTED_EDGE ( 'NONE', *, *, #5610, .F. ) ;
#2333 = MECHANICAL_DESIGN_GEOMETRIC_PRESENTATION_REPRESENTATION (  '', ( #1496 ), #4942 ) ;
#2334 = CARTESIAN_POINT ( 'NONE',  ( -15.75000014149118321, 11.03414890851307462, 11.60526325390249980 ) ) ;
#2335 = DIRECTION ( 'NONE',  ( -1.826024711554539830E-16, 1.000000000000000000, -0.000000000000000000 ) ) ;
#2336 = CARTESIAN_POINT ( 'NONE',  ( 4.973684208000032747, -4.973684207999983897, 0.000000000000000000 ) ) ;
#2337 = SURFACE_STYLE_USAGE ( .BOTH. , #3915 ) ;
#2338 = CIRCLE ( 'NONE', #5992, 12.43421052630000112 ) ;
#2339 = MECHANICAL_DESIGN_GEOMETRIC_PRESENTATION_REPRESENTATION (  '', ( #973 ), #1199 ) ;
#2340 = FACE_BOUND ( 'NONE', #6348, .T. ) ;
#2341 =( LENGTH_UNIT ( ) NAMED_UNIT ( * ) SI_UNIT ( .MILLI., .METRE. ) );
#2342 = CARTESIAN_POINT ( 'NONE',  ( 6.588470712734181056, 8.656103418037860209, -14.09210516711750394 ) ) ;
#2343 = ORIENTED_EDGE ( 'NONE', *, *, #2405, .T. ) ;
#2344 = COLOUR_RGB ( '',0.8392156862745098200, 0.4666666666666666741, 0.3686274509803921795 ) ;
#2345 = MECHANICAL_DESIGN_GEOMETRIC_PRESENTATION_REPRESENTATION (  '', ( #6207 ), #1413 ) ;
#2346 = DIRECTION ( 'NONE',  ( -1.000000000000000000, 0.000000000000000000, 0.000000000000000000 ) ) ;
#2347 = EDGE_CURVE ( 'NONE', #3429, #3862, #5532, .T. ) ;
#2348 = MECHANICAL_DESIGN_GEOMETRIC_PRESENTATION_REPRESENTATION (  '', ( #2860 ), #4849 ) ;
#2349 =( GEOMETRIC_REPRESENTATION_CONTEXT ( 3 ) GLOBAL_UNCERTAINTY_ASSIGNED_CONTEXT ( ( #4014 ) ) GLOBAL_UNIT_ASSIGNED_CONTEXT ( ( #4311, #3133, #4349 ) ) REPRESENTATION_CONTEXT ( 'NONE', 'WORKASPACE' ) );
#2350 =( NAMED_UNIT ( * ) PLANE_ANGLE_UNIT ( ) SI_UNIT ( $, .RADIAN. ) );
#2351 = AXIS2_PLACEMENT_3D ( 'NONE', #99, #3604, #3635 ) ;
#2352 = ORIENTED_EDGE ( 'NONE', *, *, #1444, .T. ) ;
#2353 = FILL_AREA_STYLE ('',( #5371 ) ) ;
#2354 = DIRECTION ( 'NONE',  ( 0.000000000000000000, 0.000000000000000000, 1.000000000000000000 ) ) ;
#2355 = VECTOR ( 'NONE', #5750, 1000.000000000000000 ) ;
#2356 = CARTESIAN_POINT ( 'NONE',  ( -7.848450472384487675, -1.426555078029172030, -0.7484362662109453890 ) ) ;
#2357 = EDGE_CURVE ( 'NONE', #1677, #5094, #4217, .T. ) ;
#2358 = SURFACE_STYLE_USAGE ( .BOTH. , #5891 ) ;
#2359 = CARTESIAN_POINT ( 'NONE',  ( 13.87382321719596945, 18.99852701821342293, 2.470933226118958270 ) ) ;
#2360 = CARTESIAN_POINT ( 'NONE',  ( -4.462138693165079495, -2.571712968749416017, -4.462138693165088377 ) ) ;
#2361 = PRESENTATION_STYLE_ASSIGNMENT (( #373 ) ) ;
#2362 = FILL_AREA_STYLE ('',( #5854 ) ) ;
#2363 = UNCERTAINTY_MEASURE_WITH_UNIT (LENGTH_MEASURE( 1.000000000000000082E-05 ), #4046, 'distance_accuracy_value', 'NONE');
#2364 = ORIENTED_EDGE ( 'NONE', *, *, #356, .F. ) ;
#2365 = FILL_AREA_STYLE ('',( #1448 ) ) ;
#2366 = ADVANCED_FACE ( 'NONE', ( #293 ), #6250, .F. ) ;
#2367 = PRESENTATION_STYLE_ASSIGNMENT (( #378 ) ) ;
#2368 = ORIENTED_EDGE ( 'NONE', *, *, #2433, .T. ) ;
#2369 =( LENGTH_UNIT ( ) NAMED_UNIT ( * ) SI_UNIT ( .MILLI., .METRE. ) );
#2370 = DIRECTION ( 'NONE',  ( -0.000000000000000000, 0.000000000000000000, 1.000000000000000000 ) ) ;
#2371 = FILL_AREA_STYLE_COLOUR ( '', #5146 ) ;
#2372 = CARTESIAN_POINT ( 'NONE',  ( 28.18421038476875395, -21.70927214407691963, 9.602249662979534408E-08 ) ) ;
#2373 = UNCERTAINTY_MEASURE_WITH_UNIT (LENGTH_MEASURE( 1.000000000000000082E-05 ), #5243, 'distance_accuracy_value', 'NONE');
#2374 =( LENGTH_UNIT ( ) NAMED_UNIT ( * ) SI_UNIT ( .MILLI., .METRE. ) );
#2375 = DIRECTION ( 'NONE',  ( 0.000000000000000000, 0.000000000000000000, -1.000000000000000000 ) ) ;
#2376 = APPLICATION_PROTOCOL_DEFINITION ( 'draft international standard', 'automotive_design', 1998, #4972 ) ;
#2377 = ORIENTED_EDGE ( 'NONE', *, *, #1401, .T. ) ;
#2378 = CARTESIAN_POINT ( 'NONE',  ( 7.472004709848227400, 19.48583406536631202, 2.486919577590296360 ) ) ;
#2379 = VERTEX_POINT ( 'NONE', #6215 ) ;
#2380 = DIRECTION ( 'NONE',  ( -1.000000000000000000, -1.789794062518025815E-16, 0.000000000000000000 ) ) ;
#2381 = LINE ( 'NONE', #4798, #528 ) ;
#2382 = APPLICATION_CONTEXT ( 'automotive_design' ) ;
#2383 = CARTESIAN_POINT ( 'NONE',  ( -1.415112597468466204E-07, 21.81046469797307807, 14.09210535916249896 ) ) ;
#2384 = ORIENTED_EDGE ( 'NONE', *, *, #4081, .F. ) ;
#2385 = AXIS2_PLACEMENT_3D ( 'NONE', #3426, #2451, #5307 ) ;
#2386 = DIRECTION ( 'NONE',  ( -1.000000000000000000, -0.000000000000000000, -0.000000000000000000 ) ) ;
#2387 = DIRECTION ( 'NONE',  ( -1.000000000000000000, -1.826024711554539830E-16, 0.000000000000000000 ) ) ;
#2388 = CARTESIAN_POINT ( 'NONE',  ( -7.323717878143177984, -1.233653378523420052, 2.918383077206355480 ) ) ;
#2389 = PRODUCT_DEFINITION_FORMATION_WITH_SPECIFIED_SOURCE ( 'ANY', '', #1895, .NOT_KNOWN. ) ;
#2390 = AXIS2_PLACEMENT_3D ( 'NONE', #260, #2256, #6249 ) ;
#2391 = CARTESIAN_POINT ( 'NONE',  ( 28.18421038476875395, -21.70927214407691963, 9.602249662979534408E-08 ) ) ;
#2392 = CARTESIAN_POINT ( 'NONE',  ( 6.424342101999999777, 10.56907894200000086, -6.217105260000000300 ) ) ;
#2393 = FACE_OUTER_BOUND ( 'NONE', #415, .T. ) ;
#2394 = EDGE_CURVE ( 'NONE', #2188, #2030, #633, .T. ) ;
#2395 = CIRCLE ( 'NONE', #6040, 11.60526315788000140 ) ;
#2396 =( LENGTH_UNIT ( ) NAMED_UNIT ( * ) SI_UNIT ( .MILLI., .METRE. ) );
#2397 = SURFACE_SIDE_STYLE ('',( #4387 ) ) ;
#2398 = CARTESIAN_POINT ( 'NONE',  ( -1.415112605082225667E-07, 21.81046469797307807, 7.875000096012498396 ) ) ;
#2399 =( GEOMETRIC_REPRESENTATION_CONTEXT ( 3 ) GLOBAL_UNCERTAINTY_ASSIGNED_CONTEXT ( ( #992 ) ) GLOBAL_UNIT_ASSIGNED_CONTEXT ( ( #562, #3106, #1158 ) ) REPRESENTATION_CONTEXT ( 'NONE', 'WORKASPACE' ) );
#2400 = SURFACE_SIDE_STYLE ('',( #6430 ) ) ;
#2401 =( GEOMETRIC_REPRESENTATION_CONTEXT ( 3 ) GLOBAL_UNCERTAINTY_ASSIGNED_CONTEXT ( ( #3879 ) ) GLOBAL_UNIT_ASSIGNED_CONTEXT ( ( #2084, #3617, #3015 ) ) REPRESENTATION_CONTEXT ( 'NONE', 'WORKASPACE' ) );
#2402 = AXIS2_PLACEMENT_3D ( 'NONE', #2601, #3022, #2578 ) ;
#2403 =( NAMED_UNIT ( * ) PLANE_ANGLE_UNIT ( ) SI_UNIT ( $, .RADIAN. ) );
#2404 = ORIENTED_EDGE ( 'NONE', *, *, #4201, .T. ) ;
#2405 = EDGE_CURVE ( 'NONE', #5176, #475, #4641, .T. ) ;
#2406 = CARTESIAN_POINT ( 'NONE',  ( -39.00803756922543641, 25.91280106752541101, 1.861560328787486385E-17 ) ) ;
#2407 = CARTESIAN_POINT ( 'NONE',  ( 1.977968221687967931, 17.80755619852338967, 13.95289946885742260 ) ) ;
#2408 = FILL_AREA_STYLE_COLOUR ( '', #5119 ) ;
#2409 = CONTEXT_DEPENDENT_SHAPE_REPRESENTATION ( #43, #5395 ) ;
#2410 = ORIENTED_EDGE ( 'NONE', *, *, #3195, .F. ) ;
#2411 = FILL_AREA_STYLE ('',( #414 ) ) ;
#2412 = ORIENTED_EDGE ( 'NONE', *, *, #5702, .F. ) ;
#2413 = CARTESIAN_POINT ( 'NONE',  ( 0.6528995164529042272, 16.90222409369006940, -14.08017112176087160 ) ) ;
#2414 = PLANE ( 'NONE',  #5545 ) ;
#2415 = CARTESIAN_POINT ( 'NONE',  ( -7.649863636468801964, 20.96729261368533415, 1.873252960920659405 ) ) ;
#2416 = VERTEX_POINT ( 'NONE', #2193 ) ;
#2417 = EDGE_LOOP ( 'NONE', ( #4562, #6018, #672, #5128 ) ) ;
#2418 = SURFACE_STYLE_USAGE ( .BOTH. , #3572 ) ;
#2419 = CARTESIAN_POINT ( 'NONE',  ( 4.973684208000001661, 4.973684208000017648, 1.336732849063831052 ) ) ;
#2420 = VECTOR ( 'NONE', #2857, 1000.000000000000000 ) ;
#2421 = MECHANICAL_DESIGN_GEOMETRIC_PRESENTATION_REPRESENTATION (  '', ( #2729 ), #433 ) ;
#2422 = CARTESIAN_POINT ( 'NONE',  ( 2.486841963748738671, 19.16067520759703413, 7.472030699770618511 ) ) ;
#2423 = AXIS2_PLACEMENT_3D ( 'NONE', #2469, #2985, #14 ) ;
#2424 = CIRCLE ( 'NONE', #2114, 2.486842105260000046 ) ;
#2425 = MECHANICAL_DESIGN_GEOMETRIC_PRESENTATION_REPRESENTATION (  '', ( #2635 ), #3473 ) ;
#2426 = CARTESIAN_POINT ( 'NONE',  ( 10.56907894200002040, 4.973684208000038964, 6.091006445296956823E-16 ) ) ;
#2427 = FILL_AREA_STYLE_COLOUR ( '', #1078 ) ;
#2428 = FACE_OUTER_BOUND ( 'NONE', #2569, .T. ) ;
#2429 = MECHANICAL_DESIGN_GEOMETRIC_PRESENTATION_REPRESENTATION (  '', ( #1838 ), #2020 ) ;
#2430 = CARTESIAN_POINT ( 'NONE',  ( 0.000000000000000000, 0.000000000000000000, 6.217105260000000300 ) ) ;
#2431 = DIRECTION ( 'NONE',  ( -0.000000000000000000, -0.000000000000000000, -1.000000000000000000 ) ) ;
#2432 = DIRECTION ( 'NONE',  ( 0.7071067811865474617, 0.7071067811865474617, 0.000000000000000000 ) ) ;
#2433 = EDGE_CURVE ( 'NONE', #6260, #3260, #2933, .T. ) ;
#2434 = ORIENTED_EDGE ( 'NONE', *, *, #3597, .F. ) ;
#2435 =( LENGTH_UNIT ( ) NAMED_UNIT ( * ) SI_UNIT ( .MILLI., .METRE. ) );
#2436 = CARTESIAN_POINT ( 'NONE',  ( -15.75000014149127381, -32.90006161774690696, -3.073819013756672991 ) ) ;
#2437 = PRESENTATION_LAYER_ASSIGNMENT (  '', '', ( #2221 ) ) ;
#2438 = CARTESIAN_POINT ( 'NONE',  ( -6.835524417918044549, -1.077879987594187572, -3.927924671266137313 ) ) ;
#2439 = UNCERTAINTY_MEASURE_WITH_UNIT (LENGTH_MEASURE( 1.000000000000000082E-05 ), #3880, 'distance_accuracy_value', 'NONE');
#2440 = VECTOR ( 'NONE', #5247, 1000.000000000000000 ) ;
#2441 = EDGE_CURVE ( 'NONE', #330, #2416, #1202, .T. ) ;
#2442 = DIRECTION ( 'NONE',  ( -1.000000000000000000, 0.000000000000000000, 0.000000000000000000 ) ) ;
#2443 = DIRECTION ( 'NONE',  ( -1.000000000000000000, 0.000000000000000000, 0.000000000000000000 ) ) ;
#2444 = VERTEX_POINT ( 'NONE', #4284 ) ;
#2445 = DIRECTION ( 'NONE',  ( -1.826024711554539830E-16, -1.000000000000000000, -0.000000000000000000 ) ) ;
#2446 = ORIENTED_EDGE ( 'NONE', *, *, #191, .F. ) ;
#2447 = CARTESIAN_POINT ( 'NONE',  ( 2.486841963748738671, 19.32362259271307536, -13.87094244913008900 ) ) ;
#2448 = COLOUR_RGB ( '',0.7921568627450980005, 0.8196078431372548767, 0.9333333333333333481 ) ;
#2449 = FILL_AREA_STYLE ('',( #479 ) ) ;
#2450 = EDGE_CURVE ( 'NONE', #6260, #717, #1148, .T. ) ;
#2451 = DIRECTION ( 'NONE',  ( 2.168404344971009361E-16, -1.000000000000000000, 0.000000000000000000 ) ) ;
#2452 = CARTESIAN_POINT ( 'NONE',  ( -7.875000141501262263, 16.83678048745306910, 0.1654095736124805149 ) ) ;
#2453 = ORIENTED_EDGE ( 'NONE', *, *, #4549, .T. ) ;
#2454 = ORIENTED_EDGE ( 'NONE', *, *, #2703, .F. ) ;
#2455 = CARTESIAN_POINT ( 'NONE',  ( -4.626577089518978170, -0.6272736646565691965, 6.416495760818594185 ) ) ;
#2456 = VECTOR ( 'NONE', #5322, 1000.000000000000114 ) ;
#2457 = CIRCLE ( 'NONE', #2657, 14.09210526314000234 ) ;
#2458 = DIRECTION ( 'NONE',  ( 0.000000000000000000, 0.000000000000000000, 1.000000000000000000 ) ) ;
#2459 = PRESENTATION_LAYER_ASSIGNMENT (  '', '', ( #4437 ) ) ;
#2460 = STYLED_ITEM ( 'NONE', ( #401 ), #2238 ) ;
#2461 = FILL_AREA_STYLE ('',( #2427 ) ) ;
#2462 = CARTESIAN_POINT ( 'NONE',  ( -2.407182821347867208, 18.67811515881571083, 13.88502632991727737 ) ) ;
#2463 = CARTESIAN_POINT ( 'NONE',  ( 2.486841963748944284, 19.32362259271337379, -7.472030507725583526 ) ) ;
#2464 = CARTESIAN_POINT ( 'NONE',  ( -39.00803756922543641, 20.11016949152541144, 1.861560328787486385E-17 ) ) ;
#2465 = ORIENTED_EDGE ( 'NONE', *, *, #4878, .T. ) ;
#2466 = PRESENTATION_STYLE_ASSIGNMENT (( #4983 ) ) ;
#2467 = DIRECTION ( 'NONE',  ( -1.000000000000000000, -0.000000000000000000, 0.000000000000000000 ) ) ;
#2468 = ADVANCED_FACE ( 'NONE', ( #3709, #5143 ), #6146, .F. ) ;
#2469 = CARTESIAN_POINT ( 'NONE',  ( -10.56907894199999909, -6.424342101999999777, 6.217105260000000300 ) ) ;
#2470 = FACE_OUTER_BOUND ( 'NONE', #1931, .T. ) ;
#2471 =( NAMED_UNIT ( * ) SI_UNIT ( $, .STERADIAN. ) SOLID_ANGLE_UNIT ( ) );
#2472 = ORIENTED_EDGE ( 'NONE', *, *, #5205, .F. ) ;
#2473 = CARTESIAN_POINT ( 'NONE',  ( 7.472056401586853802, 19.15904724104712642, 2.486764263225694549 ) ) ;
#2474 = ORIENTED_EDGE ( 'NONE', *, *, #2441, .F. ) ;
#2475 = FILL_AREA_STYLE ('',( #5914 ) ) ;
#2476 = CARTESIAN_POINT ( 'NONE',  ( 4.973684208000032747, -4.973684207999983897, 0.000000000000000000 ) ) ;
#2477 = EDGE_CURVE ( 'NONE', #1790, #1339, #3533, .T. ) ;
#2478 = SURFACE_STYLE_USAGE ( .BOTH. , #1994 ) ;
#2479 = CARTESIAN_POINT ( 'NONE',  ( -7.875000141501262263, 21.81046469797307807, 0.1629651327658716009 ) ) ;
#2480 = ORIENTED_EDGE ( 'NONE', *, *, #5774, .T. ) ;
#2481 = PRESENTATION_STYLE_ASSIGNMENT (( #2418 ) ) ;
#2482 = ADVANCED_FACE ( 'NONE', ( #5965 ), #2629, .T. ) ;
#2483 = SURFACE_STYLE_USAGE ( .BOTH. , #5520 ) ;
#2484 = DIRECTION ( 'NONE',  ( 0.000000000000000000, 0.000000000000000000, 1.000000000000000000 ) ) ;
#2485 = SURFACE_STYLE_FILL_AREA ( #5463 ) ;
#2486 = CARTESIAN_POINT ( 'NONE',  ( 13.89338659068861759, 18.52024633318981017, 2.359065839163687617 ) ) ;
#2487 = COLOUR_RGB ( '',0.5372549019607842924, 0.3490196078431372362, 0.3372549019607843368 ) ;
#2488 = FACE_OUTER_BOUND ( 'NONE', #2512, .T. ) ;
#2489 = CARTESIAN_POINT ( 'NONE',  ( -3.516925830957228882, -3.516925830957266186, 3.516925830957260857 ) ) ;
#2490 = CARTESIAN_POINT ( 'NONE',  ( 14.09210512162874096, 21.81046469797308163, 9.602249693434551087E-08 ) ) ;
#2491 = AXIS2_PLACEMENT_3D ( 'NONE', #5665, #3753, #6104 ) ;
#2492 = DIRECTION ( 'NONE',  ( 1.000000000000000000, 1.826024711554539830E-16, -0.000000000000000000 ) ) ;
#2493 = DIRECTION ( 'NONE',  ( -1.000000000000000000, 8.937497273727833873E-16, 0.000000000000000000 ) ) ;
#2494 = EDGE_LOOP ( 'NONE', ( #5190, #6399, #624, #5054 ) ) ;
#2495 = CIRCLE ( 'NONE', #4164, 4.973684210520003646 ) ;
#2496 = CARTESIAN_POINT ( 'NONE',  ( -7.798338813689592364, 17.09059119240686542, -1.106566133857229017 ) ) ;
#2497 = DIRECTION ( 'NONE',  ( 1.000000000000000000, 0.000000000000000000, 0.000000000000000000 ) ) ;
#2498 =( NAMED_UNIT ( * ) SI_UNIT ( $, .STERADIAN. ) SOLID_ANGLE_UNIT ( ) );
#2499 = ORIENTED_EDGE ( 'NONE', *, *, #6434, .F. ) ;
#2500 = CARTESIAN_POINT ( 'NONE',  ( -4.625665670579931721, -0.6272347426487310251, -6.416935668470793885 ) ) ;
#2501 = PRESENTATION_LAYER_ASSIGNMENT (  '', '', ( #3754 ) ) ;
#2502 = UNCERTAINTY_MEASURE_WITH_UNIT (LENGTH_MEASURE( 1.000000000000000082E-05 ), #1414, 'distance_accuracy_value', 'NONE');
#2503 = STYLED_ITEM ( 'NONE', ( #5497 ), #6242 ) ;
#2504 = SURFACE_SIDE_STYLE ('',( #3491 ) ) ;
#2505 = AXIS2_PLACEMENT_3D ( 'NONE', #2624, #4616, #144 ) ;
#2506 = SURFACE_SIDE_STYLE ('',( #3325 ) ) ;
#2507 = FILL_AREA_STYLE_COLOUR ( '', #5467 ) ;
#2508 = DIRECTION ( 'NONE',  ( 0.000000000000000000, 1.000000000000000000, 0.000000000000000000 ) ) ;
#2509 =( REPRESENTATION_RELATIONSHIP ('NONE','NONE', #4274, #3581 ) REPRESENTATION_RELATIONSHIP_WITH_TRANSFORMATION ( #4766 )SHAPE_REPRESENTATION_RELATIONSHIP( ) );
#2510 = VERTEX_POINT ( 'NONE', #6467 ) ;
#2511 = SURFACE_SIDE_STYLE ('',( #498 ) ) ;
#2512 = EDGE_LOOP ( 'NONE', ( #4590, #1292, #3217 ) ) ;
#2513 = FILL_AREA_STYLE_COLOUR ( '', #223 ) ;
#2514 = ADVANCED_BREP_SHAPE_REPRESENTATION ( '', ( #6270, #4055 ), #2697 ) ;
#2515 =( LENGTH_UNIT ( ) NAMED_UNIT ( * ) SI_UNIT ( .MILLI., .METRE. ) );
#2516 = PRODUCT_DEFINITION ( 'UNKNOWN', '', #3551, #3479 ) ;
#2517 = FACE_OUTER_BOUND ( 'NONE', #2213, .T. ) ;
#2518 = EDGE_CURVE ( 'NONE', #6055, #5207, #1275, .T. ) ;
#2519 = EDGE_LOOP ( 'NONE', ( #3534, #2259, #744, #2783, #2961, #2746 ) ) ;
#2520 = UNCERTAINTY_MEASURE_WITH_UNIT (LENGTH_MEASURE( 1.000000000000000082E-05 ), #2101, 'distance_accuracy_value', 'NONE');
#2521 = CYLINDRICAL_SURFACE ( 'NONE', #1130, 4.973684210520003646 ) ;
#2522 = CARTESIAN_POINT ( 'NONE',  ( 28.18421038476873974, -32.90006161774692117, -3.073819013756638796 ) ) ;
#2523 = DIRECTION ( 'NONE',  ( -0.000000000000000000, -1.000000000000000000, -0.000000000000000000 ) ) ;
#2524 = DIRECTION ( 'NONE',  ( 0.000000000000000000, 0.000000000000000000, 1.000000000000000000 ) ) ;
#2525 = AXIS2_PLACEMENT_3D ( 'NONE', #4567, #4208, #6204 ) ;
#2526 = MECHANICAL_DESIGN_GEOMETRIC_PRESENTATION_REPRESENTATION (  '', ( #5331 ), #2822 ) ;
#2527 = FILL_AREA_STYLE_COLOUR ( '', #1798 ) ;
#2528 = STYLED_ITEM ( 'NONE', ( #2677 ), #1354 ) ;
#2529 =( NAMED_UNIT ( * ) PLANE_ANGLE_UNIT ( ) SI_UNIT ( $, .RADIAN. ) );
#2530 = CARTESIAN_POINT ( 'NONE',  ( -1.415112602036722411E-07, 25.12625417165307695, -10.36184200922750342 ) ) ;
#2531 = PRESENTATION_STYLE_ASSIGNMENT (( #584 ) ) ;
#2532 = AXIS2_PLACEMENT_3D ( 'NONE', #1987, #3048, #2442 ) ;
#2533 = CARTESIAN_POINT ( 'NONE',  ( -14.03735370776908731, 21.48051264430042906, -1.248363398492609910 ) ) ;
#2534 = EDGE_CURVE ( 'NONE', #4959, #1134, #4819, .T. ) ;
#2535 = MECHANICAL_DESIGN_GEOMETRIC_PRESENTATION_REPRESENTATION (  '', ( #1068 ), #843 ) ;
#2536 = VERTEX_POINT ( 'NONE', #2088 ) ;
#2537 = PRESENTATION_STYLE_ASSIGNMENT (( #5088 ) ) ;
#2538 = SURFACE_STYLE_FILL_AREA ( #5090 ) ;
#2539 = ORIENTED_EDGE ( 'NONE', *, *, #3060, .T. ) ;
#2540 =( GEOMETRIC_REPRESENTATION_CONTEXT ( 3 ) GLOBAL_UNCERTAINTY_ASSIGNED_CONTEXT ( ( #4850 ) ) GLOBAL_UNIT_ASSIGNED_CONTEXT ( ( #2341, #1823, #796 ) ) REPRESENTATION_CONTEXT ( 'NONE', 'WORKASPACE' ) );
#2541 = CARTESIAN_POINT ( 'NONE',  ( 0.000000000000000000, 0.000000000000000000, 6.217105260000000300 ) ) ;
#2542 =( GEOMETRIC_REPRESENTATION_CONTEXT ( 3 ) GLOBAL_UNCERTAINTY_ASSIGNED_CONTEXT ( ( #3505 ) ) GLOBAL_UNIT_ASSIGNED_CONTEXT ( ( #4410, #3542, #424 ) ) REPRESENTATION_CONTEXT ( 'NONE', 'WORKASPACE' ) );
#2543 = VERTEX_POINT ( 'NONE', #5092 ) ;
#2544 = ORIENTED_EDGE ( 'NONE', *, *, #4280, .F. ) ;
#2545 = CIRCLE ( 'NONE', #749, 2.486842105260000491 ) ;
#2546 = SURFACE_STYLE_USAGE ( .BOTH. , #1003 ) ;
#2547 = DIRECTION ( 'NONE',  ( -1.000000000000000000, 0.000000000000000000, 0.000000000000000000 ) ) ;
#2548 = SURFACE_STYLE_FILL_AREA ( #5030 ) ;
#2549 = CIRCLE ( 'NONE', #453, 2.486842105260001823 ) ;
#2550 = VERTEX_POINT ( 'NONE', #4427 ) ;
#2551 = STYLED_ITEM ( 'NONE', ( #2325 ), #6144 ) ;
#2552 = CARTESIAN_POINT ( 'NONE',  ( 18.23684196372877153, -35.38690372300692388, -3.073819013756638796 ) ) ;
#2553 = CARTESIAN_POINT ( 'NONE',  ( -10.56907894199999909, -6.424342101999999777, 6.217105260000000300 ) ) ;
#2554 = ADVANCED_FACE ( 'NONE', ( #4529 ), #4073, .T. ) ;
#2555 = AXIS2_PLACEMENT_3D ( 'NONE', #5739, #5779, #1223 ) ;
#2556 =( GEOMETRIC_REPRESENTATION_CONTEXT ( 3 ) GLOBAL_UNCERTAINTY_ASSIGNED_CONTEXT ( ( #1061 ) ) GLOBAL_UNIT_ASSIGNED_CONTEXT ( ( #4926, #1000, #1960 ) ) REPRESENTATION_CONTEXT ( 'NONE', 'WORKASPACE' ) );
#2557 = CARTESIAN_POINT ( 'NONE',  ( -44.81066914522543243, 20.11016949152541144, 1.861560328787486385E-17 ) ) ;
#2558 = LINE ( 'NONE', #6045, #993 ) ;
#2559 = CIRCLE ( 'NONE', #3916, 2.486842105260000046 ) ;
#2560 =( NAMED_UNIT ( * ) SI_UNIT ( $, .STERADIAN. ) SOLID_ANGLE_UNIT ( ) );
#2561 = EDGE_CURVE ( 'NONE', #5370, #5875, #1552, .T. ) ;
#2562 = CARTESIAN_POINT ( 'NONE',  ( -18.23684224675127652, -13.00532477566700784, -14.09210516711750394 ) ) ;
#2563 = UNCERTAINTY_MEASURE_WITH_UNIT (LENGTH_MEASURE( 1.000000000000000082E-05 ), #2998, 'distance_accuracy_value', 'NONE');
#2564 =( NAMED_UNIT ( * ) SI_UNIT ( $, .STERADIAN. ) SOLID_ANGLE_UNIT ( ) );
#2565 = CARTESIAN_POINT ( 'NONE',  ( 4.973684208000001661, 6.091006445296940059E-16, 4.973684208000001661 ) ) ;
#2566 = DIRECTION ( 'NONE',  ( 3.338267565069870055E-16, 0.2648642316819864173, -0.9642857142857147457 ) ) ;
#2567 = DIRECTION ( 'NONE',  ( 0.000000000000000000, 0.000000000000000000, 1.000000000000000000 ) ) ;
#2568 = TOROIDAL_SURFACE ( 'NONE', #5488, 9.947368421040001962, 2.486842105260000491 ) ;
#2569 = EDGE_LOOP ( 'NONE', ( #2472, #2404, #571, #2792 ) ) ;
#2570 = SURFACE_STYLE_FILL_AREA ( #1096 ) ;
#2571 = VECTOR ( 'NONE', #919, 1000.000000000000000 ) ;
#2572 = DIRECTION ( 'NONE',  ( 1.826024711554539830E-16, -1.000000000000000000, 0.000000000000000000 ) ) ;
#2573 = EDGE_CURVE ( 'NONE', #4318, #6136, #1678, .T. ) ;
#2574 = FILL_AREA_STYLE ('',( #3350 ) ) ;
#2575 = CIRCLE ( 'NONE', #2148, 9.947368421040001962 ) ;
#2576 = FILL_AREA_STYLE_COLOUR ( '', #949 ) ;
#2577 = ORIENTED_EDGE ( 'NONE', *, *, #943, .F. ) ;
#2578 = DIRECTION ( 'NONE',  ( -1.000000000000000000, 2.134535934252267100E-14, 0.000000000000000000 ) ) ;
#2579 = VERTEX_POINT ( 'NONE', #2773 ) ;
#2580 = ORIENTED_EDGE ( 'NONE', *, *, #1119, .T. ) ;
#2581 = PRESENTATION_STYLE_ASSIGNMENT (( #2483 ) ) ;
#2582 =( LENGTH_UNIT ( ) NAMED_UNIT ( * ) SI_UNIT ( .MILLI., .METRE. ) );
#2583 = SURFACE_STYLE_FILL_AREA ( #3514 ) ;
#2584 = FACE_OUTER_BOUND ( 'NONE', #1763, .T. ) ;
#2585 = CARTESIAN_POINT ( 'NONE',  ( -12.48172179322543585, 20.11016949152541144, 1.861560328787486385E-17 ) ) ;
#2586 = CARTESIAN_POINT ( 'NONE',  ( -4.545481474234300379, 9.141918098976208995, -14.09210516711750749 ) ) ;
#2587 = CARTESIAN_POINT ( 'NONE',  ( 2.158518465352510685, 18.07798477166265627, 13.92611072239973780 ) ) ;
#2588 = CARTESIAN_POINT ( 'NONE',  ( 13.87382574342027475, 18.99909052746566474, -2.470913508359890542 ) ) ;
#2589 = SURFACE_STYLE_FILL_AREA ( #1510 ) ;
#2590 =( NAMED_UNIT ( * ) PLANE_ANGLE_UNIT ( ) SI_UNIT ( $, .RADIAN. ) );
#2591 = CARTESIAN_POINT ( 'NONE',  ( 7.994078778775375760, 8.547306803253073682, -14.09210516711750394 ) ) ;
#2592 = ORIENTED_EDGE ( 'NONE', *, *, #3789, .T. ) ;
#2593 = EDGE_CURVE ( 'NONE', #5207, #6055, #3893, .T. ) ;
#2594 = SURFACE_STYLE_USAGE ( .BOTH. , #2054 ) ;
#2595 = PRESENTATION_STYLE_ASSIGNMENT (( #4035 ) ) ;
#2596 = CIRCLE ( 'NONE', #6251, 2.486842105260000491 ) ;
#2597 = PRESENTATION_LAYER_ASSIGNMENT (  '', '', ( #1027 ) ) ;
#2598 =( GEOMETRIC_REPRESENTATION_CONTEXT ( 3 ) GLOBAL_UNCERTAINTY_ASSIGNED_CONTEXT ( ( #2439 ) ) GLOBAL_UNIT_ASSIGNED_CONTEXT ( ( #3880, #383, #1392 ) ) REPRESENTATION_CONTEXT ( 'NONE', 'WORKASPACE' ) );
#2599 = EDGE_LOOP ( 'NONE', ( #4831, #1557, #4826 ) ) ;
#2600 = EDGE_CURVE ( 'NONE', #2151, #3465, #5251, .T. ) ;
#2601 = CARTESIAN_POINT ( 'NONE',  ( -3.315789615191276241, -13.00532477566692258, 11.60526325390249980 ) ) ;
#2602 = VERTEX_POINT ( 'NONE', #6279 ) ;
#2603 =( NAMED_UNIT ( * ) PLANE_ANGLE_UNIT ( ) SI_UNIT ( $, .RADIAN. ) );
#2604 = PRESENTATION_LAYER_ASSIGNMENT (  '', '', ( #6145 ) ) ;
#2605 = AXIS2_PLACEMENT_3D ( 'NONE', #5438, #837, #940 ) ;
#2606 = PRESENTATION_STYLE_ASSIGNMENT (( #506 ) ) ;
#2607 = AXIS2_PLACEMENT_3D ( 'NONE', #6091, #6056, #1608 ) ;
#2608 = ORIENTED_EDGE ( 'NONE', *, *, #233, .T. ) ;
#2609 = CYLINDRICAL_SURFACE ( 'NONE', #3469, 2.486842105260000491 ) ;
#2610 = FILL_AREA_STYLE_COLOUR ( '', #3328 ) ;
#2611 = AXIS2_PLACEMENT_3D ( 'NONE', #4316, #3827, #1178 ) ;
#2612 = CARTESIAN_POINT ( 'NONE',  ( 6.588470712734181056, 8.656103418037860209, 14.09210535916249896 ) ) ;
#2613 = CARTESIAN_POINT ( 'NONE',  ( 14.07007412845081085, 21.68322567020735647, 0.8019752466149147052 ) ) ;
#2614 = PRESENTATION_STYLE_ASSIGNMENT (( #1736 ) ) ;
#2615 = CARTESIAN_POINT ( 'NONE',  ( -5.216846281636765781, 8.938870595187943024, -14.09210516711750216 ) ) ;
#2616 = CARTESIAN_POINT ( 'NONE',  ( -3.782712233081107378, 11.03414890901536261, -13.59428392024768328 ) ) ;
#2617 = LINE ( 'NONE', #3035, #4210 ) ;
#2618 = CARTESIAN_POINT ( 'NONE',  ( -18.23684224675129428, -35.38690372300693099, 14.09210535916249896 ) ) ;
#2619 = CARTESIAN_POINT ( 'NONE',  ( 0.000000000000000000, -10.56907894200000086, 0.000000000000000000 ) ) ;
#2620 = CARTESIAN_POINT ( 'NONE',  ( 18.23684196372875377, -32.90006161774692117, 3.073819205801643584 ) ) ;
#2621 = CARTESIAN_POINT ( 'NONE',  ( -14.08922251440346507, 16.85297203512409325, -0.3265014159387887860 ) ) ;
#2622 = ORIENTED_EDGE ( 'NONE', *, *, #2873, .F. ) ;
#2623 = CARTESIAN_POINT ( 'NONE',  ( -7.650046797136234922, 20.96813186909491833, -1.872497377733064905 ) ) ;
#2624 = CARTESIAN_POINT ( 'NONE',  ( -1.415112614726319400E-07, 27.61309627691307966, 9.602249662979534408E-08 ) ) ;
#2625 =( LENGTH_UNIT ( ) NAMED_UNIT ( * ) SI_UNIT ( .MILLI., .METRE. ) );
#2626 = LINE ( 'NONE', #1545, #5526 ) ;
#2627 = COLOUR_RGB ( '',0.5372549019607842924, 0.3490196078431372362, 0.3372549019607843368 ) ;
#2628 = ORIENTED_EDGE ( 'NONE', *, *, #5774, .F. ) ;
#2629 = TOROIDAL_SURFACE ( 'NONE', #2532, 9.947368421040001962, 2.486842105260000491 ) ;
#2630 = ADVANCED_FACE ( 'NONE', ( #4777 ), #2803, .T. ) ;
#2631 = COLOUR_RGB ( '',0.5372549019607842924, 0.3490196078431372362, 0.3372549019607843368 ) ;
#2632 = SURFACE_SIDE_STYLE ('',( #780 ) ) ;
#2633 = VERTEX_POINT ( 'NONE', #1843 ) ;
#2634 = AXIS2_PLACEMENT_3D ( 'NONE', #5105, #4551, #4088 ) ;
#2635 = STYLED_ITEM ( 'NONE', ( #5183 ), #2366 ) ;
#2636 = CARTESIAN_POINT ( 'NONE',  ( -39.00803756922543641, 20.11016949152541144, -5.802631576000000457 ) ) ;
#2637 =( NAMED_UNIT ( * ) PLANE_ANGLE_UNIT ( ) SI_UNIT ( $, .RADIAN. ) );
#2638 = PRESENTATION_LAYER_ASSIGNMENT (  '', '', ( #3691 ) ) ;
#2639 = EDGE_CURVE ( 'NONE', #3527, #1999, #5155, .T. ) ;
#2640 = AXIS2_PLACEMENT_3D ( 'NONE', #2189, #6175, #1662 ) ;
#2641 = DIRECTION ( 'NONE',  ( -0.3329591477205899319, -0.6163538978992108008, -0.7136147969973909433 ) ) ;
#2642 = VECTOR ( 'NONE', #2261, 1000.000000000000000 ) ;
#2643 = ORIENTED_EDGE ( 'NONE', *, *, #4799, .T. ) ;
#2644 =( LENGTH_UNIT ( ) NAMED_UNIT ( * ) SI_UNIT ( .MILLI., .METRE. ) );
#2645 = CARTESIAN_POINT ( 'NONE',  ( -4.973684208000001661, 0.000000000000000000, 4.973684208000001661 ) ) ;
#2646 = STYLED_ITEM ( 'NONE', ( #4093 ), #409 ) ;
#2647 = FILL_AREA_STYLE_COLOUR ( '', #1832 ) ;
#2648 = CARTESIAN_POINT ( 'NONE',  ( 28.18421038476875395, -32.90006161774692117, 3.073819205801632037 ) ) ;
#2649 = SURFACE_SIDE_STYLE ('',( #2736 ) ) ;
#2650 =( NAMED_UNIT ( * ) PLANE_ANGLE_UNIT ( ) SI_UNIT ( $, .RADIAN. ) );
#2651 = STYLED_ITEM ( 'NONE', ( #5471 ), #3987 ) ;
#2652 = DIRECTION ( 'NONE',  ( 1.000000000000000000, 0.000000000000000000, 0.000000000000000000 ) ) ;
#2653 = CARTESIAN_POINT ( 'NONE',  ( -13.87382350021849042, 18.99852701821341583, -2.470933034073965473 ) ) ;
#2654 =( LENGTH_UNIT ( ) NAMED_UNIT ( * ) SI_UNIT ( .MILLI., .METRE. ) );
#2655 = EDGE_LOOP ( 'NONE', ( #916, #269, #2913, #4240 ) ) ;
#2656 = AXIS2_PLACEMENT_3D ( 'NONE', #1290, #5816, #5892 ) ;
#2657 = AXIS2_PLACEMENT_3D ( 'NONE', #1053, #4555, #2567 ) ;
#2658 = FILL_AREA_STYLE_COLOUR ( '', #5234 ) ;
#2659 = SURFACE_STYLE_USAGE ( .BOTH. , #561 ) ;
#2660 = ORIENTED_EDGE ( 'NONE', *, *, #2152, .F. ) ;
#2661 =( GEOMETRIC_REPRESENTATION_CONTEXT ( 3 ) GLOBAL_UNCERTAINTY_ASSIGNED_CONTEXT ( ( #785 ) ) GLOBAL_UNIT_ASSIGNED_CONTEXT ( ( #6127, #4620, #6023 ) ) REPRESENTATION_CONTEXT ( 'NONE', 'WORKASPACE' ) );
#2662 = MECHANICAL_DESIGN_GEOMETRIC_PRESENTATION_REPRESENTATION (  '', ( #4437 ), #2349 ) ;
#2663 = FACE_OUTER_BOUND ( 'NONE', #1270, .T. ) ;
#2664 = CARTESIAN_POINT ( 'NONE',  ( -2.172062208314008647, 20.57714875891442929, -7.570643752262756543 ) ) ;
#2665 = DIRECTION ( 'NONE',  ( -1.000000000000000000, 0.000000000000000000, 0.000000000000000000 ) ) ;
#2666 = ORIENTED_EDGE ( 'NONE', *, *, #4712, .F. ) ;
#2667 = ADVANCED_FACE ( 'NONE', ( #1470 ), #2871, .F. ) ;
#2668 = CARTESIAN_POINT ( 'NONE',  ( 15.74999985846874750, -21.70927214407691963, -11.60526306185750478 ) ) ;
#2669 = CARTESIAN_POINT ( 'NONE',  ( -1.336732849063830386, 4.973684208000001661, -4.973684208000001661 ) ) ;
#2670 = CARTESIAN_POINT ( 'NONE',  ( -13.88508080822347779, 19.96989193396155926, 2.406866528294387297 ) ) ;
#2671 = EDGE_CURVE ( 'NONE', #1093, #986, #1479, .T. ) ;
#2672 = ORIENTED_EDGE ( 'NONE', *, *, #903, .T. ) ;
#2673 = CARTESIAN_POINT ( 'NONE',  ( 1.336732849063819728, 4.973684208000001661, -4.973684208000001661 ) ) ;
#2674 = EDGE_CURVE ( 'NONE', #1171, #5578, #2909, .T. ) ;
#2675 = EDGE_LOOP ( 'NONE', ( #5276, #4076, #2167, #645 ) ) ;
#2676 =( NAMED_UNIT ( * ) PLANE_ANGLE_UNIT ( ) SI_UNIT ( $, .RADIAN. ) );
#2677 = PRESENTATION_STYLE_ASSIGNMENT (( #5733 ) ) ;
#2678 = CARTESIAN_POINT ( 'NONE',  ( -7.641425515624400866, 8.547306806629968889, -14.09210516711750394 ) ) ;
#2679 = FILL_AREA_STYLE_COLOUR ( '', #4528 ) ;
#2680 = SURFACE_STYLE_USAGE ( .BOTH. , #2709 ) ;
#2681 = LINE ( 'NONE', #972, #1256 ) ;
#2682 = FACE_OUTER_BOUND ( 'NONE', #1213, .T. ) ;
#2683 = CARTESIAN_POINT ( 'NONE',  ( -3.315789615191276241, -13.00532477566692258, -11.60526306185750478 ) ) ;
#2684 = SURFACE_STYLE_FILL_AREA ( #4455 ) ;
#2685 = ORIENTED_EDGE ( 'NONE', *, *, #1276, .F. ) ;
#2686 = LINE ( 'NONE', #265, #6102 ) ;
#2687 =( BOUNDED_CURVE ( )  B_SPLINE_CURVE ( 3, ( #1591, #6041, #2126, #1012 ),
 .UNSPECIFIED., .F., .F. ) 
 B_SPLINE_CURVE_WITH_KNOTS ( ( 4, 4 ),
 ( 3.141592653589793116, 3.926990816987245836 ),
 .UNSPECIFIED. ) 
 CURVE ( )  GEOMETRIC_REPRESENTATION_ITEM ( )  RATIONAL_B_SPLINE_CURVE ( ( 1.000000000000000000, 0.9492530216741906779, 0.9492530216741906779, 1.000000000000000000 ) ) 
 REPRESENTATION_ITEM ( '' )  );
#2688 = UNCERTAINTY_MEASURE_WITH_UNIT (LENGTH_MEASURE( 1.000000000000000082E-05 ), #2881, 'distance_accuracy_value', 'NONE');
#2689 = VERTEX_POINT ( 'NONE', #5981 ) ;
#2690 = FILL_AREA_STYLE_COLOUR ( '', #4548 ) ;
#2691 = CARTESIAN_POINT ( 'NONE',  ( -0.1624333625391629343, 16.83678048745307265, -14.09210516711750572 ) ) ;
#2692 = VERTEX_POINT ( 'NONE', #3438 ) ;
#2693 = AXIS2_PLACEMENT_3D ( 'NONE', #5101, #2523, #4020 ) ;
#2694 = PRESENTATION_STYLE_ASSIGNMENT (( #5716 ) ) ;
#2695 = CARTESIAN_POINT ( 'NONE',  ( -2.567050144677210710, 9.880352915008383974, 14.09210535916249896 ) ) ;
#2696 = UNCERTAINTY_MEASURE_WITH_UNIT (LENGTH_MEASURE( 1.000000000000000082E-05 ), #6256, 'distance_accuracy_value', 'NONE');
#2697 =( GEOMETRIC_REPRESENTATION_CONTEXT ( 3 ) GLOBAL_UNCERTAINTY_ASSIGNED_CONTEXT ( ( #3809 ) ) GLOBAL_UNIT_ASSIGNED_CONTEXT ( ( #5803, #6414, #2925 ) ) REPRESENTATION_CONTEXT ( 'NONE', 'WORKASPACE' ) );
#2698 = CIRCLE ( 'NONE', #2390, 4.973684210520000093 ) ;
#2699 = EDGE_LOOP ( 'NONE', ( #2856, #3198 ) ) ;
#2700 = AXIS2_PLACEMENT_3D ( 'NONE', #3057, #2038, #1622 ) ;
#2701 =( NAMED_UNIT ( * ) SI_UNIT ( $, .STERADIAN. ) SOLID_ANGLE_UNIT ( ) );
#2702 = AXIS2_PLACEMENT_3D ( 'NONE', #1058, #4618, #3530 ) ;
#2703 = EDGE_CURVE ( 'NONE', #5000, #3356, #1873, .T. ) ;
#2704 = MECHANICAL_DESIGN_GEOMETRIC_PRESENTATION_REPRESENTATION (  '', ( #3335 ), #3560 ) ;
#2705 = FILL_AREA_STYLE_COLOUR ( '', #2487 ) ;
#2706 = APPLICATION_CONTEXT ( 'automotive_design' ) ;
#2707 = ORIENTED_EDGE ( 'NONE', *, *, #5032, .F. ) ;
#2708 = LINE ( 'NONE', #4699, #4199 ) ;
#2709 = SURFACE_SIDE_STYLE ('',( #1184 ) ) ;
#2710 = SURFACE_SIDE_STYLE ('',( #4743 ) ) ;
#2711 = CARTESIAN_POINT ( 'NONE',  ( 7.702145034698493653, 17.45169472067781058, -1.645067401190254408 ) ) ;
#2712 = VERTEX_POINT ( 'NONE', #5851 ) ;
#2713 = FILL_AREA_STYLE ('',( #1773 ) ) ;
#2714 = CARTESIAN_POINT ( 'NONE',  ( -2.486842246771261422, 19.48614316115548206, 13.87094264117508757 ) ) ;
#2715 = LINE ( 'NONE', #5652, #6039 ) ;
#2716 = EDGE_LOOP ( 'NONE', ( #6441, #924, #3310, #6107, #4858, #1853, #6187 ) ) ;
#2717 =( NAMED_UNIT ( * ) PLANE_ANGLE_UNIT ( ) SI_UNIT ( $, .RADIAN. ) );
#2718 = B_SPLINE_CURVE_WITH_KNOTS ( 'NONE', 3,
 ( #442, #991, #2500, #3388, #5388, #5447, #2986, #2438, #1956, #3957, #5887, #455, #1439, #2356, #1342, #938, #909, #3333, #2897, #6420, #2388, #4903, #1410, #3901, #874, #5373, #367, #2455, #5345, #4443 ),
 .UNSPECIFIED., .F., .F.,
 ( 4, 2, 2, 2, 2, 2, 2, 2, 2, 2, 2, 2, 2, 2, 4 ),
 ( 0.000000000000000000, 0.002237406054041504288, 0.003356109081062255781, 0.004474812108083006841, 0.005593515135103757467, 0.006712218162124508961, 0.007830921189145259587, 0.008949624216166011947, 0.01006832724318676257, 0.01118703027020751493, 0.01230573329722826903, 0.01342443632424902139, 0.01454313935126977202, 0.01566184237829052264, 0.01789924843233202736 ),
 .UNSPECIFIED. ) ;
#2719 = EDGE_CURVE ( 'NONE', #3416, #2579, #1458, .T. ) ;
#2720 = CARTESIAN_POINT ( 'NONE',  ( -4.973684208000003437, -4.973684208000056728, -1.336732849063835715 ) ) ;
#2721 = ORIENTED_EDGE ( 'NONE', *, *, #4261, .F. ) ;
#2722 =( BOUNDED_CURVE ( )  B_SPLINE_CURVE ( 3, ( #4840, #912, #3271, #3341 ),
 .UNSPECIFIED., .F., .T. ) 
 B_SPLINE_CURVE_WITH_KNOTS ( ( 4, 4 ),
 ( 3.141592653589793116, 3.926990816987244948 ),
 .UNSPECIFIED. ) 
 CURVE ( )  GEOMETRIC_REPRESENTATION_ITEM ( )  RATIONAL_B_SPLINE_CURVE ( ( 1.000000000000000000, 0.9492530216741906779, 0.9492530216741906779, 1.000000000000000000 ) ) 
 REPRESENTATION_ITEM ( '' )  );
#2723 = STYLED_ITEM ( 'NONE', ( #4403 ), #5070 ) ;
#2724 = CARTESIAN_POINT ( 'NONE',  ( -15.75000014149127026, -1.400061617786925172, -11.60526306185750478 ) ) ;
#2725 = VECTOR ( 'NONE', #2868, 1000.000000000000000 ) ;
#2726 = DIRECTION ( 'NONE',  ( -1.000000000000000000, 0.000000000000000000, 0.000000000000000000 ) ) ;
#2727 = CARTESIAN_POINT ( 'NONE',  ( -13.92603709719584870, 18.07880033705521328, 2.158993176423094518 ) ) ;
#2728 = COLOUR_RGB ( '',0.5372549019607842924, 0.3490196078431372362, 0.3372549019607843368 ) ;
#2729 = STYLED_ITEM ( 'NONE', ( #3652 ), #2630 ) ;
#2730 = ORIENTED_EDGE ( 'NONE', *, *, #6359, .T. ) ;
#2731 = CARTESIAN_POINT ( 'NONE',  ( 7.323717595120653456, -1.233653378523419386, -2.918382885161367124 ) ) ;
#2732 = STYLED_ITEM ( 'NONE', ( #2614 ), #4662 ) ;
#2733 = SURFACE_STYLE_USAGE ( .BOTH. , #3156 ) ;
#2734 = EDGE_LOOP ( 'NONE', ( #1060, #1492, #5167, #4233, #2474, #323, #2064 ) ) ;
#2735 = ADVANCED_FACE ( 'NONE', ( #4872 ), #4414, .F. ) ;
#2736 = SURFACE_STYLE_FILL_AREA ( #736 ) ;
#2737 = AXIS2_PLACEMENT_3D ( 'NONE', #6154, #1674, #5651 ) ;
#2738 = PRESENTATION_STYLE_ASSIGNMENT (( #4703 ) ) ;
#2739 = DIRECTION ( 'NONE',  ( 1.000000000000000000, 0.000000000000000000, 0.000000000000000000 ) ) ;
#2740 = DIRECTION ( 'NONE',  ( 1.000000000000000000, 0.000000000000000000, 0.000000000000000000 ) ) ;
#2741 = EDGE_LOOP ( 'NONE', ( #2454, #5034, #3820, #3680, #3733, #5025, #860 ) ) ;
#2742 = EDGE_CURVE ( 'NONE', #2633, #3429, #606, .T. ) ;
#2743 = CIRCLE ( 'NONE', #652, 2.486842105260000046 ) ;
#2744 = DIRECTION ( 'NONE',  ( -1.000000000000000000, -1.826024711554539830E-16, -0.000000000000000000 ) ) ;
#2745 = CARTESIAN_POINT ( 'NONE',  ( 28.18421038476875395, 16.83678048745307976, 9.602249662979534408E-08 ) ) ;
#2746 = ORIENTED_EDGE ( 'NONE', *, *, #5826, .F. ) ;
#2747 = DIRECTION ( 'NONE',  ( 0.000000000000000000, 0.000000000000000000, -1.000000000000000000 ) ) ;
#2748 = CARTESIAN_POINT ( 'NONE',  ( -1.415112614726319400E-07, 25.12625417165307695, 9.602249662979534408E-08 ) ) ;
#2749 = ORIENTED_EDGE ( 'NONE', *, *, #4147, .F. ) ;
#2750 = LINE ( 'NONE', #309, #2110 ) ;
#2751 = ADVANCED_FACE ( 'NONE', ( #6113 ), #4569, .T. ) ;
#2752 = DIRECTION ( 'NONE',  ( 0.000000000000000000, 0.000000000000000000, 1.000000000000000000 ) ) ;
#2753 = DIRECTION ( 'NONE',  ( -0.000000000000000000, -0.000000000000000000, -1.000000000000000000 ) ) ;
#2754 = DIRECTION ( 'NONE',  ( -0.000000000000000000, -0.000000000000000000, -1.000000000000000000 ) ) ;
#2755 = VECTOR ( 'NONE', #3858, 1000.000000000000000 ) ;
#2756 = CARTESIAN_POINT ( 'NONE',  ( 7.874999858478738624, 16.83678048745307620, 9.602249670060469120E-08 ) ) ;
#2757 = CARTESIAN_POINT ( 'NONE',  ( -15.75000014149127026, -1.400061617786925172, -14.09210516711750394 ) ) ;
#2758 = PRODUCT_DEFINITION_SHAPE ( 'NONE', 'NONE',  #6473 ) ;
#2759 = CARTESIAN_POINT ( 'NONE',  ( 147.1935912007547813, 65.58214551813506432, 59.77887745788937934 ) ) ;
#2760 = SURFACE_SIDE_STYLE ('',( #761 ) ) ;
#2761 = STYLED_ITEM ( 'NONE', ( #5823 ), #5868 ) ;
#2762 = COLOUR_RGB ( '',0.5372549019607842924, 0.3490196078431372362, 0.3372549019607843368 ) ;
#2763 = PRESENTATION_LAYER_ASSIGNMENT (  '', '', ( #2460 ) ) ;
#2764 = ORIENTED_EDGE ( 'NONE', *, *, #4147, .T. ) ;
#2765 = CARTESIAN_POINT ( 'NONE',  ( 2.157655963000146837, 20.57069430778620145, 13.92624313268394154 ) ) ;
#2766 = SURFACE_STYLE_USAGE ( .BOTH. , #2506 ) ;
#2767 = ORIENTED_EDGE ( 'NONE', *, *, #5949, .T. ) ;
#2768 = DIRECTION ( 'NONE',  ( -1.000000000000000000, 0.000000000000000000, 0.000000000000000000 ) ) ;
#2769 = CARTESIAN_POINT ( 'NONE',  ( 4.973684208000001661, 4.973684208000019424, 6.091006445296940059E-16 ) ) ;
#2770 = CARTESIAN_POINT ( 'NONE',  ( -1.415112614744361466E-07, 11.03414890851307462, -14.09210516711750394 ) ) ;
#2771 = DIRECTION ( 'NONE',  ( -1.000000000000000000, 2.663810163047662030E-14, 0.000000000000000000 ) ) ;
#2772 = CARTESIAN_POINT ( 'NONE',  ( 15.74999985846866224, 11.03414890851307462, 14.09210535916249896 ) ) ;
#2773 = CARTESIAN_POINT ( 'NONE',  ( -25.69736856253126689, -21.70927214407693029, 14.09210535916249896 ) ) ;
#2774 =( NAMED_UNIT ( * ) SI_UNIT ( $, .STERADIAN. ) SOLID_ANGLE_UNIT ( ) );
#2775 = FILL_AREA_STYLE ('',( #5375 ) ) ;
#2776 = DIRECTION ( 'NONE',  ( -0.000000000000000000, -1.000000000000000000, -0.000000000000000000 ) ) ;
#2777 = CARTESIAN_POINT ( 'NONE',  ( 6.587274161599733446, 8.656293605162886706, 14.09210535916250073 ) ) ;
#2778 = SURFACE_STYLE_FILL_AREA ( #4710 ) ;
#2779 = ORIENTED_EDGE ( 'NONE', *, *, #4748, .F. ) ;
#2780 = CARTESIAN_POINT ( 'NONE',  ( -15.75000014149127381, -13.00532477566700784, 11.60526325390249980 ) ) ;
#2781 = EDGE_CURVE ( 'NONE', #3348, #423, #6012, .T. ) ;
#2782 = EDGE_CURVE ( 'NONE', #5913, #3541, #2687, .T. ) ;
#2783 = ORIENTED_EDGE ( 'NONE', *, *, #6032, .T. ) ;
#2784 = SURFACE_STYLE_FILL_AREA ( #1750 ) ;
#2785 = CARTESIAN_POINT ( 'NONE',  ( -1.872268621462198412, 17.67894276082818195, 7.650092160441243294 ) ) ;
#2786 = DIRECTION ( 'NONE',  ( -0.000000000000000000, -0.000000000000000000, -1.000000000000000000 ) ) ;
#2787 = DIRECTION ( 'NONE',  ( 0.000000000000000000, 1.000000000000000000, 0.000000000000000000 ) ) ;
#2788 = DIRECTION ( 'NONE',  ( -0.000000000000000000, -0.000000000000000000, -1.000000000000000000 ) ) ;
#2789 = ADVANCED_FACE ( 'NONE', ( #5041 ), #3031, .T. ) ;
#2790 = MECHANICAL_DESIGN_GEOMETRIC_PRESENTATION_REPRESENTATION (  '', ( #6138 ), #4676 ) ;
#2791 = ORIENTED_EDGE ( 'NONE', *, *, #4507, .T. ) ;
#2792 = ORIENTED_EDGE ( 'NONE', *, *, #5785, .T. ) ;
#2793 = CARTESIAN_POINT ( 'NONE',  ( 2.486841963748738671, 19.32362259271307536, 13.87094264117508402 ) ) ;
#2794 =( GEOMETRIC_REPRESENTATION_CONTEXT ( 3 ) GLOBAL_UNCERTAINTY_ASSIGNED_CONTEXT ( ( #4584 ) ) GLOBAL_UNIT_ASSIGNED_CONTEXT ( ( #1081, #6114, #1592 ) ) REPRESENTATION_CONTEXT ( 'NONE', 'WORKASPACE' ) );
#2795 = AXIS2_PLACEMENT_3D ( 'NONE', #2620, #3642, #2078 ) ;
#2796 = AXIS2_PLACEMENT_3D ( 'NONE', #5267, #760, #153 ) ;
#2797 = SURFACE_SIDE_STYLE ('',( #6318 ) ) ;
#2798 = ORIENTED_EDGE ( 'NONE', *, *, #699, .T. ) ;
#2799 =( LENGTH_UNIT ( ) NAMED_UNIT ( * ) SI_UNIT ( .MILLI., .METRE. ) );
#2800 = CARTESIAN_POINT ( 'NONE',  ( -15.75000014149127381, -21.70927214407692674, 9.602249662979534408E-08 ) ) ;
#2801 = STYLED_ITEM ( 'NONE', ( #3543 ), #2918 ) ;
#2802 =( NAMED_UNIT ( * ) SI_UNIT ( $, .STERADIAN. ) SOLID_ANGLE_UNIT ( ) );
#2803 = CYLINDRICAL_SURFACE ( 'NONE', #4196, 2.486842105260001823 ) ;
#2804 = CARTESIAN_POINT ( 'NONE',  ( 2.486841963748738671, 19.32362259271307536, 7.472030699770619400 ) ) ;
#2805 = CARTESIAN_POINT ( 'NONE',  ( 7.874999858478738624, 16.83678048745307620, 9.602249670060469120E-08 ) ) ;
#2806 =( GEOMETRIC_REPRESENTATION_CONTEXT ( 3 ) GLOBAL_UNCERTAINTY_ASSIGNED_CONTEXT ( ( #81 ) ) GLOBAL_UNIT_ASSIGNED_CONTEXT ( ( #513, #6077, #5496 ) ) REPRESENTATION_CONTEXT ( 'NONE', 'WORKASPACE' ) );
#2807 = CARTESIAN_POINT ( 'NONE',  ( 0.000000000000000000, 10.56907894200000086, 0.000000000000000000 ) ) ;
#2808 =( GEOMETRIC_REPRESENTATION_CONTEXT ( 3 ) GLOBAL_UNCERTAINTY_ASSIGNED_CONTEXT ( ( #3944 ) ) GLOBAL_UNIT_ASSIGNED_CONTEXT ( ( #3392, #3457, #3354 ) ) REPRESENTATION_CONTEXT ( 'NONE', 'WORKASPACE' ) );
#2809 = ORIENTED_EDGE ( 'NONE', *, *, #2854, .F. ) ;
#2810 = PRODUCT ( 'u_c', 'u_c', '', ( #4267 ) ) ;
#2811 = FILL_AREA_STYLE ('',( #2331 ) ) ;
#2812 = B_SPLINE_CURVE_WITH_KNOTS ( 'NONE', 3,
 ( #4259, #6261, #3813, #792, #754, #4723, #5263, #1817, #3180, #2269, #310, #4168, #6161, #2204, #3241, #1783 ),
 .UNSPECIFIED., .F., .F.,
 ( 4, 2, 2, 2, 2, 2, 2, 4 ),
 ( 6.234735572859784890E-19, 0.0004870106944583891921, 0.0009740213889167777337, 0.001461032083375166275, 0.001948042777833554817, 0.002922064166750331250, 0.003409074861208723477, 0.003896085555667116573 ),
 .UNSPECIFIED. ) ;
#2813 = VERTEX_POINT ( 'NONE', #4010 ) ;
#2814 = DIRECTION ( 'NONE',  ( 0.000000000000000000, 0.000000000000000000, -1.000000000000000000 ) ) ;
#2815 =( LENGTH_UNIT ( ) NAMED_UNIT ( * ) SI_UNIT ( .MILLI., .METRE. ) );
#2816 = ADVANCED_FACE ( 'NONE', ( #504 ), #1138, .T. ) ;
#2817 = DIRECTION ( 'NONE',  ( -1.000000000000000000, 0.000000000000000000, 0.000000000000000000 ) ) ;
#2818 = UNCERTAINTY_MEASURE_WITH_UNIT (LENGTH_MEASURE( 1.000000000000000082E-05 ), #1524, 'distance_accuracy_value', 'NONE');
#2819 = PLANE ( 'NONE',  #90 ) ;
#2820 = SURFACE_STYLE_FILL_AREA ( #6302 ) ;
#2821 = ORIENTED_EDGE ( 'NONE', *, *, #5289, .F. ) ;
#2822 =( GEOMETRIC_REPRESENTATION_CONTEXT ( 3 ) GLOBAL_UNCERTAINTY_ASSIGNED_CONTEXT ( ( #3351 ) ) GLOBAL_UNIT_ASSIGNED_CONTEXT ( ( #2124, #855, #957 ) ) REPRESENTATION_CONTEXT ( 'NONE', 'WORKASPACE' ) );
#2823 = ORIENTED_EDGE ( 'NONE', *, *, #2166, .F. ) ;
#2824 = CARTESIAN_POINT ( 'NONE',  ( 6.217138766219736823, -0.9118295446106717828, -4.847653988320048235 ) ) ;
#2825 = ADVANCED_FACE ( 'NONE', ( #6445, #1432 ), #4462, .F. ) ;
#2826 = APPLICATION_CONTEXT ( 'automotive_design' ) ;
#2827 = TOROIDAL_SURFACE ( 'NONE', #1578, 11.60526315788000140, 2.486842105260000491 ) ;
#2828 = AXIS2_PLACEMENT_3D ( 'NONE', #3974, #2990, #996 ) ;
#2829 = MECHANICAL_DESIGN_GEOMETRIC_PRESENTATION_REPRESENTATION (  '', ( #5040 ), #2315 ) ;
#2830 = CARTESIAN_POINT ( 'NONE',  ( 2.834933065814491115, 10.49027235075212694, 14.09210535916126084 ) ) ;
#2831 = LINE ( 'NONE', #6446, #3209 ) ;
#2832 = CARTESIAN_POINT ( 'NONE',  ( -4.973684208000001661, 0.000000000000000000, -6.217105260000000300 ) ) ;
#2833 = ORIENTED_EDGE ( 'NONE', *, *, #1634, .F. ) ;
#2834 =( NAMED_UNIT ( * ) PLANE_ANGLE_UNIT ( ) SI_UNIT ( $, .RADIAN. ) );
#2835 = COLOUR_RGB ( '',0.5372549019607842924, 0.3490196078431372362, 0.3372549019607843368 ) ;
#2836 =( GEOMETRIC_REPRESENTATION_CONTEXT ( 3 ) GLOBAL_UNCERTAINTY_ASSIGNED_CONTEXT ( ( #3146 ) ) GLOBAL_UNIT_ASSIGNED_CONTEXT ( ( #5908, #926, #1331 ) ) REPRESENTATION_CONTEXT ( 'NONE', 'WORKASPACE' ) );
#2837 = SURFACE_STYLE_FILL_AREA ( #3866 ) ;
#2838 = CARTESIAN_POINT ( 'NONE',  ( -3.516925830957258636, 3.516925830957219556, 3.516925830957230215 ) ) ;
#2839 = FILL_AREA_STYLE ('',( #427 ) ) ;
#2840 = CIRCLE ( 'NONE', #6086, 14.09210526314000234 ) ;
#2841 = CARTESIAN_POINT ( 'NONE',  ( -25.69736856253127044, -1.400061617786996448, -14.09210516711750394 ) ) ;
#2842 = EDGE_LOOP ( 'NONE', ( #5753, #6167, #3150, #1024 ) ) ;
#2843 = CARTESIAN_POINT ( 'NONE',  ( 0.6477161599379416268, 21.73015923779148295, -7.849951224150808038 ) ) ;
#2844 = FILL_AREA_STYLE_COLOUR ( '', #2130 ) ;
#2845 = ORIENTED_EDGE ( 'NONE', *, *, #4825, .T. ) ;
#2846 = DIRECTION ( 'NONE',  ( -0.000000000000000000, -0.000000000000000000, -1.000000000000000000 ) ) ;
#2847 = SURFACE_STYLE_FILL_AREA ( #5264 ) ;
#2848 = CYLINDRICAL_SURFACE ( 'NONE', #2935, 14.09210526314000411 ) ;
#2849 = AXIS2_PLACEMENT_3D ( 'NONE', #434, #3482, #5472 ) ;
#2850 = PRESENTATION_LAYER_ASSIGNMENT (  '', '', ( #3452 ) ) ;
#2851 = FILL_AREA_STYLE_COLOUR ( '', #5762 ) ;
#2852 = APPLICATION_PROTOCOL_DEFINITION ( 'draft international standard', 'automotive_design', 1998, #2826 ) ;
#2853 = ORIENTED_EDGE ( 'NONE', *, *, #110, .F. ) ;
#2854 = EDGE_CURVE ( 'NONE', #2510, #5094, #2092, .T. ) ;
#2855 = PLANE ( 'NONE',  #6203 ) ;
#2856 = ORIENTED_EDGE ( 'NONE', *, *, #1119, .F. ) ;
#2857 = DIRECTION ( 'NONE',  ( 1.000000000000000000, 1.826024711554539830E-16, 0.000000000000000000 ) ) ;
#2858 = DIRECTION ( 'NONE',  ( -0.000000000000000000, -1.000000000000000000, -0.000000000000000000 ) ) ;
#2859 = CARTESIAN_POINT ( 'NONE',  ( 1.277388750765843461, 10.44276558418195933, 14.09210535916249896 ) ) ;
#2860 = STYLED_ITEM ( 'NONE', ( #5482 ), #5629 ) ;
#2861 = PRESENTATION_LAYER_ASSIGNMENT (  '', '', ( #4851 ) ) ;
#2862 = FILL_AREA_STYLE_COLOUR ( '', #419 ) ;
#2863 = EDGE_CURVE ( 'NONE', #1278, #4959, #2718, .T. ) ;
#2864 = MECHANICAL_DESIGN_GEOMETRIC_PRESENTATION_REPRESENTATION (  '', ( #882 ), #374 ) ;
#2865 = ORIENTED_EDGE ( 'NONE', *, *, #2119, .F. ) ;
#2866 = MECHANICAL_DESIGN_GEOMETRIC_PRESENTATION_REPRESENTATION (  '', ( #6218 ), #885 ) ;
#2867 = CARTESIAN_POINT ( 'NONE',  ( -12.48172179322543585, 20.11016949152541144, 1.861560328787486385E-17 ) ) ;
#2868 = DIRECTION ( 'NONE',  ( -1.000000000000000000, -1.826024711554539830E-16, -0.000000000000000000 ) ) ;
#2869 =( GEOMETRIC_REPRESENTATION_CONTEXT ( 3 ) GLOBAL_UNCERTAINTY_ASSIGNED_CONTEXT ( ( #857 ) ) GLOBAL_UNIT_ASSIGNED_CONTEXT ( ( #4195, #2717, #237 ) ) REPRESENTATION_CONTEXT ( 'NONE', 'WORKASPACE' ) );
#2870 =( LENGTH_UNIT ( ) NAMED_UNIT ( * ) SI_UNIT ( .MILLI., .METRE. ) );
#2871 = CYLINDRICAL_SURFACE ( 'NONE', #5137, 4.973684210520003646 ) ;
#2872 = CARTESIAN_POINT ( 'NONE',  ( 14.09210512162874274, 16.83678048745307620, 9.602249625402110167E-08 ) ) ;
#2873 = EDGE_CURVE ( 'NONE', #5627, #753, #3409, .T. ) ;
#2874 = SURFACE_STYLE_FILL_AREA ( #5413 ) ;
#2875 = CARTESIAN_POINT ( 'NONE',  ( -45.49911695932713229, 20.11016949152541144, 4.973684208000002549 ) ) ;
#2876 = CARTESIAN_POINT ( 'NONE',  ( 0.3280369487497151737, 21.79411782619995108, -7.869794297966886454 ) ) ;
#2877 =( NAMED_UNIT ( * ) PLANE_ANGLE_UNIT ( ) SI_UNIT ( $, .RADIAN. ) );
#2878 = CARTESIAN_POINT ( 'NONE',  ( -7.994079061797911834, 8.547306803253071905, 14.09210535916249896 ) ) ;
#2879 = EDGE_LOOP ( 'NONE', ( #146, #5226, #1939, #3321 ) ) ;
#2880 = DIRECTION ( 'NONE',  ( -0.000000000000000000, -0.000000000000000000, -1.000000000000000000 ) ) ;
#2881 =( LENGTH_UNIT ( ) NAMED_UNIT ( * ) SI_UNIT ( .MILLI., .METRE. ) );
#2882 = UNCERTAINTY_MEASURE_WITH_UNIT (LENGTH_MEASURE( 1.000000000000000082E-05 ), #4609, 'distance_accuracy_value', 'NONE');
#2883 = PRESENTATION_STYLE_ASSIGNMENT (( #2337 ) ) ;
#2884 = SURFACE_SIDE_STYLE ('',( #2820 ) ) ;
#2885 = ITEM_DEFINED_TRANSFORMATION ( 'NONE', 'NONE', #3856,  #4055 ) ;
#2886 = EDGE_LOOP ( 'NONE', ( #1395, #1787, #592, #194 ) ) ;
#2887 = FACE_OUTER_BOUND ( 'NONE', #4448, .T. ) ;
#2888 = ORIENTED_EDGE ( 'NONE', *, *, #4910, .F. ) ;
#2889 = PLANE ( 'NONE',  #536 ) ;
#2890 = CARTESIAN_POINT ( 'NONE',  ( -1.415112614726319400E-07, 27.61309627691307966, -7.874999903967504267 ) ) ;
#2891 = CARTESIAN_POINT ( 'NONE',  ( 25.69736827950874414, -32.90006161774692117, 3.073819205801632037 ) ) ;
#2892 = CARTESIAN_POINT ( 'NONE',  ( -7.835056289306696620, 16.96556420633880791, 0.8064692886264582805 ) ) ;
#2893 = ORIENTED_EDGE ( 'NONE', *, *, #3352, .F. ) ;
#2894 = PRESENTATION_LAYER_ASSIGNMENT (  '', '', ( #3745 ) ) ;
#2895 = CARTESIAN_POINT ( 'NONE',  ( 2.234336848461324632, 20.42743797295353403, 7.551661635599706379 ) ) ;
#2896 = EDGE_CURVE ( 'NONE', #6136, #2958, #73, .T. ) ;
#2897 = CARTESIAN_POINT ( 'NONE',  ( -7.662196954195896303, -1.354971693965694834, 1.856066042896039159 ) ) ;
#2898 = CARTESIAN_POINT ( 'NONE',  ( 10.56907894200000086, -6.424342101999999777, -6.217105260000000300 ) ) ;
#2899 = VECTOR ( 'NONE', #362, 1000.000000000000000 ) ;
#2900 = AXIS2_PLACEMENT_3D ( 'NONE', #779, #1740, #6180 ) ;
#2901 = CARTESIAN_POINT ( 'NONE',  ( -28.18421066779126960, -26.68295635459692861, 9.602249662979534408E-08 ) ) ;
#2902 = CARTESIAN_POINT ( 'NONE',  ( 0.7987006585537129721, 10.66549303914837132, 14.09210535916249363 ) ) ;
#2903 = DIRECTION ( 'NONE',  ( 0.000000000000000000, -1.000000000000000000, 0.000000000000000000 ) ) ;
#2904 = CIRCLE ( 'NONE', #5229, 2.486842105260000046 ) ;
#2905 = ADVANCED_FACE ( 'NONE', ( #834 ), #3434, .T. ) ;
#2906 = CARTESIAN_POINT ( 'NONE',  ( -2.173242718324577272, 18.07208910613911357, 13.92408910917612275 ) ) ;
#2907 = CARTESIAN_POINT ( 'NONE',  ( 1.645077068765556261, 21.19554202580400570, -7.702143008570088156 ) ) ;
#2908 = CARTESIAN_POINT ( 'NONE',  ( -0.8052995279063741574, 21.68203312708582686, 7.835165016424728179 ) ) ;
#2909 = CIRCLE ( 'NONE', #4800, 4.973684210520001869 ) ;
#2910 = CARTESIAN_POINT ( 'NONE',  ( 0.000000000000000000, 4.973684208000001661, 4.973684208000001661 ) ) ;
#2911 = DIRECTION ( 'NONE',  ( -1.000000000000000000, 1.813657983351599742E-15, 0.000000000000000000 ) ) ;
#2912 = DIRECTION ( 'NONE',  ( -1.000000000000000000, 0.000000000000000000, 0.000000000000000000 ) ) ;
#2913 = ORIENTED_EDGE ( 'NONE', *, *, #446, .T. ) ;
#2914 = STYLED_ITEM ( 'NONE', ( #583 ), #3730 ) ;
#2915 = CARTESIAN_POINT ( 'NONE',  ( 3.315789332168745496, -13.00532477566691902, 11.60526325390249980 ) ) ;
#2916 = COLOUR_RGB ( '',0.8392156862745098200, 0.4666666666666666741, 0.3686274509803921795 ) ;
#2917 = DIRECTION ( 'NONE',  ( -4.336808689942038937E-16, 1.000000000000000000, 0.000000000000000000 ) ) ;
#2918 = ADVANCED_FACE ( 'NONE', ( #4049 ), #817, .T. ) ;
#2919 = FILL_AREA_STYLE_COLOUR ( '', #4400 ) ;
#2920 = CYLINDRICAL_SURFACE ( 'NONE', #4512, 2.486842105260000491 ) ;
#2921 = CARTESIAN_POINT ( 'NONE',  ( 7.498384582945075039, 19.97169792969985735, 2.406446697841448490 ) ) ;
#2922 = ORIENTED_EDGE ( 'NONE', *, *, #3141, .T. ) ;
#2923 = CARTESIAN_POINT ( 'NONE',  ( 1.977481709871539817, 17.80697060384996178, -13.95296699019068498 ) ) ;
#2924 = FILL_AREA_STYLE ('',( #4890 ) ) ;
#2925 =( NAMED_UNIT ( * ) SI_UNIT ( $, .STERADIAN. ) SOLID_ANGLE_UNIT ( ) );
#2926 = PRESENTATION_STYLE_ASSIGNMENT (( #6352 ) ) ;
#2927 = VERTEX_POINT ( 'NONE', #3058 ) ;
#2928 = ORIENTED_EDGE ( 'NONE', *, *, #2450, .T. ) ;
#2929 =( BOUNDED_CURVE ( )  B_SPLINE_CURVE ( 3, ( #338, #2360, #4782, #4357 ),
 .UNSPECIFIED., .F., .F. ) 
 B_SPLINE_CURVE_WITH_KNOTS ( ( 4, 4 ),
 ( 5.497787143782137065, 6.283185307179586232 ),
 .UNSPECIFIED. ) 
 CURVE ( )  GEOMETRIC_REPRESENTATION_ITEM ( )  RATIONAL_B_SPLINE_CURVE ( ( 1.000000000000000000, 0.9492530216741910110, 0.9492530216741910110, 1.000000000000000000 ) ) 
 REPRESENTATION_ITEM ( '' )  );
#2930 = DIRECTION ( 'NONE',  ( -0.000000000000000000, -0.000000000000000000, -1.000000000000000000 ) ) ;
#2931 = MECHANICAL_DESIGN_GEOMETRIC_PRESENTATION_REPRESENTATION (  '', ( #2723 ), #2314 ) ;
#2932 = PRESENTATION_LAYER_ASSIGNMENT (  '', '', ( #432 ) ) ;
#2933 = CIRCLE ( 'NONE', #1067, 14.09210526314000234 ) ;
#2934 = CARTESIAN_POINT ( 'NONE',  ( 2.358600422885777981, 18.51879701740650930, 7.513779049172958580 ) ) ;
#2935 = AXIS2_PLACEMENT_3D ( 'NONE', #2372, #382, #4367 ) ;
#2936 = CARTESIAN_POINT ( 'NONE',  ( 4.973684208000001661, 6.091006445296940059E-16, 6.217105260000000300 ) ) ;
#2937 = AXIS2_PLACEMENT_3D ( 'NONE', #806, #2387, #6419 ) ;
#2938 = DIRECTION ( 'NONE',  ( -1.000000000000000000, -1.826024711554539830E-16, -0.000000000000000000 ) ) ;
#2939 = DIRECTION ( 'NONE',  ( -0.7071067811865474617, -0.7071067811865474617, 0.000000000000000000 ) ) ;
#2940 = CARTESIAN_POINT ( 'NONE',  ( 14.04960580373334800, 17.08930387577749954, 1.103976217007055949 ) ) ;
#2941 = CIRCLE ( 'NONE', #4503, 2.486842105260001823 ) ;
#2942 = COLOUR_RGB ( '',0.8392156862745098200, 0.4666666666666666741, 0.3686274509803921795 ) ;
#2943 = EDGE_CURVE ( 'NONE', #4934, #376, #5095, .T. ) ;
#2944 = UNCERTAINTY_MEASURE_WITH_UNIT (LENGTH_MEASURE( 1.000000000000000082E-05 ), #729, 'distance_accuracy_value', 'NONE');
#2945 = AXIS2_PLACEMENT_3D ( 'NONE', #3863, #5847, #3408 ) ;
#2946 = FILL_AREA_STYLE_COLOUR ( '', #3822 ) ;
#2947 = CARTESIAN_POINT ( 'NONE',  ( 25.69736827950874414, -32.90006161774692117, 14.09210535916249896 ) ) ;
#2948 = CARTESIAN_POINT ( 'NONE',  ( 1.873414979216668108, 20.96704624212249612, -13.96749840159597156 ) ) ;
#2949 = ORIENTED_EDGE ( 'NONE', *, *, #2012, .F. ) ;
#2950 = ADVANCED_FACE ( 'NONE', ( #3660 ), #4045, .T. ) ;
#2951 = DIRECTION ( 'NONE',  ( -1.000000000000000000, -6.938893903907234689E-15, 2.526228710457126225E-14 ) ) ;
#2952 = FILL_AREA_STYLE ('',( #3914 ) ) ;
#2953 = UNCERTAINTY_MEASURE_WITH_UNIT (LENGTH_MEASURE( 1.000000000000000082E-05 ), #3108, 'distance_accuracy_value', 'NONE');
#2954 = MECHANICAL_DESIGN_GEOMETRIC_PRESENTATION_REPRESENTATION (  '', ( #451 ), #141 ) ;
#2955 = CARTESIAN_POINT ( 'NONE',  ( -15.75000014149127381, -13.00532477566700962, 14.09210535916249896 ) ) ;
#2956 = SURFACE_STYLE_USAGE ( .BOTH. , #6438 ) ;
#2957 = PRESENTATION_STYLE_ASSIGNMENT (( #139 ) ) ;
#2958 = VERTEX_POINT ( 'NONE', #5116 ) ;
#2959 = EDGE_CURVE ( 'NONE', #140, #630, #5227, .T. ) ;
#2960 = CARTESIAN_POINT ( 'NONE',  ( 7.776522389572833482, 17.16709066105255488, 1.249026300726937322 ) ) ;
#2961 = ORIENTED_EDGE ( 'NONE', *, *, #2087, .F. ) ;
#2962 = CARTESIAN_POINT ( 'NONE',  ( 2.234142884814128038, 18.21924305045742187, -13.91402388330173245 ) ) ;
#2963 =( GEOMETRIC_REPRESENTATION_CONTEXT ( 3 ) GLOBAL_UNCERTAINTY_ASSIGNED_CONTEXT ( ( #3079 ) ) GLOBAL_UNIT_ASSIGNED_CONTEXT ( ( #1385, #11, #1020 ) ) REPRESENTATION_CONTEXT ( 'NONE', 'WORKASPACE' ) );
#2964 =( NAMED_UNIT ( * ) PLANE_ANGLE_UNIT ( ) SI_UNIT ( $, .RADIAN. ) );
#2965 =( GEOMETRIC_REPRESENTATION_CONTEXT ( 3 ) GLOBAL_UNCERTAINTY_ASSIGNED_CONTEXT ( ( #1986 ) ) GLOBAL_UNIT_ASSIGNED_CONTEXT ( ( #2011, #3909, #3939 ) ) REPRESENTATION_CONTEXT ( 'NONE', 'WORKASPACE' ) );
#2966 = CARTESIAN_POINT ( 'NONE',  ( -7.702145317721014628, 17.45169472067781058, 1.645067593235248760 ) ) ;
#2967 =( GEOMETRIC_REPRESENTATION_CONTEXT ( 3 ) GLOBAL_UNCERTAINTY_ASSIGNED_CONTEXT ( ( #1776 ) ) GLOBAL_UNIT_ASSIGNED_CONTEXT ( ( #4034, #3587, #4063 ) ) REPRESENTATION_CONTEXT ( 'NONE', 'WORKASPACE' ) );
#2968 = ORIENTED_EDGE ( 'NONE', *, *, #6017, .T. ) ;
#2969 = MECHANICAL_DESIGN_GEOMETRIC_PRESENTATION_REPRESENTATION (  '', ( #2044 ), #3401 ) ;
#2970 = ORIENTED_EDGE ( 'NONE', *, *, #1585, .F. ) ;
#2971 = PRESENTATION_LAYER_ASSIGNMENT (  '', '', ( #4749 ) ) ;
#2972 =( GEOMETRIC_REPRESENTATION_CONTEXT ( 3 ) GLOBAL_UNCERTAINTY_ASSIGNED_CONTEXT ( ( #1531 ) ) GLOBAL_UNIT_ASSIGNED_CONTEXT ( ( #4680, #195, #4615 ) ) REPRESENTATION_CONTEXT ( 'NONE', 'WORKASPACE' ) );
#2973 = CARTESIAN_POINT ( 'NONE',  ( -4.973684208000001661, 4.973684207999983897, 6.091006445296940059E-16 ) ) ;
#2974 = FILL_AREA_STYLE_COLOUR ( '', #3850 ) ;
#2975 = AXIS2_PLACEMENT_3D ( 'NONE', #5010, #3066, #1445 ) ;
#2976 = CARTESIAN_POINT ( 'NONE',  ( -2.406188239400314011, 18.67460184347401508, -7.498467846565699979 ) ) ;
#2977 = COLOUR_RGB ( '',0.8392156862745098200, 0.4666666666666666741, 0.3686274509803921795 ) ;
#2978 = CARTESIAN_POINT ( 'NONE',  ( -0.7987009415762366116, 10.66549303914837488, -14.09210516711750216 ) ) ;
#2979 = DIRECTION ( 'NONE',  ( 0.000000000000000000, 0.000000000000000000, 1.000000000000000000 ) ) ;
#2980 = SURFACE_STYLE_USAGE ( .BOTH. , #4029 ) ;
#2981 = CARTESIAN_POINT ( 'NONE',  ( 0.6480855065892757727, 21.73010570156457533, -14.07811089236878921 ) ) ;
#2982 = EDGE_LOOP ( 'NONE', ( #5486, #2434, #341, #725, #2122, #5474, #3628 ) ) ;
#2983 = CARTESIAN_POINT ( 'NONE',  ( -7.849984530569965813, 16.91697871714417545, -0.6472726034558143882 ) ) ;
#2984 = SURFACE_STYLE_FILL_AREA ( #2021 ) ;
#2985 = DIRECTION ( 'NONE',  ( 0.7071067811865475727, 0.7071067811865475727, -0.000000000000000000 ) ) ;
#2986 = CARTESIAN_POINT ( 'NONE',  ( -6.436408079376615632, -0.9672928495157445683, -4.552541827805313801 ) ) ;
#2987 = PRODUCT_RELATED_PRODUCT_CATEGORY ( 'part', '', ( #4915 ) ) ;
#2988 = EDGE_CURVE ( 'NONE', #1339, #3276, #2626, .T. ) ;
#2989 = FACE_OUTER_BOUND ( 'NONE', #3565, .T. ) ;
#2990 = DIRECTION ( 'NONE',  ( -0.000000000000000000, -1.000000000000000000, -0.000000000000000000 ) ) ;
#2991 = CARTESIAN_POINT ( 'NONE',  ( 7.728283426828238767, 21.29913931986382991, -1.519175628947142975 ) ) ;
#2992 = ORIENTED_EDGE ( 'NONE', *, *, #1320, .T. ) ;
#2993 = FILL_AREA_STYLE_COLOUR ( '', #4382 ) ;
#2994 = CARTESIAN_POINT ( 'NONE',  ( 7.835127361128667367, 16.96532528927864902, 0.8058238264236894377 ) ) ;
#2995 = EDGE_LOOP ( 'NONE', ( #5921, #3088, #5385, #4754 ) ) ;
#2996 = DIRECTION ( 'NONE',  ( -1.000000000000000000, -1.826024711554539830E-16, -0.000000000000000000 ) ) ;
#2997 = EDGE_CURVE ( 'NONE', #1457, #1428, #1247, .T. ) ;
#2998 =( LENGTH_UNIT ( ) NAMED_UNIT ( * ) SI_UNIT ( .MILLI., .METRE. ) );
#2999 = ORIENTED_EDGE ( 'NONE', *, *, #4180, .T. ) ;
#3000 = FILL_AREA_STYLE_COLOUR ( '', #6188 ) ;
#3001 = SURFACE_STYLE_FILL_AREA ( #2072 ) ;
#3002 = SURFACE_STYLE_USAGE ( .BOTH. , #5042 ) ;
#3003 = DIRECTION ( 'NONE',  ( -1.000000000000000000, -0.000000000000000000, -0.000000000000000000 ) ) ;
#3004 = SURFACE_STYLE_USAGE ( .BOTH. , #1015 ) ;
#3005 = CARTESIAN_POINT ( 'NONE',  ( 14.01058259245938054, 17.33743375015780686, -1.531039802500956837 ) ) ;
#3006 = ORIENTED_EDGE ( 'NONE', *, *, #1469, .T. ) ;
#3007 = CARTESIAN_POINT ( 'NONE',  ( 18.23684196372874666, -13.00532477566700074, 14.09210535916249896 ) ) ;
#3008 = CARTESIAN_POINT ( 'NONE',  ( -0.3256339278189359643, 21.79450198982872777, 7.869914714990806637 ) ) ;
#3009 = VECTOR ( 'NONE', #678, 1000.000000000000000 ) ;
#3010 = CARTESIAN_POINT ( 'NONE',  ( -13.95298860697583621, 20.84044841587053654, -1.977324717435420043 ) ) ;
#3011 = CARTESIAN_POINT ( 'NONE',  ( 3.315789332168745496, -13.00532477566691902, 11.60526325390249980 ) ) ;
#3012 = ORIENTED_EDGE ( 'NONE', *, *, #5475, .T. ) ;
#3013 = CIRCLE ( 'NONE', #1350, 7.874999999990000887 ) ;
#3014 = CARTESIAN_POINT ( 'NONE',  ( -7.623802023228870794, 17.79380554197071618, -1.986922072119985616 ) ) ;
#3015 =( NAMED_UNIT ( * ) SI_UNIT ( $, .STERADIAN. ) SOLID_ANGLE_UNIT ( ) );
#3016 = VERTEX_POINT ( 'NONE', #52 ) ;
#3017 = UNCERTAINTY_MEASURE_WITH_UNIT (LENGTH_MEASURE( 1.000000000000000082E-05 ), #2515, 'distance_accuracy_value', 'NONE');
#3018 =( NAMED_UNIT ( * ) SI_UNIT ( $, .STERADIAN. ) SOLID_ANGLE_UNIT ( ) );
#3019 =( GEOMETRIC_REPRESENTATION_CONTEXT ( 3 ) GLOBAL_UNCERTAINTY_ASSIGNED_CONTEXT ( ( #6021 ) ) GLOBAL_UNIT_ASSIGNED_CONTEXT ( ( #1880, #879, #6392 ) ) REPRESENTATION_CONTEXT ( 'NONE', 'WORKASPACE' ) );
#3020 = CIRCLE ( 'NONE', #2607, 2.486842105259998270 ) ;
#3021 = ORIENTED_EDGE ( 'NONE', *, *, #825, .F. ) ;
#3022 = DIRECTION ( 'NONE',  ( 0.000000000000000000, 0.000000000000000000, 1.000000000000000000 ) ) ;
#3023 = SURFACE_STYLE_USAGE ( .BOTH. , #3082 ) ;
#3024 = EDGE_CURVE ( 'NONE', #3499, #3025, #2058, .T. ) ;
#3025 = VERTEX_POINT ( 'NONE', #588 ) ;
#3026 =( NAMED_UNIT ( * ) SI_UNIT ( $, .STERADIAN. ) SOLID_ANGLE_UNIT ( ) );
#3027 = EDGE_CURVE ( 'NONE', #5875, #4539, #6057, .T. ) ;
#3028 = ORIENTED_EDGE ( 'NONE', *, *, #6185, .F. ) ;
#3029 = CARTESIAN_POINT ( 'NONE',  ( 25.69736827950872637, -35.38690372300693099, 14.09210535916249896 ) ) ;
#3030 = DIRECTION ( 'NONE',  ( 1.000000000000000000, 2.891205793294677833E-16, -4.179535469590356070E-32 ) ) ;
#3031 = CYLINDRICAL_SURFACE ( 'NONE', #4796, 4.973684208000002549 ) ;
#3032 = EDGE_CURVE ( 'NONE', #3025, #585, #2715, .T. ) ;
#3033 = CARTESIAN_POINT ( 'NONE',  ( -0.6493572981991662108, 16.91746488933084436, -7.849834205825681366 ) ) ;
#3034 = CIRCLE ( 'NONE', #4815, 7.874999999990000887 ) ;
#3035 = CARTESIAN_POINT ( 'NONE',  ( 28.18421038476875395, -21.70927214407691963, 14.09210535916249896 ) ) ;
#3036 = VECTOR ( 'NONE', #6247, 1000.000000000000000 ) ;
#3037 = FILL_AREA_STYLE ('',( #3641 ) ) ;
#3038 = AXIS2_PLACEMENT_3D ( 'NONE', #5830, #4300, #3748 ) ;
#3039 = CARTESIAN_POINT ( 'NONE',  ( -13.91388686446761547, 20.42626228274545852, -2.234993079524323356 ) ) ;
#3040 = CYLINDRICAL_SURFACE ( 'NONE', #5287, 2.486842105260001823 ) ;
#3041 = AXIS2_PLACEMENT_3D ( 'NONE', #5575, #4103, #3657 ) ;
#3042 = VERTEX_POINT ( 'NONE', #4713 ) ;
#3043 = AXIS2_PLACEMENT_3D ( 'NONE', #2001, #483, #1529 ) ;
#3044 = DIRECTION ( 'NONE',  ( -0.000000000000000000, -1.000000000000000000, -0.000000000000000000 ) ) ;
#3045 = SURFACE_STYLE_USAGE ( .BOTH. , #3618 ) ;
#3046 = ORIENTED_EDGE ( 'NONE', *, *, #5698, .F. ) ;
#3047 = FILL_AREA_STYLE ('',( #5158 ) ) ;
#3048 = DIRECTION ( 'NONE',  ( -0.000000000000000000, -0.000000000000000000, -1.000000000000000000 ) ) ;
#3049 = ORIENTED_EDGE ( 'NONE', *, *, #35, .F. ) ;
#3050 = ORIENTED_EDGE ( 'NONE', *, *, #4668, .F. ) ;
#3051 = DIRECTION ( 'NONE',  ( -1.000000000000000000, -0.000000000000000000, -0.000000000000000000 ) ) ;
#3052 = COLOUR_RGB ( '',0.8392156862745098200, 0.4666666666666666741, 0.3686274509803921795 ) ;
#3053 = SURFACE_STYLE_FILL_AREA ( #5546 ) ;
#3054 =( GEOMETRIC_REPRESENTATION_CONTEXT ( 3 ) GLOBAL_UNCERTAINTY_ASSIGNED_CONTEXT ( ( #923 ) ) GLOBAL_UNIT_ASSIGNED_CONTEXT ( ( #104, #1599, #1120 ) ) REPRESENTATION_CONTEXT ( 'NONE', 'WORKASPACE' ) );
#3055 = ORIENTED_EDGE ( 'NONE', *, *, #2347, .T. ) ;
#3056 = PRESENTATION_LAYER_ASSIGNMENT (  '', '', ( #5377 ) ) ;
#3057 = CARTESIAN_POINT ( 'NONE',  ( 25.69736827950874414, -32.90006161774691407, -3.073819013756637464 ) ) ;
#3058 = CARTESIAN_POINT ( 'NONE',  ( 7.994078778775379313, 11.03414890851307462, 11.60526325390249980 ) ) ;
#3059 = FILL_AREA_STYLE_COLOUR ( '', #1146 ) ;
#3060 = EDGE_CURVE ( 'NONE', #5573, #2536, #235, .T. ) ;
#3061 = AXIS2_PLACEMENT_3D ( 'NONE', #3234, #1155, #3676 ) ;
#3062 = AXIS2_PLACEMENT_3D ( 'NONE', #5383, #3968, #1917 ) ;
#3063 = SURFACE_STYLE_USAGE ( .BOTH. , #1080 ) ;
#3064 = DIRECTION ( 'NONE',  ( -1.000000000000000000, 1.826024711554539830E-16, 0.000000000000000000 ) ) ;
#3065 = FACE_OUTER_BOUND ( 'NONE', #4781, .T. ) ;
#3066 = DIRECTION ( 'NONE',  ( -1.000000000000000000, -0.000000000000000000, -0.000000000000000000 ) ) ;
#3067 = FACE_OUTER_BOUND ( 'NONE', #1929, .T. ) ;
#3068 = CARTESIAN_POINT ( 'NONE',  ( 0.1645569509300635058, 16.83678048745307265, 14.09210535916249718 ) ) ;
#3069 = CIRCLE ( 'NONE', #5998, 2.486842105260001823 ) ;
#3070 = CARTESIAN_POINT ( 'NONE',  ( 14.08922228419916678, 16.85296641037489707, -0.3271906545142965750 ) ) ;
#3071 = DIRECTION ( 'NONE',  ( 1.000000000000000000, 0.000000000000000000, 0.000000000000000000 ) ) ;
#3072 = PRESENTATION_STYLE_ASSIGNMENT (( #5108 ) ) ;
#3073 = EDGE_CURVE ( 'NONE', #2550, #2328, #303, .T. ) ;
#3074 = CARTESIAN_POINT ( 'NONE',  ( 5.216798210777090716, 8.938883013747592088, -14.09210516711750572 ) ) ;
#3075 = VECTOR ( 'NONE', #4197, 1000.000000000000000 ) ;
#3076 = CIRCLE ( 'NONE', #663, 12.43421052629999934 ) ;
#3077 = ORIENTED_EDGE ( 'NONE', *, *, #3613, .T. ) ;
#3078 = SURFACE_SIDE_STYLE ('',( #5503 ) ) ;
#3079 = UNCERTAINTY_MEASURE_WITH_UNIT (LENGTH_MEASURE( 1.000000000000000082E-05 ), #1385, 'distance_accuracy_value', 'NONE');
#3080 = DIRECTION ( 'NONE',  ( 0.000000000000000000, 1.000000000000000000, 0.000000000000000000 ) ) ;
#3081 = ORIENTED_EDGE ( 'NONE', *, *, #903, .F. ) ;
#3082 = SURFACE_SIDE_STYLE ('',( #4430 ) ) ;
#3083 = ORIENTED_EDGE ( 'NONE', *, *, #627, .T. ) ;
#3084 =( NAMED_UNIT ( * ) PLANE_ANGLE_UNIT ( ) SI_UNIT ( $, .RADIAN. ) );
#3085 = CARTESIAN_POINT ( 'NONE',  ( -3.782712233078876718, 11.03414890901575163, 13.59428411229305667 ) ) ;
#3086 = DIRECTION ( 'NONE',  ( -0.000000000000000000, -0.000000000000000000, -1.000000000000000000 ) ) ;
#3087 = CARTESIAN_POINT ( 'NONE',  ( 28.18421038476874685, -1.400061617787014212, 11.60526325390249980 ) ) ;
#3088 = ORIENTED_EDGE ( 'NONE', *, *, #6194, .T. ) ;
#3089 = CARTESIAN_POINT ( 'NONE',  ( 7.322846833774603326, -1.233356099860381860, 2.920556695250501988 ) ) ;
#3090 = CARTESIAN_POINT ( 'NONE',  ( 10.56907894200003817, 3.690174189475305067E-14, 0.000000000000000000 ) ) ;
#3091 = SURFACE_STYLE_USAGE ( .BOTH. , #2100 ) ;
#3092 = PRESENTATION_STYLE_ASSIGNMENT (( #1534 ) ) ;
#3093 = CARTESIAN_POINT ( 'NONE',  ( 1.277388750766145442, 10.44276558418196643, -14.09210516711750394 ) ) ;
#3094 = EDGE_CURVE ( 'NONE', #5700, #4110, #143, .T. ) ;
#3095 = DIRECTION ( 'NONE',  ( -1.000000000000000000, -6.975607628275379072E-16, 0.000000000000000000 ) ) ;
#3096 = LINE ( 'NONE', #5704, #21 ) ;
#3097 =( NAMED_UNIT ( * ) PLANE_ANGLE_UNIT ( ) SI_UNIT ( $, .RADIAN. ) );
#3098 = CARTESIAN_POINT ( 'NONE',  ( -14.04960608675587075, 17.08930387577749244, -1.103976024962061375 ) ) ;
#3099 = DIRECTION ( 'NONE',  ( -1.000000000000000000, 0.000000000000000000, 0.000000000000000000 ) ) ;
#3100 = ORIENTED_EDGE ( 'NONE', *, *, #280, .F. ) ;
#3101 = CARTESIAN_POINT ( 'NONE',  ( 7.639575167823736024, 8.547306803253075458, 14.09210535916249363 ) ) ;
#3102 = EDGE_CURVE ( 'NONE', #2139, #3696, #2330, .T. ) ;
#3103 =( GEOMETRIC_REPRESENTATION_CONTEXT ( 3 ) GLOBAL_UNCERTAINTY_ASSIGNED_CONTEXT ( ( #3619 ) ) GLOBAL_UNIT_ASSIGNED_CONTEXT ( ( #4177, #2217, #2156 ) ) REPRESENTATION_CONTEXT ( 'NONE', 'WORKASPACE' ) );
#3104 = DIRECTION ( 'NONE',  ( -1.000000000000000000, -0.000000000000000000, -0.000000000000000000 ) ) ;
#3105 = SURFACE_STYLE_USAGE ( .BOTH. , #4065 ) ;
#3106 =( NAMED_UNIT ( * ) PLANE_ANGLE_UNIT ( ) SI_UNIT ( $, .RADIAN. ) );
#3107 =( NAMED_UNIT ( * ) SI_UNIT ( $, .STERADIAN. ) SOLID_ANGLE_UNIT ( ) );
#3108 =( LENGTH_UNIT ( ) NAMED_UNIT ( * ) SI_UNIT ( .MILLI., .METRE. ) );
#3109 = EDGE_LOOP ( 'NONE', ( #2017, #5621, #4459, #2660, #2031, #4687, #4333, #1322, #930, #1040, #5396, #4663 ) ) ;
#3110 = CARTESIAN_POINT ( 'NONE',  ( 7.994078778775363325, 8.547306803253071905, -14.09210516711750394 ) ) ;
#3111 = B_SPLINE_CURVE_WITH_KNOTS ( 'NONE', 3,
 ( #698, #2479, #4830, #967, #3403, #3927, #1965, #1338, #1433, #2415, #4866, #3327, #5405, #4407, #1405, #867, #5341, #363, #6415, #5884, #3860, #4377, #3427, #2966, #4465, #3368, #905, #2892, #1936, #5918, #2452, #934 ),
 .UNSPECIFIED., .F., .F.,
 ( 4, 2, 2, 2, 2, 2, 2, 2, 2, 2, 2, 2, 2, 2, 2, 4 ),
 ( 0.007825408706170666057, 0.008314367500702680297, 0.008803326295234694537, 0.009292285089766708778, 0.009781243884298723018, 0.01027020267883073726, 0.01075916147336275323, 0.01124812026789476747, 0.01173707906242678345, 0.01222603785695879769, 0.01271499665149081019, 0.01369291424055484041, 0.01418187303508685812, 0.01467083182961887583, 0.01515979062415089354, 0.01564874941868291125 ),
 .UNSPECIFIED. ) ;
#3112 = EDGE_CURVE ( 'NONE', #4001, #3672, #3907, .T. ) ;
#3113 = STYLED_ITEM ( 'NONE', ( #3603 ), #2789 ) ;
#3114 =( NAMED_UNIT ( * ) PLANE_ANGLE_UNIT ( ) SI_UNIT ( $, .RADIAN. ) );
#3115 = PRESENTATION_LAYER_ASSIGNMENT (  '', '', ( #4803 ) ) ;
#3116 = VERTEX_POINT ( 'NONE', #5895 ) ;
#3117 = CARTESIAN_POINT ( 'NONE',  ( 7.848450189361964924, -1.426555078029170476, 0.7484364582559411838 ) ) ;
#3118 = DIRECTION ( 'NONE',  ( 4.336808689942038444E-16, -1.000000000000000000, 0.000000000000000000 ) ) ;
#3119 = AXIS2_PLACEMENT_3D ( 'NONE', #1998, #1903, #5804 ) ;
#3120 = DIRECTION ( 'NONE',  ( 0.000000000000000000, 0.000000000000000000, -1.000000000000000000 ) ) ;
#3121 = DIRECTION ( 'NONE',  ( -0.000000000000000000, 1.000000000000000000, -0.000000000000000000 ) ) ;
#3122 = CARTESIAN_POINT ( 'NONE',  ( -3.516925830957258636, 3.516925830957219556, 3.516925830957230215 ) ) ;
#3123 = CARTESIAN_POINT ( 'NONE',  ( 6.091006445296940059E-16, -4.973684208000001661, -4.973684208000001661 ) ) ;
#3124 = CARTESIAN_POINT ( 'NONE',  ( 28.18421038476875395, -26.68295635459692150, 9.602249662979534408E-08 ) ) ;
#3125 = FACE_OUTER_BOUND ( 'NONE', #649, .T. ) ;
#3126 = DIRECTION ( 'NONE',  ( -1.000000000000000000, 0.000000000000000000, 0.000000000000000000 ) ) ;
#3127 = DIRECTION ( 'NONE',  ( -0.000000000000000000, -1.000000000000000000, -0.000000000000000000 ) ) ;
#3128 = DIRECTION ( 'NONE',  ( -0.000000000000000000, -0.000000000000000000, -1.000000000000000000 ) ) ;
#3129 = CARTESIAN_POINT ( 'NONE',  ( -14.01089433694937014, 17.34623105601995974, -1.516802617452546409 ) ) ;
#3130 = ADVANCED_FACE ( 'NONE', ( #2428 ), #4943, .T. ) ;
#3131 = STYLED_ITEM ( 'NONE', ( #1031 ), #5043 ) ;
#3132 = ORIENTED_EDGE ( 'NONE', *, *, #3264, .F. ) ;
#3133 =( NAMED_UNIT ( * ) PLANE_ANGLE_UNIT ( ) SI_UNIT ( $, .RADIAN. ) );
#3134 = SURFACE_STYLE_FILL_AREA ( #2713 ) ;
#3135 = DIRECTION ( 'NONE',  ( -2.511218746179137728E-14, 0.000000000000000000, -1.000000000000000000 ) ) ;
#3136 = FACE_OUTER_BOUND ( 'NONE', #2982, .T. ) ;
#3137 = ORIENTED_EDGE ( 'NONE', *, *, #4549, .F. ) ;
#3138 = STYLED_ITEM ( 'NONE', ( #151 ), #2065 ) ;
#3139 = EDGE_CURVE ( 'NONE', #5366, #5244, #2549, .T. ) ;
#3140 = DIRECTION ( 'NONE',  ( -1.000000000000000000, -1.826024711554539830E-16, -0.000000000000000000 ) ) ;
#3141 = EDGE_CURVE ( 'NONE', #2712, #5913, #2267, .T. ) ;
#3142 = CARTESIAN_POINT ( 'NONE',  ( -1.415112610984385655E-07, 21.81046469797307452, -7.874999903967504267 ) ) ;
#3143 = ORIENTED_EDGE ( 'NONE', *, *, #76, .F. ) ;
#3144 = DIRECTION ( 'NONE',  ( -1.000000000000000000, -1.826024711554539830E-16, -0.000000000000000000 ) ) ;
#3145 = CARTESIAN_POINT ( 'NONE',  ( -5.158354546150065723, 11.03414890801039583, 13.13411021221129005 ) ) ;
#3146 = UNCERTAINTY_MEASURE_WITH_UNIT (LENGTH_MEASURE( 1.000000000000000082E-05 ), #5908, 'distance_accuracy_value', 'NONE');
#3147 = VECTOR ( 'NONE', #3371, 1000.000000000000000 ) ;
#3148 = CARTESIAN_POINT ( 'NONE',  ( -3.516925830957249755, 3.516925830957236876, -3.516925830957236876 ) ) ;
#3149 = EDGE_CURVE ( 'NONE', #4759, #1904, #5833, .T. ) ;
#3150 = ORIENTED_EDGE ( 'NONE', *, *, #2183, .F. ) ;
#3151 = ORIENTED_EDGE ( 'NONE', *, *, #3526, .T. ) ;
#3152 = SURFACE_STYLE_FILL_AREA ( #1173 ) ;
#3153 = SURFACE_STYLE_USAGE ( .BOTH. , #2185 ) ;
#3154 = PRESENTATION_STYLE_ASSIGNMENT (( #5606 ) ) ;
#3155 = PRESENTATION_LAYER_ASSIGNMENT (  '', '', ( #1496 ) ) ;
#3156 = SURFACE_SIDE_STYLE ('',( #2218 ) ) ;
#3157 = VECTOR ( 'NONE', #3458, 1000.000000000000000 ) ;
#3158 = ORIENTED_EDGE ( 'NONE', *, *, #6066, .T. ) ;
#3159 = SURFACE_SIDE_STYLE ('',( #6117 ) ) ;
#3160 = DIRECTION ( 'NONE',  ( 0.000000000000000000, -1.000000000000000000, 0.000000000000000000 ) ) ;
#3161 = PRESENTATION_STYLE_ASSIGNMENT (( #4740 ) ) ;
#3162 = PRESENTATION_STYLE_ASSIGNMENT (( #1803 ) ) ;
#3163 = DIRECTION ( 'NONE',  ( 1.000000000000000000, 0.000000000000000000, 0.000000000000000000 ) ) ;
#3164 = DIRECTION ( 'NONE',  ( -1.000000000000000000, 1.826024711554539830E-16, 0.000000000000000000 ) ) ;
#3165 = CARTESIAN_POINT ( 'NONE',  ( 15.74999985846874750, -21.70927214407692318, 9.602249662979534408E-08 ) ) ;
#3166 = ORIENTED_EDGE ( 'NONE', *, *, #4358, .F. ) ;
#3167 = STYLED_ITEM ( 'NONE', ( #2466 ), #5368 ) ;
#3168 = STYLED_ITEM ( 'NONE', ( #397 ), #4229 ) ;
#3169 = CARTESIAN_POINT ( 'NONE',  ( -7.513917159603205498, 18.51760346069580265, -2.358155887030902065 ) ) ;
#3170 = CARTESIAN_POINT ( 'NONE',  ( -1.642367454941416671, 21.19813172717254446, 13.99655908017463801 ) ) ;
#3171 = CARTESIAN_POINT ( 'NONE',  ( -1.246975652062459305, 17.16588457489130093, 14.03748223061148259 ) ) ;
#3172 = EDGE_LOOP ( 'NONE', ( #4329, #4175, #900, #4622 ) ) ;
#3173 = MECHANICAL_DESIGN_GEOMETRIC_PRESENTATION_REPRESENTATION (  '', ( #3607 ), #154 ) ;
#3174 = AXIS2_PLACEMENT_3D ( 'NONE', #1076, #5035, #541 ) ;
#3175 = CARTESIAN_POINT ( 'NONE',  ( -1.976985762200480279, 17.80635901253383935, -13.95303649453712858 ) ) ;
#3176 = MECHANICAL_DESIGN_GEOMETRIC_PRESENTATION_REPRESENTATION (  '', ( #6311 ), #3495 ) ;
#3177 = CARTESIAN_POINT ( 'NONE',  ( -18.23684224675127297, -13.00532477566691902, 14.09210535916249896 ) ) ;
#3178 = ORIENTED_EDGE ( 'NONE', *, *, #4467, .T. ) ;
#3179 = DIRECTION ( 'NONE',  ( -1.000000000000000000, 0.000000000000000000, 0.000000000000000000 ) ) ;
#3180 = CARTESIAN_POINT ( 'NONE',  ( -1.644760684415949470, 21.19588462617663183, -13.99626723143583362 ) ) ;
#3181 =( NAMED_UNIT ( * ) SI_UNIT ( $, .STERADIAN. ) SOLID_ANGLE_UNIT ( ) );
#3182 = PRODUCT_RELATED_PRODUCT_CATEGORY ( 'part', '', ( #320 ) ) ;
#3183 = VECTOR ( 'NONE', #5201, 1000.000000000000000 ) ;
#3184 = ADVANCED_FACE ( 'NONE', ( #581 ), #1815, .T. ) ;
#3185 =( NAMED_UNIT ( * ) PLANE_ANGLE_UNIT ( ) SI_UNIT ( $, .RADIAN. ) );
#3186 = VERTEX_POINT ( 'NONE', #2045 ) ;
#3187 = ORIENTED_EDGE ( 'NONE', *, *, #1032, .T. ) ;
#3188 = EDGE_CURVE ( 'NONE', #4521, #6308, #2617, .T. ) ;
#3189 =( BOUNDED_CURVE ( )  B_SPLINE_CURVE ( 3, ( #3148, #660, #2669, #177 ),
 .UNSPECIFIED., .F., .F. ) 
 B_SPLINE_CURVE_WITH_KNOTS ( ( 4, 4 ),
 ( 5.497787143782136177, 6.283185307179586232 ),
 .UNSPECIFIED. ) 
 CURVE ( )  GEOMETRIC_REPRESENTATION_ITEM ( )  RATIONAL_B_SPLINE_CURVE ( ( 1.000000000000000000, 0.9492530216741910110, 0.9492530216741910110, 1.000000000000000000 ) ) 
 REPRESENTATION_ITEM ( '' )  );
#3190 = PRESENTATION_STYLE_ASSIGNMENT (( #4665 ) ) ;
#3191 = FILL_AREA_STYLE ('',( #5672 ) ) ;
#3192 = DIRECTION ( 'NONE',  ( 1.000000000000000000, 6.938893903907222856E-15, -2.526228710457091200E-14 ) ) ;
#3193 = ORIENTED_EDGE ( 'NONE', *, *, #4668, .T. ) ;
#3194 =( NAMED_UNIT ( * ) PLANE_ANGLE_UNIT ( ) SI_UNIT ( $, .RADIAN. ) );
#3195 = EDGE_CURVE ( 'NONE', #31, #3620, #969, .T. ) ;
#3196 = FACE_BOUND ( 'NONE', #1652, .T. ) ;
#3197 = CARTESIAN_POINT ( 'NONE',  ( 0.3267356269552779691, 16.85285214126341913, -7.869879523524237364 ) ) ;
#3198 = ORIENTED_EDGE ( 'NONE', *, *, #5556, .F. ) ;
#3199 = B_SPLINE_CURVE_WITH_KNOTS ( 'NONE', 3,
 ( #142, #3101, #2137, #2777, #813, #1884, #398, #1349, #5852, #1380, #4326, #2902, #1913, #3905, #5288, #4874 ),
 .UNSPECIFIED., .F., .F.,
 ( 4, 2, 2, 2, 2, 2, 2, 4 ),
 ( 0.000000000000000000, 0.001063061051456183192, 0.002126122102912366384, 0.004252244205824732767, 0.006378366308737099151, 0.007441427360193282776, 0.007972957885921375457, 0.008504488411649469004 ),
 .UNSPECIFIED. ) ;
#3200 = CARTESIAN_POINT ( 'NONE',  ( -7.513626359840642976, 20.12726184143182451, -2.359103001907771446 ) ) ;
#3201 = ORIENTED_EDGE ( 'NONE', *, *, #1561, .F. ) ;
#3202 = SURFACE_STYLE_USAGE ( .BOTH. , #3677 ) ;
#3203 = CARTESIAN_POINT ( 'NONE',  ( -1.517119868966939622, 21.30072182497394095, 14.01085478145902563 ) ) ;
#3204 = UNCERTAINTY_MEASURE_WITH_UNIT (LENGTH_MEASURE( 1.000000000000000082E-05 ), #2815, 'distance_accuracy_value', 'NONE');
#3205 = ORIENTED_EDGE ( 'NONE', *, *, #4508, .T. ) ;
#3206 = LINE ( 'NONE', #686, #2355 ) ;
#3207 =( NAMED_UNIT ( * ) SI_UNIT ( $, .STERADIAN. ) SOLID_ANGLE_UNIT ( ) );
#3208 = ORIENTED_EDGE ( 'NONE', *, *, #5163, .T. ) ;
#3209 = VECTOR ( 'NONE', #803, 1000.000000000000000 ) ;
#3210 = DIRECTION ( 'NONE',  ( -0.000000000000000000, -0.000000000000000000, -1.000000000000000000 ) ) ;
#3211 =( LENGTH_UNIT ( ) NAMED_UNIT ( * ) SI_UNIT ( .MILLI., .METRE. ) );
#3212 = CARTESIAN_POINT ( 'NONE',  ( 15.74999985846866224, 11.03414890851307462, 11.60526325390249980 ) ) ;
#3213 = UNCERTAINTY_MEASURE_WITH_UNIT (LENGTH_MEASURE( 1.000000000000000082E-05 ), #5031, 'distance_accuracy_value', 'NONE');
#3214 = VERTEX_POINT ( 'NONE', #2562 ) ;
#3215 = EDGE_CURVE ( 'NONE', #31, #2543, #6120, .T. ) ;
#3216 = VECTOR ( 'NONE', #267, 1000.000000000000000 ) ;
#3217 = ORIENTED_EDGE ( 'NONE', *, *, #1032, .F. ) ;
#3218 = VECTOR ( 'NONE', #4792, 1000.000000000000000 ) ;
#3219 = LINE ( 'NONE', #388, #727 ) ;
#3220 = UNCERTAINTY_MEASURE_WITH_UNIT (LENGTH_MEASURE( 1.000000000000000082E-05 ), #1670, 'distance_accuracy_value', 'NONE');
#3221 = CARTESIAN_POINT ( 'NONE',  ( 5.634426831749582476, 10.31565122696605563, 14.09210535916307983 ) ) ;
#3222 = CARTESIAN_POINT ( 'NONE',  ( 6.091006445296940059E-16, -10.56907894200000086, -4.973684208000001661 ) ) ;
#3223 = FACE_OUTER_BOUND ( 'NONE', #1605, .T. ) ;
#3224 = ADVANCED_FACE ( 'NONE', ( #2129 ), #1630, .F. ) ;
#3225 = ORIENTED_EDGE ( 'NONE', *, *, #953, .T. ) ;
#3226 = CIRCLE ( 'NONE', #2611, 2.486842105259999602 ) ;
#3227 = CARTESIAN_POINT ( 'NONE',  ( 3.516925830957256860, -3.516925830957223553, -3.516925830957229326 ) ) ;
#3228 = SURFACE_STYLE_FILL_AREA ( #639 ) ;
#3229 = DIRECTION ( 'NONE',  ( -0.7071067811865474617, -0.7071067811865474617, -0.000000000000000000 ) ) ;
#3230 = DIRECTION ( 'NONE',  ( -1.000000000000000000, 0.000000000000000000, 0.000000000000000000 ) ) ;
#3231 = CARTESIAN_POINT ( 'NONE',  ( 7.798314320239948749, 17.09067768546591637, -1.106701739779837546 ) ) ;
#3232 = EDGE_CURVE ( 'NONE', #4539, #1309, #4106, .T. ) ;
#3233 = ORIENTED_EDGE ( 'NONE', *, *, #2357, .T. ) ;
#3234 = CARTESIAN_POINT ( 'NONE',  ( 18.23684196372875022, -21.70927214407691963, 11.60526325390249980 ) ) ;
#3235 = CARTESIAN_POINT ( 'NONE',  ( -1.415112605082225667E-07, -0.5711142493669206788, 7.875000096012498396 ) ) ;
#3236 = ORIENTED_EDGE ( 'NONE', *, *, #1285, .T. ) ;
#3237 = CARTESIAN_POINT ( 'NONE',  ( -15.75000014149118321, 8.547306803253073682, -11.60526306185750478 ) ) ;
#3238 = ORIENTED_EDGE ( 'NONE', *, *, #1753, .F. ) ;
#3239 = LINE ( 'NONE', #5262, #3243 ) ;
#3240 = AXIS2_PLACEMENT_3D ( 'NONE', #3855, #726, #2346 ) ;
#3241 = CARTESIAN_POINT ( 'NONE',  ( -2.486842246771262310, 19.48622256395094965, -13.87094244913009433 ) ) ;
#3242 = FILL_AREA_STYLE ('',( #5329 ) ) ;
#3243 = VECTOR ( 'NONE', #3144, 1000.000000000000000 ) ;
#3244 =( GEOMETRIC_REPRESENTATION_CONTEXT ( 3 ) GLOBAL_UNCERTAINTY_ASSIGNED_CONTEXT ( ( #1923 ) ) GLOBAL_UNIT_ASSIGNED_CONTEXT ( ( #1101, #2027, #6000 ) ) REPRESENTATION_CONTEXT ( 'NONE', 'WORKASPACE' ) );
#3245 = TOROIDAL_SURFACE ( 'NONE', #951, 14.92105263155999850, 2.486842105260000491 ) ;
#3246 = CARTESIAN_POINT ( 'NONE',  ( -2.486842246771261866, 19.32362259271307536, 14.09210535916249896 ) ) ;
#3247 = VECTOR ( 'NONE', #4150, 1000.000000000000000 ) ;
#3248 = FILL_AREA_STYLE ('',( #5758 ) ) ;
#3249 = CARTESIAN_POINT ( 'NONE',  ( -14.09210540465126194, 16.83678048745307265, 9.602249608890768547E-08 ) ) ;
#3250 = VECTOR ( 'NONE', #2753, 1000.000000000000000 ) ;
#3251 = DIRECTION ( 'NONE',  ( 1.000000000000000000, 0.000000000000000000, 0.000000000000000000 ) ) ;
#3252 = CARTESIAN_POINT ( 'NONE',  ( -15.75000014149127026, -1.400061617786925172, 11.60526325390249980 ) ) ;
#3253 = CARTESIAN_POINT ( 'NONE',  ( 4.942861551579718515, 10.30145748936227790, -14.09210516711813455 ) ) ;
#3254 = EDGE_LOOP ( 'NONE', ( #6157, #6293, #5731, #1021 ) ) ;
#3255 = CARTESIAN_POINT ( 'NONE',  ( 0.6528995164529081130, 21.74502109173608133, 14.08017131380586662 ) ) ;
#3256 = COLOUR_RGB ( '',0.5372549019607842924, 0.3490196078431372362, 0.3372549019607843368 ) ;
#3257 = CARTESIAN_POINT ( 'NONE',  ( 7.485047335335995200, 10.74012722103187834, 14.09210535916250073 ) ) ;
#3258 = SURFACE_STYLE_USAGE ( .BOTH. , #5729 ) ;
#3259 = PRESENTATION_STYLE_ASSIGNMENT (( #2733 ) ) ;
#3260 = VERTEX_POINT ( 'NONE', #777 ) ;
#3261 = FILL_AREA_STYLE ('',( #3763 ) ) ;
#3262 = CARTESIAN_POINT ( 'NONE',  ( -5.799647009227266281, 11.03414890894829803, -12.86027861207863410 ) ) ;
#3263 = AXIS2_PLACEMENT_3D ( 'NONE', #6360, #4841, #4941 ) ;
#3264 = EDGE_CURVE ( 'NONE', #1466, #5460, #676, .T. ) ;
#3265 = SURFACE_SIDE_STYLE ('',( #1283 ) ) ;
#3266 = DIRECTION ( 'NONE',  ( 0.000000000000000000, 0.000000000000000000, 1.000000000000000000 ) ) ;
#3267 = CARTESIAN_POINT ( 'NONE',  ( -44.81066914522543243, 25.91280106752541101, 1.861560328787486385E-17 ) ) ;
#3268 = CARTESIAN_POINT ( 'NONE',  ( -45.49911695932713229, 20.11016949152541144, 1.861560328787486385E-17 ) ) ;
#3269 = CARTESIAN_POINT ( 'NONE',  ( 2.233184949649242412, 18.21721890740790428, -7.552008867570315864 ) ) ;
#3270 = CARTESIAN_POINT ( 'NONE',  ( -1.415112614726319400E-07, 27.61309627691307966, -7.874999903967504267 ) ) ;
#3271 = CARTESIAN_POINT ( 'NONE',  ( 2.571712968749407580, -4.462138693165085712, 4.462138693165085712 ) ) ;
#3272 = COLOUR_RGB ( '',0.8392156862745098200, 0.4666666666666666741, 0.3686274509803921795 ) ;
#3273 =( LENGTH_UNIT ( ) NAMED_UNIT ( * ) SI_UNIT ( .MILLI., .METRE. ) );
#3274 = PRESENTATION_LAYER_ASSIGNMENT (  '', '', ( #5170 ) ) ;
#3275 = UNCERTAINTY_MEASURE_WITH_UNIT (LENGTH_MEASURE( 1.000000000000000082E-05 ), #3805, 'distance_accuracy_value', 'NONE');
#3276 = VERTEX_POINT ( 'NONE', #1248 ) ;
#3277 = CARTESIAN_POINT ( 'NONE',  ( 10.56907894200000086, 6.424342101999999777, 6.217105260000000300 ) ) ;
#3278 = VECTOR ( 'NONE', #5745, 1000.000000000000000 ) ;
#3279 = FILL_AREA_STYLE_COLOUR ( '', #2136 ) ;
#3280 = VECTOR ( 'NONE', #2726, 1000.000000000000000 ) ;
#3281 = ORIENTED_EDGE ( 'NONE', *, *, #2943, .T. ) ;
#3282 = CARTESIAN_POINT ( 'NONE',  ( 28.18421038476873974, -21.70927214407691963, 11.60526325390249980 ) ) ;
#3283 = CARTESIAN_POINT ( 'NONE',  ( -0.6469562393399522771, 16.91683975306591137, 7.850026786617021024 ) ) ;
#3284 = PRESENTATION_STYLE_ASSIGNMENT (( #822 ) ) ;
#3285 = B_SPLINE_CURVE_WITH_KNOTS ( 'NONE', 3,
 ( #5448, #3612, #959, #5966, #3494, #5483, #997, #2991, #4990, #4490, #5593, #1742, #1703, #708, #3712, #5706, #1225, #3304, #3768, #3836, #4288, #743, #840, #2711, #5780, #1251, #3231, #5814, #2227, #6282, #5249, #2805 ),
 .UNSPECIFIED., .F., .F.,
 ( 4, 2, 2, 2, 2, 2, 2, 2, 2, 2, 2, 2, 2, 2, 2, 4 ),
 ( 0.007825408706170660852, 0.008314367500702675093, 0.008803326295234689333, 0.009292285089766703574, 0.009781243884298717814, 0.01027020267883073205, 0.01075916147336274456, 0.01124812026789475880, 0.01173707906242677304, 0.01222603785695878728, 0.01271499665149080152, 0.01369291424055483000, 0.01418187303508684771, 0.01467083182961886542, 0.01515979062415088313, 0.01564874941868290084 ),
 .UNSPECIFIED. ) ;
#3286 = CARTESIAN_POINT ( 'NONE',  ( 4.462138693165093706, -4.462138693165050185, 2.571712968749384931 ) ) ;
#3287 = TOROIDAL_SURFACE ( 'NONE', #254, 14.92105263155999850, 2.486842105260000491 ) ;
#3288 = UNCERTAINTY_MEASURE_WITH_UNIT (LENGTH_MEASURE( 1.000000000000000082E-05 ), #1098, 'distance_accuracy_value', 'NONE');
#3289 =( NAMED_UNIT ( * ) SI_UNIT ( $, .STERADIAN. ) SOLID_ANGLE_UNIT ( ) );
#3290 = DIRECTION ( 'NONE',  ( -0.000000000000000000, -0.000000000000000000, -1.000000000000000000 ) ) ;
#3291 = CARTESIAN_POINT ( 'NONE',  ( -1.415112614726319400E-07, 11.03414890851307462, -14.09210516711750394 ) ) ;
#3292 = PRESENTATION_LAYER_ASSIGNMENT (  '', '', ( #4017 ) ) ;
#3293 = ORIENTED_EDGE ( 'NONE', *, *, #1898, .F. ) ;
#3294 = CARTESIAN_POINT ( 'NONE',  ( 2.470578114266110514, 19.65062728465342445, 13.87388598974836285 ) ) ;
#3295 = CARTESIAN_POINT ( 'NONE',  ( 28.18421038476875395, 16.83678048745307976, 9.602249662979534408E-08 ) ) ;
#3296 = CARTESIAN_POINT ( 'NONE',  ( -44.81066914522543243, 20.11016949152541144, 1.861560328787486385E-17 ) ) ;
#3297 = CARTESIAN_POINT ( 'NONE',  ( 3.516925830957229326, 3.516925830957267074, -3.516925830957256860 ) ) ;
#3298 = ORIENTED_EDGE ( 'NONE', *, *, #1195, .F. ) ;
#3299 =( NAMED_UNIT ( * ) PLANE_ANGLE_UNIT ( ) SI_UNIT ( $, .RADIAN. ) );
#3300 = CARTESIAN_POINT ( 'NONE',  ( 0.1633812440150498868, 21.81046469797308163, 7.875000096012496620 ) ) ;
#3301 = DIRECTION ( 'NONE',  ( -1.836970198721030674E-16, 1.000000000000000000, 0.000000000000000000 ) ) ;
#3302 = CARTESIAN_POINT ( 'NONE',  ( -4.545422393258563787, 9.141936537802871854, 14.09210535916249718 ) ) ;
#3303 = DIRECTION ( 'NONE',  ( -0.000000000000000000, -0.000000000000000000, -1.000000000000000000 ) ) ;
#3304 = CARTESIAN_POINT ( 'NONE',  ( 7.472031085055375499, 19.15970883920176959, -2.486840137900761416 ) ) ;
#3305 = PRODUCT_DEFINITION ( 'UNKNOWN', '', #5222, #4514 ) ;
#3306 = ADVANCED_FACE ( 'NONE', ( #3196, #3795 ), #739, .T. ) ;
#3307 = DIRECTION ( 'NONE',  ( 0.000000000000000000, -1.000000000000000000, 0.000000000000000000 ) ) ;
#3308 = MECHANICAL_DESIGN_GEOMETRIC_PRESENTATION_REPRESENTATION (  '', ( #432 ), #1330 ) ;
#3309 = CARTESIAN_POINT ( 'NONE',  ( -0.6449603320930011874, 16.91639250519693505, 14.07823963946211165 ) ) ;
#3310 = ORIENTED_EDGE ( 'NONE', *, *, #627, .F. ) ;
#3311 = CARTESIAN_POINT ( 'NONE',  ( -2.486842246771261866, 19.32362259271307536, -13.87094244913008900 ) ) ;
#3312 = FILL_AREA_STYLE ('',( #1007 ) ) ;
#3313 = ORIENTED_EDGE ( 'NONE', *, *, #3487, .T. ) ;
#3314 = EDGE_CURVE ( 'NONE', #1735, #4401, #2698, .T. ) ;
#3315 = CARTESIAN_POINT ( 'NONE',  ( -1.976593307532194643, 17.80583293606783357, 7.623478109009331760 ) ) ;
#3316 = CARTESIAN_POINT ( 'NONE',  ( -25.69736856253127044, -1.400061617787013768, -14.09210516711750394 ) ) ;
#3317 = FACE_OUTER_BOUND ( 'NONE', #116, .T. ) ;
#3318 = MECHANICAL_DESIGN_GEOMETRIC_PRESENTATION_REPRESENTATION (  '', ( #3745 ), #2794 ) ;
#3319 = CONTEXT_DEPENDENT_SHAPE_REPRESENTATION ( #6092, #6337 ) ;
#3320 = SURFACE_STYLE_USAGE ( .BOTH. , #2760 ) ;
#3321 = ORIENTED_EDGE ( 'NONE', *, *, #1714, .F. ) ;
#3322 = CARTESIAN_POINT ( 'NONE',  ( -4.973684208000001661, 4.973684207999983897, 6.091006445296940059E-16 ) ) ;
#3323 = CARTESIAN_POINT ( 'NONE',  ( 7.623519556461165969, 20.84158247870214709, 1.976420395740570601 ) ) ;
#3324 = CIRCLE ( 'NONE', #296, 2.486842105260000046 ) ;
#3325 = SURFACE_STYLE_FILL_AREA ( #6313 ) ;
#3326 = DIRECTION ( 'NONE',  ( -0.000000000000000000, -0.000000000000000000, -1.000000000000000000 ) ) ;
#3327 = CARTESIAN_POINT ( 'NONE',  ( -7.574654684856188425, 20.57321803886552303, 2.156123067032953866 ) ) ;
#3328 = COLOUR_RGB ( '',0.5372549019607842924, 0.3490196078431372362, 0.3372549019607843368 ) ;
#3329 = FACE_OUTER_BOUND ( 'NONE', #4429, .T. ) ;
#3330 = VERTEX_POINT ( 'NONE', #3766 ) ;
#3331 = PRESENTATION_STYLE_ASSIGNMENT (( #291 ) ) ;
#3332 = MECHANICAL_DESIGN_GEOMETRIC_PRESENTATION_REPRESENTATION (  '', ( #2801 ), #3658 ) ;
#3333 = CARTESIAN_POINT ( 'NONE',  ( -7.742645102151764824, -1.385695488736925496, 1.485939761738275244 ) ) ;
#3334 = MECHANICAL_DESIGN_GEOMETRIC_PRESENTATION_REPRESENTATION (  '', ( #2503 ), #5318 ) ;
#3335 = STYLED_ITEM ( 'NONE', ( #2537 ), #1005 ) ;
#3336 = CIRCLE ( 'NONE', #5840, 4.973684208000001661 ) ;
#3337 = B_SPLINE_CURVE_WITH_KNOTS ( 'NONE', 3,
 ( #1333, #1142, #5134, #6239, #3519, #5531, #1477, #4914, #4446, #979, #1019, #2908, #5989, #3008, #5017, #2398 ),
 .UNSPECIFIED., .F., .F.,
 ( 4, 2, 2, 2, 2, 2, 2, 4 ),
 ( 0.000000000000000000, 0.0004892160992202900785, 0.0009784321984405801569, 0.001467648297660870344, 0.001956864396881160314, 0.002935296595321739820, 0.003424512694542031308, 0.003913728793762323230 ),
 .UNSPECIFIED. ) ;
#3338 = CARTESIAN_POINT ( 'NONE',  ( -7.639569198840674424, 8.547306803253073682, 14.09210535916249718 ) ) ;
#3339 = FILL_AREA_STYLE ('',( #3373 ) ) ;
#3340 = SURFACE_STYLE_USAGE ( .BOTH. , #1348 ) ;
#3341 = CARTESIAN_POINT ( 'NONE',  ( 3.516925830957256416, -3.516925830957223109, 3.516925830957229326 ) ) ;
#3342 = DIRECTION ( 'NONE',  ( 3.487803815904844854E-15, -1.000000000000000000, 0.000000000000000000 ) ) ;
#3343 = CARTESIAN_POINT ( 'NONE',  ( 14.09210512162874274, 21.81046469797308518, -0.3248637998357688517 ) ) ;
#3344 = ORIENTED_EDGE ( 'NONE', *, *, #1409, .F. ) ;
#3345 = ADVANCED_FACE ( 'NONE', ( #1767 ), #1925, .T. ) ;
#3346 =( NAMED_UNIT ( * ) PLANE_ANGLE_UNIT ( ) SI_UNIT ( $, .RADIAN. ) );
#3347 = SURFACE_SIDE_STYLE ('',( #5824 ) ) ;
#3348 = VERTEX_POINT ( 'NONE', #4339 ) ;
#3349 = LINE ( 'NONE', #3386, #1733 ) ;
#3350 = FILL_AREA_STYLE_COLOUR ( '', #2631 ) ;
#3351 = UNCERTAINTY_MEASURE_WITH_UNIT (LENGTH_MEASURE( 1.000000000000000082E-05 ), #2124, 'distance_accuracy_value', 'NONE');
#3352 = EDGE_CURVE ( 'NONE', #1466, #1886, #1550, .T. ) ;
#3353 = ADVANCED_FACE ( 'NONE', ( #3818 ), #1859, .F. ) ;
#3354 =( NAMED_UNIT ( * ) SI_UNIT ( $, .STERADIAN. ) SOLID_ANGLE_UNIT ( ) );
#3355 = DIRECTION ( 'NONE',  ( 1.826024711554539830E-16, 1.000000000000000000, 0.000000000000000000 ) ) ;
#3356 = VERTEX_POINT ( 'NONE', #2224 ) ;
#3357 = AXIS2_PLACEMENT_3D ( 'NONE', #5338, #864, #6309 ) ;
#3358 = CARTESIAN_POINT ( 'NONE',  ( 7.849819334499665402, 21.72973215832423932, 0.6495476918604825567 ) ) ;
#3359 = ORIENTED_EDGE ( 'NONE', *, *, #2959, .T. ) ;
#3360 = PRESENTATION_STYLE_ASSIGNMENT (( #4373 ) ) ;
#3361 = CARTESIAN_POINT ( 'NONE',  ( 4.973684208000001661, 6.091006445296940059E-16, 4.973684208000001661 ) ) ;
#3362 = VECTOR ( 'NONE', #224, 1000.000000000000000 ) ;
#3363 = EDGE_CURVE ( 'NONE', #5154, #5400, #1842, .T. ) ;
#3364 = TOROIDAL_SURFACE ( 'NONE', #1168, 11.60526315788000140, 2.486842105260000491 ) ;
#3365 = PRESENTATION_LAYER_ASSIGNMENT (  '', '', ( #2729 ) ) ;
#3366 = CARTESIAN_POINT ( 'NONE',  ( 4.973684208000001661, 6.091006445296940059E-16, 4.973684208000001661 ) ) ;
#3367 = DIRECTION ( 'NONE',  ( -0.000000000000000000, -0.000000000000000000, -1.000000000000000000 ) ) ;
#3368 = CARTESIAN_POINT ( 'NONE',  ( -7.776531868697029282, 17.16706306174648589, 1.248949242006564875 ) ) ;
#3369 = PRESENTATION_STYLE_ASSIGNMENT (( #1190 ) ) ;
#3370 = ORIENTED_EDGE ( 'NONE', *, *, #6002, .F. ) ;
#3371 = DIRECTION ( 'NONE',  ( 1.000000000000000000, 0.000000000000000000, 0.000000000000000000 ) ) ;
#3372 = PLANE ( 'NONE',  #4304 ) ;
#3373 = FILL_AREA_STYLE_COLOUR ( '', #2448 ) ;
#3374 = DIRECTION ( 'NONE',  ( -1.000000000000000000, 1.826024711554539830E-16, 0.000000000000000000 ) ) ;
#3375 = STYLED_ITEM ( 'NONE', ( #4386 ), #1237 ) ;
#3376 = FILL_AREA_STYLE_COLOUR ( '', #5776 ) ;
#3377 = FILL_AREA_STYLE_COLOUR ( '', #6413 ) ;
#3378 = CARTESIAN_POINT ( 'NONE',  ( -1.644760684415949470, 17.45136055924951890, 13.99626742348082509 ) ) ;
#3379 = CARTESIAN_POINT ( 'NONE',  ( 15.74999985846874750, -1.400061617786925172, -14.09210516711750394 ) ) ;
#3380 = FILL_AREA_STYLE_COLOUR ( '', #6427 ) ;
#3381 = CARTESIAN_POINT ( 'NONE',  ( 6.424342101999999777, -10.56907894200000086, 6.217105260000000300 ) ) ;
#3382 = FACE_OUTER_BOUND ( 'NONE', #4395, .T. ) ;
#3383 = ORIENTED_EDGE ( 'NONE', *, *, #2004, .F. ) ;
#3384 = VECTOR ( 'NONE', #5380, 1000.000000000000000 ) ;
#3385 = VECTOR ( 'NONE', #1415, 1000.000000000000114 ) ;
#3386 = CARTESIAN_POINT ( 'NONE',  ( -3.315789615191188755, -0.5711142493669216780, 14.09210535916249896 ) ) ;
#3387 = SURFACE_STYLE_USAGE ( .BOTH. , #410 ) ;
#3388 = CARTESIAN_POINT ( 'NONE',  ( -5.468832447001978458, -0.7556381608939938266, -5.678648820085520299 ) ) ;
#3389 = CARTESIAN_POINT ( 'NONE',  ( -18.23684224675127652, -21.70927214407692674, -11.60526306185750478 ) ) ;
#3390 = AXIS2_PLACEMENT_3D ( 'NONE', #48, #77, #3528 ) ;
#3391 = COLOUR_RGB ( '',0.5372549019607842924, 0.3490196078431372362, 0.3372549019607843368 ) ;
#3392 =( LENGTH_UNIT ( ) NAMED_UNIT ( * ) SI_UNIT ( .MILLI., .METRE. ) );
#3393 = CONTEXT_DEPENDENT_SHAPE_REPRESENTATION ( #5842, #2758 ) ;
#3394 = CARTESIAN_POINT ( 'NONE',  ( 7.835228702437514237, 21.68224802222217207, 0.8047341919997014204 ) ) ;
#3395 = EDGE_CURVE ( 'NONE', #405, #2813, #5003, .T. ) ;
#3396 = ORIENTED_EDGE ( 'NONE', *, *, #3073, .T. ) ;
#3397 = MECHANICAL_DESIGN_GEOMETRIC_PRESENTATION_REPRESENTATION (  '', ( #1094 ), #4952 ) ;
#3398 = CARTESIAN_POINT ( 'NONE',  ( -2.486842246771261866, 19.32362259271307536, -7.472030507725625270 ) ) ;
#3399 = LINE ( 'NONE', #2890, #5450 ) ;
#3400 = MECHANICAL_DESIGN_GEOMETRIC_PRESENTATION_REPRESENTATION (  '', ( #4432 ), #567 ) ;
#3401 =( GEOMETRIC_REPRESENTATION_CONTEXT ( 3 ) GLOBAL_UNCERTAINTY_ASSIGNED_CONTEXT ( ( #4733 ) ) GLOBAL_UNIT_ASSIGNED_CONTEXT ( ( #6292, #1781, #788 ) ) REPRESENTATION_CONTEXT ( 'NONE', 'WORKASPACE' ) );
#3402 = CARTESIAN_POINT ( 'NONE',  ( -15.75000014149127381, -13.00532477566700784, 14.09210535916249896 ) ) ;
#3403 = CARTESIAN_POINT ( 'NONE',  ( -7.835207834375323976, 21.68217976132180524, 0.8049651806750608429 ) ) ;
#3404 =( GEOMETRIC_REPRESENTATION_CONTEXT ( 3 ) GLOBAL_UNCERTAINTY_ASSIGNED_CONTEXT ( ( #4338 ) ) GLOBAL_UNIT_ASSIGNED_CONTEXT ( ( #3736, #288, #6269 ) ) REPRESENTATION_CONTEXT ( 'NONE', 'WORKASPACE' ) );
#3405 = EDGE_CURVE ( 'NONE', #2188, #3330, #1250, .T. ) ;
#3406 = ORIENTED_EDGE ( 'NONE', *, *, #1580, .T. ) ;
#3407 = AXIS2_PLACEMENT_3D ( 'NONE', #6433, #2951, #854 ) ;
#3408 = DIRECTION ( 'NONE',  ( -1.000000000000000000, 0.000000000000000000, 0.000000000000000000 ) ) ;
#3409 = LINE ( 'NONE', #1908, #1985 ) ;
#3410 = CARTESIAN_POINT ( 'NONE',  ( -18.23684224675127652, -32.90006161774692117, -3.073819013756672103 ) ) ;
#3411 = EDGE_CURVE ( 'NONE', #1211, #710, #2179, .T. ) ;
#3412 = CARTESIAN_POINT ( 'NONE',  ( 10.56907894200003817, 3.690174189475305067E-14, 0.000000000000000000 ) ) ;
#3413 = FACE_OUTER_BOUND ( 'NONE', #1159, .T. ) ;
#3414 = DIRECTION ( 'NONE',  ( -1.000000000000000000, 0.000000000000000000, 0.000000000000000000 ) ) ;
#3415 = DIRECTION ( 'NONE',  ( 0.000000000000000000, 0.000000000000000000, 1.000000000000000000 ) ) ;
#3416 = VERTEX_POINT ( 'NONE', #261 ) ;
#3417 = UNCERTAINTY_MEASURE_WITH_UNIT (LENGTH_MEASURE( 1.000000000000000082E-05 ), #2396, 'distance_accuracy_value', 'NONE');
#3418 = CARTESIAN_POINT ( 'NONE',  ( 25.69736827950874414, -21.70927214407691963, 11.60526325390249980 ) ) ;
#3419 = ORIENTED_EDGE ( 'NONE', *, *, #2781, .F. ) ;
#3420 = CARTESIAN_POINT ( 'NONE',  ( 7.650046514113713059, 20.96813186909492188, 1.872497569778060589 ) ) ;
#3421 = ORIENTED_EDGE ( 'NONE', *, *, #2087, .T. ) ;
#3422 = DIRECTION ( 'NONE',  ( -0.000000000000000000, -1.000000000000000000, -0.000000000000000000 ) ) ;
#3423 = PRESENTATION_STYLE_ASSIGNMENT (( #417 ) ) ;
#3424 = FILL_AREA_STYLE_COLOUR ( '', #505 ) ;
#3425 = EDGE_CURVE ( 'NONE', #5538, #5574, #5829, .T. ) ;
#3426 = CARTESIAN_POINT ( 'NONE',  ( -25.69736856253127044, -1.400061617787013768, 11.60526325390249980 ) ) ;
#3427 = CARTESIAN_POINT ( 'NONE',  ( -7.623820400540077813, 17.79370300567950736, 1.986866775415535580 ) ) ;
#3428 = CARTESIAN_POINT ( 'NONE',  ( -1.415112614726319400E-07, 25.12625417165307695, 11.60526325390249980 ) ) ;
#3429 = VERTEX_POINT ( 'NONE', #1770 ) ;
#3430 = PRESENTATION_LAYER_ASSIGNMENT (  '', '', ( #4885 ) ) ;
#3431 = VECTOR ( 'NONE', #6421, 1000.000000000000000 ) ;
#3432 = FACE_OUTER_BOUND ( 'NONE', #565, .T. ) ;
#3433 = FACE_BOUND ( 'NONE', #264, .T. ) ;
#3434 = CYLINDRICAL_SURFACE ( 'NONE', #1352, 2.486842105260000046 ) ;
#3435 = EDGE_CURVE ( 'NONE', #1460, #2510, #6324, .T. ) ;
#3436 = MECHANICAL_DESIGN_GEOMETRIC_PRESENTATION_REPRESENTATION (  '', ( #1027 ), #301 ) ;
#3437 = MECHANICAL_DESIGN_GEOMETRIC_PRESENTATION_REPRESENTATION (  '', ( #4577 ), #1878 ) ;
#3438 = CARTESIAN_POINT ( 'NONE',  ( 18.23684196372874666, -13.00532477566700074, -14.09210516711750394 ) ) ;
#3439 = LINE ( 'NONE', #2392, #3385 ) ;
#3440 = AXIS2_PLACEMENT_3D ( 'NONE', #2068, #3086, #2547 ) ;
#3441 = CARTESIAN_POINT ( 'NONE',  ( 25.69736827950874414, -21.70927214407691963, 14.09210535916249896 ) ) ;
#3442 = ORIENTED_EDGE ( 'NONE', *, *, #1124, .T. ) ;
#3443 = AXIS2_PLACEMENT_3D ( 'NONE', #4470, #5037, #6037 ) ;
#3444 = CARTESIAN_POINT ( 'NONE',  ( -2.486842246771262310, 19.16102262147521174, 13.87094264117508757 ) ) ;
#3445 = FACE_OUTER_BOUND ( 'NONE', #1194, .T. ) ;
#3446 = FILL_AREA_STYLE ('',( #1449 ) ) ;
#3447 = EDGE_CURVE ( 'NONE', #3276, #3499, #4251, .T. ) ;
#3448 = STYLED_ITEM ( 'NONE', ( #5890 ), #2735 ) ;
#3449 = CARTESIAN_POINT ( 'NONE',  ( 2.234805301373333997, 20.42656408779553345, -13.91391608712027228 ) ) ;
#3450 = MECHANICAL_DESIGN_GEOMETRIC_PRESENTATION_REPRESENTATION (  '', ( #1254 ), #5528 ) ;
#3451 = ORIENTED_EDGE ( 'NONE', *, *, #1663, .F. ) ;
#3452 = STYLED_ITEM ( 'NONE', ( #6164 ), #3734 ) ;
#3453 = CARTESIAN_POINT ( 'NONE',  ( -1.415112614726319400E-07, 25.12625417165307695, 9.602249662979534408E-08 ) ) ;
#3454 = DIRECTION ( 'NONE',  ( 1.000000000000000000, 0.000000000000000000, -0.000000000000000000 ) ) ;
#3455 = AXIS2_PLACEMENT_3D ( 'NONE', #1218, #3192, #5210 ) ;
#3456 = LINE ( 'NONE', #5831, #5548 ) ;
#3457 =( NAMED_UNIT ( * ) PLANE_ANGLE_UNIT ( ) SI_UNIT ( $, .RADIAN. ) );
#3458 = DIRECTION ( 'NONE',  ( 1.826024711554539830E-16, 1.000000000000000000, 0.000000000000000000 ) ) ;
#3459 = ORIENTED_EDGE ( 'NONE', *, *, #4081, .T. ) ;
#3460 = PRESENTATION_STYLE_ASSIGNMENT (( #5968 ) ) ;
#3461 = VERTEX_POINT ( 'NONE', #3797 ) ;
#3462 = CARTESIAN_POINT ( 'NONE',  ( 2.407176748281096401, 18.67849593249777485, -13.88502659215117596 ) ) ;
#3463 =( LENGTH_UNIT ( ) NAMED_UNIT ( * ) SI_UNIT ( .MILLI., .METRE. ) );
#3464 = DIRECTION ( 'NONE',  ( 0.000000000000000000, -1.000000000000000000, 0.000000000000000000 ) ) ;
#3465 = VERTEX_POINT ( 'NONE', #704 ) ;
#3466 = EDGE_LOOP ( 'NONE', ( #5348, #1963, #688, #5996, #1637, #2608, #345, #5149, #3485, #2253, #2539, #3012, #1334, #4679, #5256 ) ) ;
#3467 = CARTESIAN_POINT ( 'NONE',  ( 3.315789332168745496, -13.00532477566691902, -14.09210516711750394 ) ) ;
#3468 =( LENGTH_UNIT ( ) NAMED_UNIT ( * ) SI_UNIT ( .MILLI., .METRE. ) );
#3469 = AXIS2_PLACEMENT_3D ( 'NONE', #4112, #4664, #2214 ) ;
#3470 = CIRCLE ( 'NONE', #2937, 4.973684210520003646 ) ;
#3471 = DIRECTION ( 'NONE',  ( 0.000000000000000000, 1.000000000000000000, 0.000000000000000000 ) ) ;
#3472 = CARTESIAN_POINT ( 'NONE',  ( 13.92414049826741795, 18.07154115578482489, 2.172915070228641277 ) ) ;
#3473 =( GEOMETRIC_REPRESENTATION_CONTEXT ( 3 ) GLOBAL_UNCERTAINTY_ASSIGNED_CONTEXT ( ( #4392 ) ) GLOBAL_UNIT_ASSIGNED_CONTEXT ( ( #163, #778, #4674 ) ) REPRESENTATION_CONTEXT ( 'NONE', 'WORKASPACE' ) );
#3474 = CARTESIAN_POINT ( 'NONE',  ( -2.470331461664898143, 18.99433204618348370, -7.477581452654441740 ) ) ;
#3475 = MECHANICAL_DESIGN_GEOMETRIC_PRESENTATION_REPRESENTATION (  '', ( #5648 ), #2836 ) ;
#3476 = ADVANCED_FACE ( 'NONE', ( #1315 ), #6142, .T. ) ;
#3477 = CARTESIAN_POINT ( 'NONE',  ( -0.6388717548854131456, 10.73894427050893974, -14.09210516711750394 ) ) ;
#3478 = DIRECTION ( 'NONE',  ( -1.000000000000000000, -1.743901907068844768E-16, 0.000000000000000000 ) ) ;
#3479 = PRODUCT_DEFINITION_CONTEXT ( 'detailed design', #4501, 'design' ) ;
#3480 = AXIS2_PLACEMENT_3D ( 'NONE', #5408, #5343, #1905 ) ;
#3481 = SURFACE_STYLE_USAGE ( .BOTH. , #10 ) ;
#3482 = DIRECTION ( 'NONE',  ( -1.000000000000000000, 6.938893903907217334E-15, -2.526228710457119914E-14 ) ) ;
#3483 = SURFACE_STYLE_USAGE ( .BOTH. , #1981 ) ;
#3484 = CIRCLE ( 'NONE', #2737, 4.973684210520000093 ) ;
#3485 = ORIENTED_EDGE ( 'NONE', *, *, #436, .T. ) ;
#3486 = CARTESIAN_POINT ( 'NONE',  ( -7.875000141501262263, 16.83678048745307265, -0.1654531053120189554 ) ) ;
#3487 = EDGE_CURVE ( 'NONE', #4698, #2813, #2681, .T. ) ;
#3488 = DIRECTION ( 'NONE',  ( -1.000000000000000000, 0.000000000000000000, 0.000000000000000000 ) ) ;
#3489 =( NAMED_UNIT ( * ) SI_UNIT ( $, .STERADIAN. ) SOLID_ANGLE_UNIT ( ) );
#3490 = UNCERTAINTY_MEASURE_WITH_UNIT (LENGTH_MEASURE( 1.000000000000000082E-05 ), #6147, 'distance_accuracy_value', 'NONE');
#3491 = SURFACE_STYLE_FILL_AREA ( #2026 ) ;
#3492 = SURFACE_STYLE_FILL_AREA ( #5766 ) ;
#3493 = COLOUR_RGB ( '',0.5372549019607842924, 0.3490196078431372362, 0.3372549019607843368 ) ;
#3494 = CARTESIAN_POINT ( 'NONE',  ( 7.835207551352798561, 21.68217976132180169, -0.8049649886300671575 ) ) ;
#3495 =( GEOMETRIC_REPRESENTATION_CONTEXT ( 3 ) GLOBAL_UNCERTAINTY_ASSIGNED_CONTEXT ( ( #3692 ) ) GLOBAL_UNIT_ASSIGNED_CONTEXT ( ( #1014, #4416, #6425 ) ) REPRESENTATION_CONTEXT ( 'NONE', 'WORKASPACE' ) );
#3496 = ORIENTED_EDGE ( 'NONE', *, *, #3024, .F. ) ;
#3497 = CYLINDRICAL_SURFACE ( 'NONE', #2186, 12.43421052629999934 ) ;
#3498 = CARTESIAN_POINT ( 'NONE',  ( 7.477446635444410461, 18.99696625607919742, 2.470740213424696741 ) ) ;
#3499 = VERTEX_POINT ( 'NONE', #1910 ) ;
#3500 = DIRECTION ( 'NONE',  ( -1.000000000000000000, 0.000000000000000000, 0.000000000000000000 ) ) ;
#3501 = DIRECTION ( 'NONE',  ( 0.000000000000000000, -0.000000000000000000, 1.000000000000000000 ) ) ;
#3502 = VECTOR ( 'NONE', #1423, 1000.000000000000000 ) ;
#3503 =( NAMED_UNIT ( * ) SI_UNIT ( $, .STERADIAN. ) SOLID_ANGLE_UNIT ( ) );
#3504 = B_SPLINE_CURVE_WITH_KNOTS ( 'NONE', 3,
 ( #1791, #831, #3255, #5764, #324, #1305, #4313, #2250, #3824, #2765, #6350, #5239, #2313, #3294, #4731, #2793 ),
 .UNSPECIFIED., .F., .F.,
 ( 4, 2, 2, 2, 2, 2, 2, 4 ),
 ( 0.007790268527452141357, 0.008764161093544962922, 0.009251107376591375872, 0.009738053659637788823, 0.01022499994268420177, 0.01071194622573061472, 0.01119889250877702767, 0.01168583879182344062 ),
 .UNSPECIFIED. ) ;
#3505 = UNCERTAINTY_MEASURE_WITH_UNIT (LENGTH_MEASURE( 1.000000000000000082E-05 ), #4410, 'distance_accuracy_value', 'NONE');
#3506 = AXIS2_PLACEMENT_3D ( 'NONE', #6198, #279, #1724 ) ;
#3507 = PRESENTATION_LAYER_ASSIGNMENT (  '', '', ( #2135 ) ) ;
#3508 = ORIENTED_EDGE ( 'NONE', *, *, #2192, .F. ) ;
#3509 = STYLED_ITEM ( 'NONE', ( #4610 ), #4033 ) ;
#3510 = VERTEX_POINT ( 'NONE', #2898 ) ;
#3511 = DIRECTION ( 'NONE',  ( -1.000000000000000000, 0.000000000000000000, 0.000000000000000000 ) ) ;
#3512 = FILL_AREA_STYLE_COLOUR ( '', #5232 ) ;
#3513 = CIRCLE ( 'NONE', #563, 2.486842105260001823 ) ;
#3514 = FILL_AREA_STYLE ('',( #574 ) ) ;
#3515 = AXIS2_PLACEMENT_3D ( 'NONE', #1976, #38, #4024 ) ;
#3516 = CARTESIAN_POINT ( 'NONE',  ( -28.18421066779127315, -1.400061617787014212, 11.60526325390249980 ) ) ;
#3517 = STYLED_ITEM ( 'NONE', ( #1203 ), #2158 ) ;
#3518 = CARTESIAN_POINT ( 'NONE',  ( -1.599567008694498194, 10.30226855713336498, -14.09210516711750572 ) ) ;
#3519 = CARTESIAN_POINT ( 'NONE',  ( -2.358259166563476228, 20.12955136669235401, 7.513888929135202233 ) ) ;
#3520 = PRESENTATION_STYLE_ASSIGNMENT (( #5046 ) ) ;
#3521 = FACE_OUTER_BOUND ( 'NONE', #2716, .T. ) ;
#3522 = PRODUCT_DEFINITION_SHAPE ( 'NONE', 'NONE',  #6470 ) ;
#3523 =( REPRESENTATION_RELATIONSHIP ('NONE','NONE', #4274, #3581 ) REPRESENTATION_RELATIONSHIP_WITH_TRANSFORMATION ( #2885 )SHAPE_REPRESENTATION_RELATIONSHIP( ) );
#3524 = FILL_AREA_STYLE ('',( #5534 ) ) ;
#3525 = CARTESIAN_POINT ( 'NONE',  ( -13.92414078128994426, 18.07154115578482845, -2.172914878183648923 ) ) ;
#3526 = EDGE_CURVE ( 'NONE', #1123, #986, #4905, .T. ) ;
#3527 = VERTEX_POINT ( 'NONE', #5888 ) ;
#3528 = DIRECTION ( 'NONE',  ( -2.989546126403735719E-16, 1.000000000000000000, -8.881784201532950568E-16 ) ) ;
#3529 = FILL_AREA_STYLE_COLOUR ( '', #4904 ) ;
#3530 = DIRECTION ( 'NONE',  ( 0.000000000000000000, 0.000000000000000000, 1.000000000000000000 ) ) ;
#3531 = CARTESIAN_POINT ( 'NONE',  ( 1.423471752655208533, 10.73677466620000054, 14.09210535916369977 ) ) ;
#3532 = EDGE_CURVE ( 'NONE', #630, #4220, #876, .T. ) ;
#3533 = LINE ( 'NONE', #471, #734 ) ;
#3534 = ORIENTED_EDGE ( 'NONE', *, *, #5949, .F. ) ;
#3535 = ORIENTED_EDGE ( 'NONE', *, *, #914, .F. ) ;
#3536 = SURFACE_STYLE_USAGE ( .BOTH. , #1616 ) ;
#3537 = CARTESIAN_POINT ( 'NONE',  ( -1.415112614726319400E-07, 27.61309627691307966, 9.602249662979534408E-08 ) ) ;
#3538 = FILL_AREA_STYLE_COLOUR ( '', #4576 ) ;
#3539 = DIRECTION ( 'NONE',  ( -1.826024711554539830E-16, -1.000000000000000000, -0.000000000000000000 ) ) ;
#3540 = B_SPLINE_CURVE_WITH_KNOTS ( 'NONE', 3,
 ( #1512, #106, #2621, #4092, #44, #3098, #1052, #3129, #6054, #6084, #3525, #5109, #138, #2653, #5501, #523, #2132, #6122, #1635, #3039, #3644, #3010, #5618, #1152, #5018, #2533, #4518, #1090, #2048, #4031, #1540, #4554 ),
 .UNSPECIFIED., .F., .F.,
 ( 4, 2, 2, 2, 2, 2, 2, 2, 2, 2, 2, 2, 2, 2, 2, 4 ),
 ( 5.254857806970380441E-19, 0.0004868917829657567749, 0.0009737835659315132245, 0.001460675348897269403, 0.001947567131863026232, 0.002921350697794545745, 0.003408242480760306260, 0.003895134263726065908, 0.004382026046691826424, 0.004868917829657586072, 0.005355809612623345720, 0.005842701395589104500, 0.006329593178554864148, 0.006816484961520624664, 0.007303376744486384312, 0.007790268527452143960 ),
 .UNSPECIFIED. ) ;
#3541 = VERTEX_POINT ( 'NONE', #2838 ) ;
#3542 =( NAMED_UNIT ( * ) PLANE_ANGLE_UNIT ( ) SI_UNIT ( $, .RADIAN. ) );
#3543 = PRESENTATION_STYLE_ASSIGNMENT (( #3091 ) ) ;
#3544 = FILL_AREA_STYLE ('',( #545 ) ) ;
#3545 = PRESENTATION_STYLE_ASSIGNMENT (( #3002 ) ) ;
#3546 = CARTESIAN_POINT ( 'NONE',  ( 10.56907894200000086, 6.424342101999999777, -6.217105260000000300 ) ) ;
#3547 = STYLED_ITEM ( 'NONE', ( #3154 ), #6312 ) ;
#3548 = CARTESIAN_POINT ( 'NONE',  ( -2.486842246771261866, 19.32362259271307536, -7.472030507725625270 ) ) ;
#3549 = SURFACE_STYLE_FILL_AREA ( #1536 ) ;
#3550 =( LENGTH_UNIT ( ) NAMED_UNIT ( * ) SI_UNIT ( .MILLI., .METRE. ) );
#3551 = PRODUCT_DEFINITION_FORMATION_WITH_SPECIFIED_SOURCE ( 'ANY', '', #4915, .NOT_KNOWN. ) ;
#3552 = CARTESIAN_POINT ( 'NONE',  ( -14.09210540465126194, 16.83678048745307265, 9.602249608890768547E-08 ) ) ;
#3553 = COLOUR_RGB ( '',0.8392156862745098200, 0.4666666666666666741, 0.3686274509803921795 ) ;
#3554 = DIRECTION ( 'NONE',  ( 0.000000000000000000, 0.000000000000000000, 1.000000000000000000 ) ) ;
#3555 = ORIENTED_EDGE ( 'NONE', *, *, #4580, .T. ) ;
#3556 =( NAMED_UNIT ( * ) PLANE_ANGLE_UNIT ( ) SI_UNIT ( $, .RADIAN. ) );
#3557 = UNCERTAINTY_MEASURE_WITH_UNIT (LENGTH_MEASURE( 1.000000000000000082E-05 ), #603, 'distance_accuracy_value', 'NONE');
#3558 = MECHANICAL_DESIGN_GEOMETRIC_PRESENTATION_REPRESENTATION (  '', ( #4893 ), #1035 ) ;
#3559 = UNCERTAINTY_MEASURE_WITH_UNIT (LENGTH_MEASURE( 1.000000000000000082E-05 ), #5662, 'distance_accuracy_value', 'NONE');
#3560 =( GEOMETRIC_REPRESENTATION_CONTEXT ( 3 ) GLOBAL_UNCERTAINTY_ASSIGNED_CONTEXT ( ( #4203 ) ) GLOBAL_UNIT_ASSIGNED_CONTEXT ( ( #1097, #3556, #5995 ) ) REPRESENTATION_CONTEXT ( 'NONE', 'WORKASPACE' ) );
#3561 = MECHANICAL_DESIGN_GEOMETRIC_PRESENTATION_REPRESENTATION (  '', ( #6152 ), #121 ) ;
#3562 = CARTESIAN_POINT ( 'NONE',  ( -18.23684224675127652, -35.29808793353336682, 3.732494729325734450 ) ) ;
#3563 = EDGE_LOOP ( 'NONE', ( #4006, #5835, #2364, #4350 ) ) ;
#3564 = CARTESIAN_POINT ( 'NONE',  ( 7.994078778775370431, 11.03414890851307462, -11.60526306185751366 ) ) ;
#3565 = EDGE_LOOP ( 'NONE', ( #273, #2453, #1730, #1991 ) ) ;
#3566 = CARTESIAN_POINT ( 'NONE',  ( -1.550893036844114725, 11.03414890867058418, 14.02722218364392504 ) ) ;
#3567 = EDGE_CURVE ( 'NONE', #2089, #5653, #1440, .T. ) ;
#3568 = SURFACE_SIDE_STYLE ('',( #1554 ) ) ;
#3569 = UNCERTAINTY_MEASURE_WITH_UNIT (LENGTH_MEASURE( 1.000000000000000082E-05 ), #4939, 'distance_accuracy_value', 'NONE');
#3570 = FACE_BOUND ( 'NONE', #1229, .T. ) ;
#3571 = VERTEX_POINT ( 'NONE', #1412 ) ;
#3572 = SURFACE_SIDE_STYLE ('',( #1940 ) ) ;
#3573 = EDGE_CURVE ( 'NONE', #6308, #358, #933, .T. ) ;
#3574 = FACE_OUTER_BOUND ( 'NONE', #1569, .T. ) ;
#3575 = SURFACE_STYLE_FILL_AREA ( #5522 ) ;
#3576 =( NAMED_UNIT ( * ) SI_UNIT ( $, .STERADIAN. ) SOLID_ANGLE_UNIT ( ) );
#3577 =( GEOMETRIC_REPRESENTATION_CONTEXT ( 3 ) GLOBAL_UNCERTAINTY_ASSIGNED_CONTEXT ( ( #6224 ) ) GLOBAL_UNIT_ASSIGNED_CONTEXT ( ( #2644, #3665, #126 ) ) REPRESENTATION_CONTEXT ( 'NONE', 'WORKASPACE' ) );
#3578 = FILL_AREA_STYLE_COLOUR ( '', #4646 ) ;
#3579 = CARTESIAN_POINT ( 'NONE',  ( 1.873414979216668996, 17.68019894330365460, 13.96749859364096658 ) ) ;
#3580 = CARTESIAN_POINT ( 'NONE',  ( 14.09210512162874274, 16.83678048745307620, 9.602249625402110167E-08 ) ) ;
#3581 = SHAPE_REPRESENTATION ( 'u_d', ( #4055 ), #1549 ) ;
#3582 = AXIS2_PLACEMENT_3D ( 'NONE', #1765, #3667, #4605 ) ;
#3583 = SURFACE_STYLE_FILL_AREA ( #3037 ) ;
#3584 = SURFACE_SIDE_STYLE ('',( #5617 ) ) ;
#3585 = CARTESIAN_POINT ( 'NONE',  ( 6.587249688010450299, 8.656297229477722510, -14.09210516711750039 ) ) ;
#3586 = ORIENTED_EDGE ( 'NONE', *, *, #2004, .T. ) ;
#3587 =( NAMED_UNIT ( * ) PLANE_ANGLE_UNIT ( ) SI_UNIT ( $, .RADIAN. ) );
#3588 = CARTESIAN_POINT ( 'NONE',  ( 4.973684208000001661, 6.091006445296940059E-16, -6.217105260000000300 ) ) ;
#3589 = ORIENTED_EDGE ( 'NONE', *, *, #3930, .F. ) ;
#3590 =( NAMED_UNIT ( * ) SI_UNIT ( $, .STERADIAN. ) SOLID_ANGLE_UNIT ( ) );
#3591 = ORIENTED_EDGE ( 'NONE', *, *, #4947, .T. ) ;
#3592 = VERTEX_POINT ( 'NONE', #3958 ) ;
#3593 = FILL_AREA_STYLE ('',( #656 ) ) ;
#3594 = STYLED_ITEM ( 'NONE', ( #2361 ), #1207 ) ;
#3595 = CARTESIAN_POINT ( 'NONE',  ( -3.548471825284634118, 10.39180273420432954, 14.09210535916249896 ) ) ;
#3596 = FILL_AREA_STYLE_COLOUR ( '', #2916 ) ;
#3597 = EDGE_CURVE ( 'NONE', #6406, #4364, #4906, .T. ) ;
#3598 = ORIENTED_EDGE ( 'NONE', *, *, #4964, .F. ) ;
#3599 = AXIS2_PLACEMENT_3D ( 'NONE', #3410, #5464, #335 ) ;
#3600 = CARTESIAN_POINT ( 'NONE',  ( 6.835524134895517356, -1.077879987594184241, 3.927924863311136328 ) ) ;
#3601 = PRESENTATION_STYLE_ASSIGNMENT (( #2002 ) ) ;
#3602 = MECHANICAL_DESIGN_GEOMETRIC_PRESENTATION_REPRESENTATION (  '', ( #2651 ), #2965 ) ;
#3603 = PRESENTATION_STYLE_ASSIGNMENT (( #5074 ) ) ;
#3604 = DIRECTION ( 'NONE',  ( 0.7071067811865475727, -0.7071067811865475727, 0.000000000000000000 ) ) ;
#3605 = EDGE_CURVE ( 'NONE', #3786, #473, #2596, .T. ) ;
#3606 = DIRECTION ( 'NONE',  ( -4.336808689942038444E-16, 1.000000000000000000, -0.000000000000000000 ) ) ;
#3607 = STYLED_ITEM ( 'NONE', ( #5999 ), #5656 ) ;
#3608 = DIRECTION ( 'NONE',  ( -4.336808689942038444E-16, 1.000000000000000000, 0.000000000000000000 ) ) ;
#3609 =( NAMED_UNIT ( * ) PLANE_ANGLE_UNIT ( ) SI_UNIT ( $, .RADIAN. ) );
#3610 = FILL_AREA_STYLE ('',( #164 ) ) ;
#3611 = CARTESIAN_POINT ( 'NONE',  ( 1.276545553071859684, 10.44322405876370397, -14.09210516711750749 ) ) ;
#3612 = CARTESIAN_POINT ( 'NONE',  ( 7.874999858478740400, 21.81046469797308873, -0.1629649407208774992 ) ) ;
#3613 = EDGE_CURVE ( 'NONE', #1436, #83, #3324, .T. ) ;
#3614 = AXIS2_PLACEMENT_3D ( 'NONE', #2464, #1953, #4880 ) ;
#3615 = EDGE_LOOP ( 'NONE', ( #4162, #1358, #2194 ) ) ;
#3616 =( BOUNDED_CURVE ( )  B_SPLINE_CURVE ( 3, ( #4415, #1377, #5411, #3933 ),
 .UNSPECIFIED., .F., .F. ) 
 B_SPLINE_CURVE_WITH_KNOTS ( ( 4, 4 ),
 ( 5.497787143782133512, 6.283185307179586232 ),
 .UNSPECIFIED. ) 
 CURVE ( )  GEOMETRIC_REPRESENTATION_ITEM ( )  RATIONAL_B_SPLINE_CURVE ( ( 1.000000000000000000, 0.9492530216741906779, 0.9492530216741906779, 1.000000000000000000 ) ) 
 REPRESENTATION_ITEM ( '' )  );
#3617 =( NAMED_UNIT ( * ) PLANE_ANGLE_UNIT ( ) SI_UNIT ( $, .RADIAN. ) );
#3618 = SURFACE_SIDE_STYLE ('',( #5569 ) ) ;
#3619 = UNCERTAINTY_MEASURE_WITH_UNIT (LENGTH_MEASURE( 1.000000000000000082E-05 ), #4177, 'distance_accuracy_value', 'NONE');
#3620 = VERTEX_POINT ( 'NONE', #1623 ) ;
#3621 = CARTESIAN_POINT ( 'NONE',  ( -1.645716843508609362, 21.19497758062396642, -7.702005547771612726 ) ) ;
#3622 = ORIENTED_EDGE ( 'NONE', *, *, #5406, .F. ) ;
#3623 = DIRECTION ( 'NONE',  ( 0.000000000000000000, 0.000000000000000000, 1.000000000000000000 ) ) ;
#3624 = FILL_AREA_STYLE_COLOUR ( '', #5361 ) ;
#3625 =( LENGTH_UNIT ( ) NAMED_UNIT ( * ) SI_UNIT ( .MILLI., .METRE. ) );
#3626 = UNCERTAINTY_MEASURE_WITH_UNIT (LENGTH_MEASURE( 1.000000000000000082E-05 ), #2435, 'distance_accuracy_value', 'NONE');
#3627 = CARTESIAN_POINT ( 'NONE',  ( 129.7081084242029192, 34.60253058093322664, 44.16858913473834036 ) ) ;
#3628 = ORIENTED_EDGE ( 'NONE', *, *, #6139, .T. ) ;
#3629 = AXIS2_PLACEMENT_3D ( 'NONE', #5754, #661, #2149 ) ;
#3630 = CARTESIAN_POINT ( 'NONE',  ( 7.660772921286219450, -1.354442542753409029, 1.861661601175434555 ) ) ;
#3631 = EDGE_CURVE ( 'NONE', #3541, #1620, #3825, .T. ) ;
#3632 =( NAMED_UNIT ( * ) PLANE_ANGLE_UNIT ( ) SI_UNIT ( $, .RADIAN. ) );
#3633 =( LENGTH_UNIT ( ) NAMED_UNIT ( * ) SI_UNIT ( .MILLI., .METRE. ) );
#3634 = CARTESIAN_POINT ( 'NONE',  ( 18.23684196372875022, -21.70927214407691963, 14.09210535916249896 ) ) ;
#3635 = DIRECTION ( 'NONE',  ( 0.7071067811865474617, 0.7071067811865474617, 0.000000000000000000 ) ) ;
#3636 = CYLINDRICAL_SURFACE ( 'NONE', #1489, 2.486842105260000046 ) ;
#3637 = LINE ( 'NONE', #5310, #2725 ) ;
#3638 = FILL_AREA_STYLE_COLOUR ( '', #2209 ) ;
#3639 = ADVANCED_FACE ( 'NONE', ( #5100 ), #2521, .F. ) ;
#3640 = FILL_AREA_STYLE_COLOUR ( '', #5661 ) ;
#3641 = FILL_AREA_STYLE_COLOUR ( '', #2835 ) ;
#3642 = DIRECTION ( 'NONE',  ( -0.000000000000000000, -0.000000000000000000, -1.000000000000000000 ) ) ;
#3643 = AXIS2_PLACEMENT_3D ( 'NONE', #2252, #184, #2187 ) ;
#3644 = CARTESIAN_POINT ( 'NONE',  ( -13.92630770724684552, 20.57138694381223232, -2.157233808736043645 ) ) ;
#3645 = ORIENTED_EDGE ( 'NONE', *, *, #1367, .F. ) ;
#3646 = CARTESIAN_POINT ( 'NONE',  ( -7.623519839483687832, 20.84158247870214709, -1.976420203695575140 ) ) ;
#3647 = DIRECTION ( 'NONE',  ( 1.000000000000000000, 4.336808689942038444E-16, -0.000000000000000000 ) ) ;
#3648 = AXIS2_PLACEMENT_3D ( 'NONE', #1602, #5590, #1121 ) ;
#3649 = ADVANCED_FACE ( 'NONE', ( #2340, #2470 ), #1822, .F. ) ;
#3650 = ORIENTED_EDGE ( 'NONE', *, *, #5725, .F. ) ;
#3651 = SURFACE_STYLE_FILL_AREA ( #3047 ) ;
#3652 = PRESENTATION_STYLE_ASSIGNMENT (( #4286 ) ) ;
#3653 = PRESENTATION_LAYER_ASSIGNMENT (  '', '', ( #917 ) ) ;
#3654 = EDGE_LOOP ( 'NONE', ( #4213, #4771, #6367, #58 ) ) ;
#3655 =( NAMED_UNIT ( * ) PLANE_ANGLE_UNIT ( ) SI_UNIT ( $, .RADIAN. ) );
#3656 = CARTESIAN_POINT ( 'NONE',  ( 7.485047335335178964, 10.74012722103123885, -14.09210516711750572 ) ) ;
#3657 = DIRECTION ( 'NONE',  ( 1.000000000000000000, 6.975607628275379072E-16, 0.000000000000000000 ) ) ;
#3658 =( GEOMETRIC_REPRESENTATION_CONTEXT ( 3 ) GLOBAL_UNCERTAINTY_ASSIGNED_CONTEXT ( ( #4003 ) ) GLOBAL_UNIT_ASSIGNED_CONTEXT ( ( #6038, #3, #6011 ) ) REPRESENTATION_CONTEXT ( 'NONE', 'WORKASPACE' ) );
#3659 = CARTESIAN_POINT ( 'NONE',  ( -7.762362572335480770, 10.87453513941072636, 14.09210535916190921 ) ) ;
#3660 = FACE_OUTER_BOUND ( 'NONE', #1467, .T. ) ;
#3661 = STYLED_ITEM ( 'NONE', ( #2595 ), #1033 ) ;
#3662 = CARTESIAN_POINT ( 'NONE',  ( 0.000000000000000000, 0.000000000000000000, 0.000000000000000000 ) ) ;
#3663 = ORIENTED_EDGE ( 'NONE', *, *, #41, .T. ) ;
#3664 = ORIENTED_EDGE ( 'NONE', *, *, #3032, .T. ) ;
#3665 =( NAMED_UNIT ( * ) PLANE_ANGLE_UNIT ( ) SI_UNIT ( $, .RADIAN. ) );
#3666 = CARTESIAN_POINT ( 'NONE',  ( 13.95298832395331168, 20.84044841587054364, 1.977324909480413728 ) ) ;
#3667 = DIRECTION ( 'NONE',  ( 1.000000000000000000, 1.792252570843385605E-16, 4.922852149771088042E-17 ) ) ;
#3668 = FILL_AREA_STYLE ('',( #5735 ) ) ;
#3669 =( NAMED_UNIT ( * ) PLANE_ANGLE_UNIT ( ) SI_UNIT ( $, .RADIAN. ) );
#3670 = CARTESIAN_POINT ( 'NONE',  ( 1.873242523282347083, 17.67994107365747070, -7.649865892054572569 ) ) ;
#3671 = CIRCLE ( 'NONE', #5250, 11.60526315788000140 ) ;
#3672 = VERTEX_POINT ( 'NONE', #5362 ) ;
#3673 = ADVANCED_FACE ( 'NONE', ( #6343, #4454 ), #2819, .F. ) ;
#3674 = DIRECTION ( 'NONE',  ( -1.836970198721030674E-16, 1.000000000000000000, 0.000000000000000000 ) ) ;
#3675 =( GEOMETRIC_REPRESENTATION_CONTEXT ( 3 ) GLOBAL_UNCERTAINTY_ASSIGNED_CONTEXT ( ( #3288 ) ) GLOBAL_UNIT_ASSIGNED_CONTEXT ( ( #1098, #1571, #4096 ) ) REPRESENTATION_CONTEXT ( 'NONE', 'WORKASPACE' ) );
#3676 = DIRECTION ( 'NONE',  ( 1.000000000000000000, 0.000000000000000000, 0.000000000000000000 ) ) ;
#3677 = SURFACE_SIDE_STYLE ('',( #2778 ) ) ;
#3678 = CARTESIAN_POINT ( 'NONE',  ( -0.1624333625391610192, 21.81046469797307807, 14.09210535916249896 ) ) ;
#3679 = CIRCLE ( 'NONE', #5552, 11.60526315788000140 ) ;
#3680 = ORIENTED_EDGE ( 'NONE', *, *, #3487, .F. ) ;
#3681 = PRESENTATION_LAYER_ASSIGNMENT (  '', '', ( #1068 ) ) ;
#3682 = DIRECTION ( 'NONE',  ( 0.000000000000000000, 0.000000000000000000, 1.000000000000000000 ) ) ;
#3683 = CARTESIAN_POINT ( 'NONE',  ( -7.994079061797911834, 8.547306803253071905, 14.09210535916249896 ) ) ;
#3684 = CARTESIAN_POINT ( 'NONE',  ( -1.415112614726319400E-07, 27.61309627691307966, -14.09210516711750394 ) ) ;
#3685 = VERTEX_POINT ( 'NONE', #679 ) ;
#3686 = COLOUR_RGB ( '',0.5372549019607842924, 0.3490196078431372362, 0.3372549019607843368 ) ;
#3687 = FACE_OUTER_BOUND ( 'NONE', #4797, .T. ) ;
#3688 = PRESENTATION_LAYER_ASSIGNMENT (  '', '', ( #2635 ) ) ;
#3689 = FILL_AREA_STYLE ('',( #2240 ) ) ;
#3690 = CARTESIAN_POINT ( 'NONE',  ( -3.218011575853864326, 9.613432156389018601, 14.09210535916249896 ) ) ;
#3691 = STYLED_ITEM ( 'NONE', ( #5759 ), #331 ) ;
#3692 = UNCERTAINTY_MEASURE_WITH_UNIT (LENGTH_MEASURE( 1.000000000000000082E-05 ), #1014, 'distance_accuracy_value', 'NONE');
#3693 = VECTOR ( 'NONE', #2930, 1000.000000000000000 ) ;
#3694 = SURFACE_SIDE_STYLE ('',( #4726 ) ) ;
#3695 = CARTESIAN_POINT ( 'NONE',  ( -14.01058287548190329, 17.33743375015779620, 1.531039994545951188 ) ) ;
#3696 = VERTEX_POINT ( 'NONE', #137 ) ;
#3697 = EDGE_CURVE ( 'NONE', #1001, #1126, #5720, .T. ) ;
#3698 = VERTEX_POINT ( 'NONE', #4643 ) ;
#3699 = SURFACE_STYLE_USAGE ( .BOTH. , #2154 ) ;
#3700 = PRESENTATION_STYLE_ASSIGNMENT (( #3153 ) ) ;
#3701 = CARTESIAN_POINT ( 'NONE',  ( -1.415112614726319400E-07, 11.03414890851307462, 9.602249662979534408E-08 ) ) ;
#3702 = AXIS2_PLACEMENT_3D ( 'NONE', #611, #42, #3126 ) ;
#3703 = CARTESIAN_POINT ( 'NONE',  ( 28.18421038476875395, -26.68295635459692150, 9.602249662979534408E-08 ) ) ;
#3704 = ORIENTED_EDGE ( 'NONE', *, *, #1092, .F. ) ;
#3705 = CARTESIAN_POINT ( 'NONE',  ( 25.69736827950874769, -35.29808793353335261, 3.732494729325732230 ) ) ;
#3706 = FILL_AREA_STYLE ('',( #2160 ) ) ;
#3707 = DIRECTION ( 'NONE',  ( -1.000000000000000000, -1.836970198721030674E-16, 0.000000000000000000 ) ) ;
#3708 = CIRCLE ( 'NONE', #2849, 2.486842105260000491 ) ;
#3709 = FACE_BOUND ( 'NONE', #1749, .T. ) ;
#3710 = FACE_OUTER_BOUND ( 'NONE', #848, .T. ) ;
#3711 = DIRECTION ( 'NONE',  ( -1.000000000000000000, -1.826024711554539830E-16, -0.000000000000000000 ) ) ;
#3712 = CARTESIAN_POINT ( 'NONE',  ( 7.498416827362407666, 19.97195283212743888, -2.406345349504708242 ) ) ;
#3713 = ORIENTED_EDGE ( 'NONE', *, *, #738, .F. ) ;
#3714 = VECTOR ( 'NONE', #3741, 1000.000000000000000 ) ;
#3715 = VECTOR ( 'NONE', #3128, 1000.000000000000000 ) ;
#3716 = CARTESIAN_POINT ( 'NONE',  ( -7.472056684609374777, 19.15904724104712287, -2.486764071180701308 ) ) ;
#3717 = ORIENTED_EDGE ( 'NONE', *, *, #1883, .T. ) ;
#3718 = LINE ( 'NONE', #266, #2642 ) ;
#3719 = CARTESIAN_POINT ( 'NONE',  ( -1.976985762200482943, 20.84088617289231493, 13.95303668658212537 ) ) ;
#3720 = EDGE_LOOP ( 'NONE', ( #4531, #2320, #5026, #5649 ) ) ;
#3721 = EDGE_CURVE ( 'NONE', #1030, #753, #4469, .T. ) ;
#3722 = PRESENTATION_LAYER_ASSIGNMENT (  '', '', ( #3607 ) ) ;
#3723 = PRESENTATION_STYLE_ASSIGNMENT (( #5228 ) ) ;
#3724 = CIRCLE ( 'NONE', #372, 5.802631576000000457 ) ;
#3725 = ORIENTED_EDGE ( 'NONE', *, *, #2959, .F. ) ;
#3726 = DIRECTION ( 'NONE',  ( -0.000000000000000000, -0.000000000000000000, -1.000000000000000000 ) ) ;
#3727 = CARTESIAN_POINT ( 'NONE',  ( -28.18421066779126960, -32.90006161774690696, 14.09210535916249896 ) ) ;
#3728 =( NAMED_UNIT ( * ) SI_UNIT ( $, .STERADIAN. ) SOLID_ANGLE_UNIT ( ) );
#3729 = VECTOR ( 'NONE', #342, 1000.000000000000000 ) ;
#3730 = ADVANCED_FACE ( 'NONE', ( #2682, #1151 ), #1186, .T. ) ;
#3731 = PRESENTATION_STYLE_ASSIGNMENT (( #1235 ) ) ;
#3732 = DIRECTION ( 'NONE',  ( -1.000000000000000000, 0.000000000000000000, 0.000000000000000000 ) ) ;
#3733 = ORIENTED_EDGE ( 'NONE', *, *, #5741, .F. ) ;
#3734 = ADVANCED_FACE ( 'NONE', ( #758 ), #5203, .F. ) ;
#3735 = CARTESIAN_POINT ( 'NONE',  ( 7.286537830758871515, 8.571552060253610605, 14.09210535916249896 ) ) ;
#3736 =( LENGTH_UNIT ( ) NAMED_UNIT ( * ) SI_UNIT ( .MILLI., .METRE. ) );
#3737 = ORIENTED_EDGE ( 'NONE', *, *, #5289, .T. ) ;
#3738 = LINE ( 'NONE', #1245, #3247 ) ;
#3739 = FILL_AREA_STYLE_COLOUR ( '', #2116 ) ;
#3740 = ORIENTED_EDGE ( 'NONE', *, *, #5200, .T. ) ;
#3741 = DIRECTION ( 'NONE',  ( -1.000000000000000000, 0.000000000000000000, 0.000000000000000000 ) ) ;
#3742 = CARTESIAN_POINT ( 'NONE',  ( 28.18421038476875395, 19.32362259271308247, 9.602249662979534408E-08 ) ) ;
#3743 = VERTEX_POINT ( 'NONE', #2756 ) ;
#3744 = ORIENTED_EDGE ( 'NONE', *, *, #4180, .F. ) ;
#3745 = STYLED_ITEM ( 'NONE', ( #3545 ), #6266 ) ;
#3746 = PRESENTATION_LAYER_ASSIGNMENT (  '', '', ( #2914 ) ) ;
#3747 = CARTESIAN_POINT ( 'NONE',  ( -0.3260350930289172000, 16.85282170228773779, 7.869890339599789897 ) ) ;
#3748 = DIRECTION ( 'NONE',  ( 0.000000000000000000, 0.2648642316819890818, 0.9642857142857139685 ) ) ;
#3749 = DIRECTION ( 'NONE',  ( 1.000000000000000000, -0.000000000000000000, -0.000000000000000000 ) ) ;
#3750 = UNCERTAINTY_MEASURE_WITH_UNIT (LENGTH_MEASURE( 1.000000000000000082E-05 ), #133, 'distance_accuracy_value', 'NONE');
#3751 = COLOUR_RGB ( '',0.5372549019607842924, 0.3490196078431372362, 0.3372549019607843368 ) ;
#3752 = CARTESIAN_POINT ( 'NONE',  ( -14.09210540465126194, 16.83678048745307620, 0.1646171235375148700 ) ) ;
#3753 = DIRECTION ( 'NONE',  ( -0.8952266376020068250, 0.2931899318249888142, -0.3355725423872812363 ) ) ;
#3754 = STYLED_ITEM ( 'NONE', ( #3950 ), #2816 ) ;
#3755 = EDGE_CURVE ( 'NONE', #3571, #3186, #1686, .T. ) ;
#3756 = ORIENTED_EDGE ( 'NONE', *, *, #5881, .F. ) ;
#3757 = FACE_OUTER_BOUND ( 'NONE', #2995, .T. ) ;
#3758 = CIRCLE ( 'NONE', #6151, 2.486842105260001823 ) ;
#3759 =( NAMED_UNIT ( * ) SI_UNIT ( $, .STERADIAN. ) SOLID_ANGLE_UNIT ( ) );
#3760 = ADVANCED_FACE ( 'NONE', ( #5300, #1268 ), #2208, .F. ) ;
#3761 = ORIENTED_EDGE ( 'NONE', *, *, #6065, .T. ) ;
#3762 = CIRCLE ( 'NONE', #3455, 2.486842105260000935 ) ;
#3763 = FILL_AREA_STYLE_COLOUR ( '', #3686 ) ;
#3764 = CARTESIAN_POINT ( 'NONE',  ( 10.56907894200005593, -4.973684207999964357, 0.000000000000000000 ) ) ;
#3765 = CARTESIAN_POINT ( 'NONE',  ( -5.217767398879071372, 8.938610710449209407, -14.09210516711750394 ) ) ;
#3766 = CARTESIAN_POINT ( 'NONE',  ( -44.81066914522543243, 20.11016949152541144, 5.802631576000000457 ) ) ;
#3767 = CARTESIAN_POINT ( 'NONE',  ( -25.69736856253127399, -21.70927214407692674, -14.09210516711750394 ) ) ;
#3768 = CARTESIAN_POINT ( 'NONE',  ( 7.477427760480238383, 18.99756649463343550, -2.470795234517244143 ) ) ;
#3769 = DIRECTION ( 'NONE',  ( 1.000000000000000000, -0.000000000000000000, 1.224646799147353207E-16 ) ) ;
#3770 = FILL_AREA_STYLE_COLOUR ( '', #6046 ) ;
#3771 = ORIENTED_EDGE ( 'NONE', *, *, #233, .F. ) ;
#3772 = SURFACE_SIDE_STYLE ('',( #2263 ) ) ;
#3773 = ORIENTED_EDGE ( 'NONE', *, *, #1388, .F. ) ;
#3774 = DIRECTION ( 'NONE',  ( 0.000000000000000000, 0.000000000000000000, 1.000000000000000000 ) ) ;
#3775 = VECTOR ( 'NONE', #2037, 1000.000000000000000 ) ;
#3776 = DIRECTION ( 'NONE',  ( -0.000000000000000000, 1.000000000000000000, 0.000000000000000000 ) ) ;
#3777 = VECTOR ( 'NONE', #718, 1000.000000000000000 ) ;
#3778 = COLOUR_RGB ( '',0.5372549019607842924, 0.3490196078431372362, 0.3372549019607843368 ) ;
#3779 = CARTESIAN_POINT ( 'NONE',  ( 4.973684208000001661, 6.091006445296940059E-16, 6.217105260000000300 ) ) ;
#3780 = DIRECTION ( 'NONE',  ( -1.000000000000000000, -1.836970198721030674E-16, 0.000000000000000000 ) ) ;
#3781 = STYLED_ITEM ( 'NONE', ( #440 ), #5240 ) ;
#3782 = PRESENTATION_LAYER_ASSIGNMENT (  '', '', ( #4612 ) ) ;
#3783 = ORIENTED_EDGE ( 'NONE', *, *, #6412, .F. ) ;
#3784 = FACE_OUTER_BOUND ( 'NONE', #4002, .T. ) ;
#3785 = CARTESIAN_POINT ( 'NONE',  ( 0.6388006768994345386, 10.73844208090318020, -14.09210516711750394 ) ) ;
#3786 = VERTEX_POINT ( 'NONE', #2273 ) ;
#3787 = CARTESIAN_POINT ( 'NONE',  ( 4.626576806496449201, -0.6272736646565664209, -6.416495568773608049 ) ) ;
#3788 = AXIS2_PLACEMENT_3D ( 'NONE', #4603, #4214, #1696 ) ;
#3789 = EDGE_CURVE ( 'NONE', #5541, #1030, #4265, .T. ) ;
#3790 = CARTESIAN_POINT ( 'NONE',  ( 3.054607004622283295, 11.03414890835618500, 13.77815684699473486 ) ) ;
#3791 = FILL_AREA_STYLE ('',( #1833 ) ) ;
#3792 = ORIENTED_EDGE ( 'NONE', *, *, #2518, .T. ) ;
#3793 = DIRECTION ( 'NONE',  ( -4.336808689942038444E-16, 1.000000000000000000, 0.000000000000000000 ) ) ;
#3794 = CARTESIAN_POINT ( 'NONE',  ( -1.277389033788445927, 10.44276558418074075, -14.09210516711750394 ) ) ;
#3795 = FACE_OUTER_BOUND ( 'NONE', #5285, .T. ) ;
#3796 = CARTESIAN_POINT ( 'NONE',  ( -1.415112597468467527E-07, 27.61309627691307966, 14.09210535916249896 ) ) ;
#3797 = CARTESIAN_POINT ( 'NONE',  ( -2.486842246771261866, 19.32362259271307536, 7.472030699770618511 ) ) ;
#3798 = STYLED_ITEM ( 'NONE', ( #3520 ), #3184 ) ;
#3799 = EDGE_CURVE ( 'NONE', #3356, #2174, #3189, .T. ) ;
#3800 = CARTESIAN_POINT ( 'NONE',  ( -6.242316037050729349, 8.716593194167529646, 14.09210535916249896 ) ) ;
#3801 = CARTESIAN_POINT ( 'NONE',  ( -12.48172179322543585, 20.11016949152541144, -4.973684208000002549 ) ) ;
#3802 = CARTESIAN_POINT ( 'NONE',  ( 4.973684208000001661, 6.091006445296940059E-16, -4.973684208000000773 ) ) ;
#3803 = CYLINDRICAL_SURFACE ( 'NONE', #1500, 4.973684208000001661 ) ;
#3804 = DIRECTION ( 'NONE',  ( -1.000000000000000000, 0.000000000000000000, 0.000000000000000000 ) ) ;
#3805 =( LENGTH_UNIT ( ) NAMED_UNIT ( * ) SI_UNIT ( .MILLI., .METRE. ) );
#3806 =( LENGTH_UNIT ( ) NAMED_UNIT ( * ) SI_UNIT ( .MILLI., .METRE. ) );
#3807 = COLOUR_RGB ( '',0.5372549019607842924, 0.3490196078431372362, 0.3372549019607843368 ) ;
#3808 = CARTESIAN_POINT ( 'NONE',  ( -18.23684224675127652, -32.90006161774692117, 3.073819205801665344 ) ) ;
#3809 = UNCERTAINTY_MEASURE_WITH_UNIT (LENGTH_MEASURE( 1.000000000000000082E-05 ), #5803, 'distance_accuracy_value', 'NONE');
#3810 = ORIENTED_EDGE ( 'NONE', *, *, #3149, .T. ) ;
#3811 = EDGE_CURVE ( 'NONE', #1093, #1460, #1167, .T. ) ;
#3812 = VERTEX_POINT ( 'NONE', #4993 ) ;
#3813 = CARTESIAN_POINT ( 'NONE',  ( -0.3265807185746592012, 21.79426531645181342, -14.08922086954501296 ) ) ;
#3814 = SURFACE_SIDE_STYLE ('',( #2847 ) ) ;
#3815 = CARTESIAN_POINT ( 'NONE',  ( 3.516925830957256416, -3.516925830957223109, 3.516925830957229326 ) ) ;
#3816 = UNCERTAINTY_MEASURE_WITH_UNIT (LENGTH_MEASURE( 1.000000000000000082E-05 ), #901, 'distance_accuracy_value', 'NONE');
#3817 = VECTOR ( 'NONE', #4447, 1000.000000000000000 ) ;
#3818 = FACE_OUTER_BOUND ( 'NONE', #4007, .T. ) ;
#3819 = LINE ( 'NONE', #5797, #5269 ) ;
#3820 = ORIENTED_EDGE ( 'NONE', *, *, #3395, .T. ) ;
#3821 = VECTOR ( 'NONE', #2007, 1000.000000000000000 ) ;
#3822 = COLOUR_RGB ( '',0.5372549019607842924, 0.3490196078431372362, 0.3372549019607843368 ) ;
#3823 = EDGE_LOOP ( 'NONE', ( #833, #998 ) ) ;
#3824 = CARTESIAN_POINT ( 'NONE',  ( 1.977481709871542259, 20.84027458157617829, 13.95296718223568533 ) ) ;
#3825 =( BOUNDED_CURVE ( )  B_SPLINE_CURVE ( 3, ( #1589, #1079, #5582, #2645 ),
 .UNSPECIFIED., .F., .F. ) 
 B_SPLINE_CURVE_WITH_KNOTS ( ( 4, 4 ),
 ( 2.356194490192346613, 3.141592653589790007 ),
 .UNSPECIFIED. ) 
 CURVE ( )  GEOMETRIC_REPRESENTATION_ITEM ( )  RATIONAL_B_SPLINE_CURVE ( ( 1.000000000000000000, 0.9492530216741918991, 0.9492530216741918991, 1.000000000000000000 ) ) 
 REPRESENTATION_ITEM ( '' )  );
#3826 = DIRECTION ( 'NONE',  ( 0.000000000000000000, 0.000000000000000000, 1.000000000000000000 ) ) ;
#3827 = DIRECTION ( 'NONE',  ( 0.000000000000000000, -0.2648642316819864173, 0.9642857142857147457 ) ) ;
#3828 = EDGE_LOOP ( 'NONE', ( #4707, #4268, #6408, #6191 ) ) ;
#3829 = SURFACE_STYLE_FILL_AREA ( #2353 ) ;
#3830 = ADVANCED_FACE ( 'NONE', ( #6407, #5485 ), #2855, .F. ) ;
#3831 = CARTESIAN_POINT ( 'NONE',  ( 0.6490758469345615511, 21.72979692678556063, 7.849839987830247168 ) ) ;
#3832 = CARTESIAN_POINT ( 'NONE',  ( 1.249965610887283862, 17.16771046158467939, 7.776356708597354839 ) ) ;
#3833 = CARTESIAN_POINT ( 'NONE',  ( -0.3280356129313018454, 21.79410948071798870, -7.869791802309664241 ) ) ;
#3834 = FILL_AREA_STYLE ('',( #459 ) ) ;
#3835 = DIRECTION ( 'NONE',  ( -2.461979162920722866E-16, -1.000000000000000000, 0.000000000000000000 ) ) ;
#3836 = CARTESIAN_POINT ( 'NONE',  ( 7.498272294852664110, 18.67672686730676901, -2.406796128206500018 ) ) ;
#3837 = EDGE_CURVE ( 'NONE', #3743, #5252, #211, .T. ) ;
#3838 = DIRECTION ( 'NONE',  ( -1.000000000000000000, -1.826024711554539830E-16, -0.000000000000000000 ) ) ;
#3839 = CARTESIAN_POINT ( 'NONE',  ( 1.336732849063823947, 4.973684208000001661, 4.973684208000001661 ) ) ;
#3840 = VERTEX_POINT ( 'NONE', #899 ) ;
#3841 = CARTESIAN_POINT ( 'NONE',  ( 0.8064746988982964826, 21.68167912456323876, -7.835055487346373582 ) ) ;
#3842 = CARTESIAN_POINT ( 'NONE',  ( -1.415112608308845214E-07, 21.81046469797307452, -14.09210516711750394 ) ) ;
#3843 = FILL_AREA_STYLE ('',( #5324 ) ) ;
#3844 = ORIENTED_EDGE ( 'NONE', *, *, #2152, .T. ) ;
#3845 = ADVANCED_FACE ( 'NONE', ( #2887 ), #5810, .T. ) ;
#3846 = CARTESIAN_POINT ( 'NONE',  ( 3.315789332168654902, -0.5711142493669205678, 14.09210535916249896 ) ) ;
#3847 = DIRECTION ( 'NONE',  ( -1.000000000000000000, 0.000000000000000000, 0.000000000000000000 ) ) ;
#3848 = FACE_OUTER_BOUND ( 'NONE', #1231, .T. ) ;
#3849 = FILL_AREA_STYLE_COLOUR ( '', #315 ) ;
#3850 = COLOUR_RGB ( '',0.7921568627450980005, 0.8196078431372548767, 0.9333333333333333481 ) ;
#3851 = ORIENTED_EDGE ( 'NONE', *, *, #3188, .T. ) ;
#3852 = CARTESIAN_POINT ( 'NONE',  ( 7.477532516344790992, 19.65183413387849498, 2.470478607174197538 ) ) ;
#3853 = VERTEX_POINT ( 'NONE', #3123 ) ;
#3854 = CARTESIAN_POINT ( 'NONE',  ( 28.18421038476875395, -16.73558793355691421, 9.602249723889598206E-08 ) ) ;
#3855 = CARTESIAN_POINT ( 'NONE',  ( 15.74999985846874750, -1.400061617786925172, 11.60526325390249980 ) ) ;
#3856 = AXIS2_PLACEMENT_3D ( 'NONE', #2759, #2245, #4692 ) ;
#3857 = MECHANICAL_DESIGN_GEOMETRIC_PRESENTATION_REPRESENTATION (  '', ( #6035 ), #2598 ) ;
#3858 = DIRECTION ( 'NONE',  ( -1.000000000000000000, -1.826024711554539830E-16, -0.000000000000000000 ) ) ;
#3859 = CARTESIAN_POINT ( 'NONE',  ( 18.23684196372877153, -35.38690372300692388, 14.09210535916249896 ) ) ;
#3860 = CARTESIAN_POINT ( 'NONE',  ( -7.513838326045404692, 18.51827618465655689, 2.358410629642114564 ) ) ;
#3861 = CIRCLE ( 'NONE', #2700, 2.486842105259998270 ) ;
#3862 = VERTEX_POINT ( 'NONE', #799 ) ;
#3863 = CARTESIAN_POINT ( 'NONE',  ( -18.23684224675127652, -32.90006161774692117, 14.09210535916249896 ) ) ;
#3864 = CARTESIAN_POINT ( 'NONE',  ( 2.406172690289676730, 19.97291162459826808, 7.498473545887740066 ) ) ;
#3865 = COLOUR_RGB ( '',0.5372549019607842924, 0.3490196078431372362, 0.3372549019607843368 ) ;
#3866 = FILL_AREA_STYLE ('',( #3932 ) ) ;
#3867 =( GEOMETRIC_REPRESENTATION_CONTEXT ( 3 ) GLOBAL_UNCERTAINTY_ASSIGNED_CONTEXT ( ( #2696 ) ) GLOBAL_UNIT_ASSIGNED_CONTEXT ( ( #6256, #1745, #4224 ) ) REPRESENTATION_CONTEXT ( 'NONE', 'WORKASPACE' ) );
#3868 = DIRECTION ( 'NONE',  ( 0.000000000000000000, 7.673168391102921712E-15, -1.000000000000000000 ) ) ;
#3869 = FACE_OUTER_BOUND ( 'NONE', #3654, .T. ) ;
#3870 = CARTESIAN_POINT ( 'NONE',  ( -1.517121316035711542, 17.34647196130497093, 14.01086002482875159 ) ) ;
#3871 = EDGE_LOOP ( 'NONE', ( #240, #6124, #1671, #3844, #6184, #6008 ) ) ;
#3872 = CARTESIAN_POINT ( 'NONE',  ( -15.75000014149118321, 11.03414890851307462, 14.09210535916249896 ) ) ;
#3873 = PRODUCT_DEFINITION_SHAPE ( 'NONE', 'NONE',  #3305 ) ;
#3874 =( BOUNDED_CURVE ( )  B_SPLINE_CURVE ( 3, ( #4637, #5335, #605, #5609 ),
 .UNSPECIFIED., .F., .T. ) 
 B_SPLINE_CURVE_WITH_KNOTS ( ( 4, 4 ),
 ( 5.497787143782137065, 6.283185307179586232 ),
 .UNSPECIFIED. ) 
 CURVE ( )  GEOMETRIC_REPRESENTATION_ITEM ( )  RATIONAL_B_SPLINE_CURVE ( ( 1.000000000000000000, 0.9492530216741910110, 0.9492530216741910110, 1.000000000000000000 ) ) 
 REPRESENTATION_ITEM ( '' )  );
#3875 = EDGE_CURVE ( 'NONE', #6386, #5541, #3874, .T. ) ;
#3876 = ORIENTED_EDGE ( 'NONE', *, *, #2347, .F. ) ;
#3877 = FILL_AREA_STYLE ('',( #5386 ) ) ;
#3878 = SURFACE_STYLE_USAGE ( .BOTH. , #1892 ) ;
#3879 = UNCERTAINTY_MEASURE_WITH_UNIT (LENGTH_MEASURE( 1.000000000000000082E-05 ), #2084, 'distance_accuracy_value', 'NONE');
#3880 =( LENGTH_UNIT ( ) NAMED_UNIT ( * ) SI_UNIT ( .MILLI., .METRE. ) );
#3881 = SURFACE_STYLE_FILL_AREA ( #5795 ) ;
#3882 = PRODUCT_CONTEXT ( 'NONE', #4972, 'mechanical' ) ;
#3883 = VERTEX_POINT ( 'NONE', #1627 ) ;
#3884 = STYLED_ITEM ( 'NONE', ( #4145 ), #4863 ) ;
#3885 = CARTESIAN_POINT ( 'NONE',  ( 7.728371318389316791, 21.29948053244498851, 1.518725670484665891 ) ) ;
#3886 =( GEOMETRIC_REPRESENTATION_CONTEXT ( 3 ) GLOBAL_UNCERTAINTY_ASSIGNED_CONTEXT ( ( #1129 ) ) GLOBAL_UNIT_ASSIGNED_CONTEXT ( ( #5504, #5022, #5684 ) ) REPRESENTATION_CONTEXT ( 'NONE', 'WORKASPACE' ) );
#3887 = ORIENTED_EDGE ( 'NONE', *, *, #2123, .F. ) ;
#3888 = CARTESIAN_POINT ( 'NONE',  ( 6.424342101999999777, 10.56907894200000086, 6.217105260000000300 ) ) ;
#3889 = CARTESIAN_POINT ( 'NONE',  ( 4.973684208000001661, 1.336732849063832385, 4.973684208000004325 ) ) ;
#3890 = MECHANICAL_DESIGN_GEOMETRIC_PRESENTATION_REPRESENTATION (  '', ( #2528 ), #217 ) ;
#3891 = CARTESIAN_POINT ( 'NONE',  ( 18.23684196372875022, -21.70927214407691963, -11.60526306185750478 ) ) ;
#3892 = MECHANICAL_DESIGN_GEOMETRIC_PRESENTATION_REPRESENTATION (  '', ( #5865 ), #5997 ) ;
#3893 = CIRCLE ( 'NONE', #5553, 10.36184210525000182 ) ;
#3894 = EDGE_CURVE ( 'NONE', #3461, #57, #3337, .T. ) ;
#3895 = DIRECTION ( 'NONE',  ( -7.011174048739597444E-15, -1.000000000000000000, 0.000000000000000000 ) ) ;
#3896 = DIRECTION ( 'NONE',  ( 1.000000000000000000, 1.826024711554539830E-16, -0.000000000000000000 ) ) ;
#3897 = LINE ( 'NONE', #3087, #319 ) ;
#3898 = ORIENTED_EDGE ( 'NONE', *, *, #6271, .T. ) ;
#3899 = MECHANICAL_DESIGN_GEOMETRIC_PRESENTATION_REPRESENTATION (  '', ( #2732 ), #6181 ) ;
#3900 =( LENGTH_UNIT ( ) NAMED_UNIT ( * ) SI_UNIT ( .MILLI., .METRE. ) );
#3901 = CARTESIAN_POINT ( 'NONE',  ( -6.437368924894041555, -0.9675408885554955818, 4.551203064616549554 ) ) ;
#3902 = CARTESIAN_POINT ( 'NONE',  ( 28.18421038476874685, -1.400061617787011992, -11.60526306185750478 ) ) ;
#3903 = SURFACE_SIDE_STYLE ('',( #4835 ) ) ;
#3904 = SURFACE_STYLE_USAGE ( .BOTH. , #4836 ) ;
#3905 = CARTESIAN_POINT ( 'NONE',  ( 0.3194037715905579389, 10.88629363569093300, 14.09210535916249540 ) ) ;
#3906 =( NAMED_UNIT ( * ) PLANE_ANGLE_UNIT ( ) SI_UNIT ( $, .RADIAN. ) );
#3907 = LINE ( 'NONE', #2875, #3384 ) ;
#3908 = DIRECTION ( 'NONE',  ( 0.000000000000000000, -1.000000000000000000, 0.000000000000000000 ) ) ;
#3909 =( NAMED_UNIT ( * ) PLANE_ANGLE_UNIT ( ) SI_UNIT ( $, .RADIAN. ) );
#3910 = CARTESIAN_POINT ( 'NONE',  ( 0.000000000000000000, 0.000000000000000000, 6.217105260000000300 ) ) ;
#3911 = ORIENTED_EDGE ( 'NONE', *, *, #2119, .T. ) ;
#3912 = CARTESIAN_POINT ( 'NONE',  ( 2.407446960374333145, 18.67948333623807144, 13.88497980932963749 ) ) ;
#3913 = EDGE_CURVE ( 'NONE', #3042, #5573, #2236, .T. ) ;
#3914 = FILL_AREA_STYLE_COLOUR ( '', #3778 ) ;
#3915 = SURFACE_SIDE_STYLE ('',( #352 ) ) ;
#3916 = AXIS2_PLACEMENT_3D ( 'NONE', #1255, #3769, #6254 ) ;
#3917 = AXIS2_PLACEMENT_3D ( 'NONE', #2530, #1979, #1511 ) ;
#3918 = FILL_AREA_STYLE ('',( #384 ) ) ;
#3919 = EDGE_LOOP ( 'NONE', ( #1695, #366, #3201, #4257 ) ) ;
#3920 = EDGE_LOOP ( 'NONE', ( #5689, #2066, #5212, #694 ) ) ;
#3921 = CIRCLE ( 'NONE', #1610, 4.973684208000001661 ) ;
#3922 = AXIS2_PLACEMENT_3D ( 'NONE', #3267, #431, #2375 ) ;
#3923 = EDGE_CURVE ( 'NONE', #2444, #6340, #4328, .T. ) ;
#3924 = TOROIDAL_SURFACE ( 'NONE', #5905, 11.60526315788000140, 2.486842105260000491 ) ;
#3925 = COLOUR_RGB ( '',0.5372549019607842924, 0.3490196078431372362, 0.3372549019607843368 ) ;
#3926 = LINE ( 'NONE', #5404, #400 ) ;
#3927 = CARTESIAN_POINT ( 'NONE',  ( -7.798569277147469947, 21.55745179177397830, 1.104883716377244474 ) ) ;
#3928 = CARTESIAN_POINT ( 'NONE',  ( -7.994079061797904728, 11.03414890851307462, -11.60526306185750300 ) ) ;
#3929 = ORIENTED_EDGE ( 'NONE', *, *, #35, .T. ) ;
#3930 = EDGE_CURVE ( 'NONE', #990, #475, #5770, .T. ) ;
#3931 = CARTESIAN_POINT ( 'NONE',  ( 2.486841963748738671, 19.32362259271307536, 7.472030699770619400 ) ) ;
#3932 = FILL_AREA_STYLE_COLOUR ( '', #96 ) ;
#3933 = CARTESIAN_POINT ( 'NONE',  ( 6.091006445296940059E-16, -4.973684208000001661, -4.973684208000001661 ) ) ;
#3934 = CARTESIAN_POINT ( 'NONE',  ( 14.08922223138094409, 16.85297203512409681, 0.3265016079837816387 ) ) ;
#3935 = SURFACE_STYLE_USAGE ( .BOTH. , #881 ) ;
#3936 = CYLINDRICAL_SURFACE ( 'NONE', #5053, 2.486842105260001823 ) ;
#3937 = CARTESIAN_POINT ( 'NONE',  ( -1.988103332286621061, 17.79499438574848469, 13.95306781754056225 ) ) ;
#3938 = CARTESIAN_POINT ( 'NONE',  ( 2.171573033475128867, 20.57815554077016174, -7.570789331785385379 ) ) ;
#3939 =( NAMED_UNIT ( * ) SI_UNIT ( $, .STERADIAN. ) SOLID_ANGLE_UNIT ( ) );
#3940 = SURFACE_STYLE_USAGE ( .BOTH. , #2400 ) ;
#3941 = CARTESIAN_POINT ( 'NONE',  ( -10.56907894200000086, -3.690174189475293707E-14, 0.000000000000000000 ) ) ;
#3942 = ORIENTED_EDGE ( 'NONE', *, *, #3875, .T. ) ;
#3943 = CARTESIAN_POINT ( 'NONE',  ( -12.48172179322543585, 20.11016949152541144, -4.973684208000002549 ) ) ;
#3944 = UNCERTAINTY_MEASURE_WITH_UNIT (LENGTH_MEASURE( 1.000000000000000082E-05 ), #3392, 'distance_accuracy_value', 'NONE');
#3945 = DIRECTION ( 'NONE',  ( -6.975607628275384002E-16, 1.000000000000000000, 0.000000000000000000 ) ) ;
#3946 = DIRECTION ( 'NONE',  ( -1.826024711554539830E-16, 1.000000000000000000, 0.000000000000000000 ) ) ;
#3947 = ORIENTED_EDGE ( 'NONE', *, *, #6066, .F. ) ;
#3948 = DIRECTION ( 'NONE',  ( -1.000000000000000000, -1.789794062518025815E-16, 0.000000000000000000 ) ) ;
#3949 =( NAMED_UNIT ( * ) PLANE_ANGLE_UNIT ( ) SI_UNIT ( $, .RADIAN. ) );
#3950 = PRESENTATION_STYLE_ASSIGNMENT (( #2478 ) ) ;
#3951 = EDGE_CURVE ( 'NONE', #3260, #6260, #765, .T. ) ;
#3952 = ORIENTED_EDGE ( 'NONE', *, *, #1474, .F. ) ;
#3953 = ORIENTED_EDGE ( 'NONE', *, *, #5521, .F. ) ;
#3954 = MECHANICAL_DESIGN_GEOMETRIC_PRESENTATION_REPRESENTATION (  '', ( #4571 ), #6361 ) ;
#3955 = STYLED_ITEM ( 'NONE', ( #4854 ), #3673 ) ;
#3956 = FILL_AREA_STYLE ('',( #3000 ) ) ;
#3957 = CARTESIAN_POINT ( 'NONE',  ( -7.322847116797127853, -1.233356099860383415, -2.920556503205504750 ) ) ;
#3958 = CARTESIAN_POINT ( 'NONE',  ( 15.74999985846875461, -32.90006161774692117, -3.073819013756649898 ) ) ;
#3959 =( GEOMETRIC_REPRESENTATION_CONTEXT ( 3 ) GLOBAL_UNCERTAINTY_ASSIGNED_CONTEXT ( ( #5896 ) ) GLOBAL_UNIT_ASSIGNED_CONTEXT ( ( #6237, #3114, #5632 ) ) REPRESENTATION_CONTEXT ( 'NONE', 'WORKASPACE' ) );
#3960 = DIRECTION ( 'NONE',  ( -0.000000000000000000, -0.000000000000000000, -1.000000000000000000 ) ) ;
#3961 = PLANE ( 'NONE',  #4212 ) ;
#3962 = EDGE_CURVE ( 'NONE', #6055, #4061, #1821, .T. ) ;
#3963 = AXIS2_PLACEMENT_3D ( 'NONE', #3891, #5880, #6231 ) ;
#3964 = CARTESIAN_POINT ( 'NONE',  ( -1.104079480898286114, 17.08941053091308504, -7.798679591785344201 ) ) ;
#3965 = FILL_AREA_STYLE_COLOUR ( '', #3052 ) ;
#3966 = CARTESIAN_POINT ( 'NONE',  ( -25.69736856253127044, -1.400061617787013768, -11.60526306185750478 ) ) ;
#3967 =( LENGTH_UNIT ( ) NAMED_UNIT ( * ) SI_UNIT ( .MILLI., .METRE. ) );
#3968 = DIRECTION ( 'NONE',  ( 1.000000000000000000, 6.938893903907229955E-15, 0.000000000000000000 ) ) ;
#3969 = CARTESIAN_POINT ( 'NONE',  ( -7.875000141501262263, 21.81046469797307807, 9.602249693439226973E-08 ) ) ;
#3970 = ORIENTED_EDGE ( 'NONE', *, *, #203, .T. ) ;
#3971 = AXIS2_PLACEMENT_3D ( 'NONE', #1876, #939, #4444 ) ;
#3972 = CARTESIAN_POINT ( 'NONE',  ( -7.875000141501262263, 16.83678048745307265, 9.602249587353816339E-08 ) ) ;
#3973 = CARTESIAN_POINT ( 'NONE',  ( -25.69736856253126689, -32.90006161774692117, -3.073819013756672991 ) ) ;
#3974 = CARTESIAN_POINT ( 'NONE',  ( -1.415112614726319400E-07, 27.61309627691307966, 9.602249662979534408E-08 ) ) ;
#3975 = ORIENTED_EDGE ( 'NONE', *, *, #3411, .F. ) ;
#3976 = CARTESIAN_POINT ( 'NONE',  ( 7.798338530667073165, 17.09059119240686186, 1.106566325902222259 ) ) ;
#3977 = ORIENTED_EDGE ( 'NONE', *, *, #4996, .F. ) ;
#3978 = DIRECTION ( 'NONE',  ( -1.836970198721030674E-16, 1.000000000000000000, 0.000000000000000000 ) ) ;
#3979 = COLOUR_RGB ( '',0.5372549019607842924, 0.3490196078431372362, 0.3372549019607843368 ) ;
#3980 = DIRECTION ( 'NONE',  ( 0.000000000000000000, 0.000000000000000000, 1.000000000000000000 ) ) ;
#3981 = VECTOR ( 'NONE', #2996, 1000.000000000000000 ) ;
#3982 = ORIENTED_EDGE ( 'NONE', *, *, #2997, .T. ) ;
#3983 = ORIENTED_EDGE ( 'NONE', *, *, #4702, .T. ) ;
#3984 = CARTESIAN_POINT ( 'NONE',  ( 18.23684196372875022, -21.70927214407692318, 9.602249662979534408E-08 ) ) ;
#3985 = PRESENTATION_LAYER_ASSIGNMENT (  '', '', ( #1279 ) ) ;
#3986 = STYLED_ITEM ( 'NONE', ( #555 ), #2468 ) ;
#3987 = ADVANCED_FACE ( 'NONE', ( #3521 ), #913, .F. ) ;
#3988 = CARTESIAN_POINT ( 'NONE',  ( 13.88506292032010769, 18.67733413158847355, 2.406970991356453649 ) ) ;
#3989 = COLOUR_RGB ( '',0.5372549019607842924, 0.3490196078431372362, 0.3372549019607843368 ) ;
#3990 = AXIS2_PLACEMENT_3D ( 'NONE', #520, #3071, #6051 ) ;
#3991 = CARTESIAN_POINT ( 'NONE',  ( -1.415112614725853267E-07, 16.83678048745307265, -7.874999903967504267 ) ) ;
#3992 = AXIS2_PLACEMENT_3D ( 'NONE', #1360, #5393, #1927 ) ;
#3993 = CARTESIAN_POINT ( 'NONE',  ( -2.566634745317481148, 9.880528763466806197, -14.09210516711750394 ) ) ;
#3994 = ADVANCED_FACE ( 'NONE', ( #5857 ), #1950, .F. ) ;
#3995 = DIRECTION ( 'NONE',  ( -1.000000000000000000, -1.826024711554539830E-16, -0.000000000000000000 ) ) ;
#3996 = PRODUCT_DEFINITION_CONTEXT ( 'detailed design', #5624, 'design' ) ;
#3997 = VECTOR ( 'NONE', #2254, 1000.000000000000000 ) ;
#3998 = DIRECTION ( 'NONE',  ( 0.000000000000000000, -0.2648642316819863063, 0.9642857142857146346 ) ) ;
#3999 = CARTESIAN_POINT ( 'NONE',  ( -1.415112614726319400E-07, 11.03414890851307462, -14.09210516711750394 ) ) ;
#4000 = PRESENTATION_LAYER_ASSIGNMENT (  '', '', ( #3375 ) ) ;
#4001 = VERTEX_POINT ( 'NONE', #136 ) ;
#4002 = EDGE_LOOP ( 'NONE', ( #1517, #4255, #731, #4958, #4297 ) ) ;
#4003 = UNCERTAINTY_MEASURE_WITH_UNIT (LENGTH_MEASURE( 1.000000000000000082E-05 ), #6038, 'distance_accuracy_value', 'NONE');
#4004 = CARTESIAN_POINT ( 'NONE',  ( 0.6388006769011377317, 10.73844208090635810, 14.09210535916249896 ) ) ;
#4005 = AXIS2_PLACEMENT_3D ( 'NONE', #3966, #1475, #3478 ) ;
#4006 = ORIENTED_EDGE ( 'NONE', *, *, #5725, .T. ) ;
#4007 = EDGE_LOOP ( 'NONE', ( #4614, #5683, #3663, #289, #5960, #5160, #4133 ) ) ;
#4008 =( NAMED_UNIT ( * ) PLANE_ANGLE_UNIT ( ) SI_UNIT ( $, .RADIAN. ) );
#4009 = VECTOR ( 'NONE', #298, 1000.000000000000000 ) ;
#4010 = CARTESIAN_POINT ( 'NONE',  ( -10.56907894199998488, -4.973684208000038964, 0.000000000000000000 ) ) ;
#4011 = MECHANICAL_DESIGN_GEOMETRIC_PRESENTATION_REPRESENTATION (  '', ( #3167 ), #2967 ) ;
#4012 = ORIENTED_EDGE ( 'NONE', *, *, #2311, .F. ) ;
#4013 = DIRECTION ( 'NONE',  ( -1.000000000000000000, -1.836970198721030674E-16, -0.000000000000000000 ) ) ;
#4014 = UNCERTAINTY_MEASURE_WITH_UNIT (LENGTH_MEASURE( 1.000000000000000082E-05 ), #4311, 'distance_accuracy_value', 'NONE');
#4015 = COLOUR_RGB ( '',0.5372549019607842924, 0.3490196078431372362, 0.3372549019607843368 ) ;
#4016 = DIRECTION ( 'NONE',  ( 0.000000000000000000, 0.000000000000000000, 1.000000000000000000 ) ) ;
#4017 = STYLED_ITEM ( 'NONE', ( #2531 ), #4458 ) ;
#4018 = VECTOR ( 'NONE', #2776, 1000.000000000000000 ) ;
#4019 =( LENGTH_UNIT ( ) NAMED_UNIT ( * ) SI_UNIT ( .MILLI., .METRE. ) );
#4020 = DIRECTION ( 'NONE',  ( 0.000000000000000000, 0.000000000000000000, -1.000000000000000000 ) ) ;
#4021 = FACE_OUTER_BOUND ( 'NONE', #1553, .T. ) ;
#4022 = COLOUR_RGB ( '',0.5372549019607842924, 0.3490196078431372362, 0.3372549019607843368 ) ;
#4023 = EDGE_CURVE ( 'NONE', #3571, #5366, #1668, .T. ) ;
#4024 = DIRECTION ( 'NONE',  ( 0.000000000000000000, 0.9642857142857141906, -0.2648642316819881937 ) ) ;
#4025 = AXIS2_PLACEMENT_3D ( 'NONE', #3237, #748, #2747 ) ;
#4026 = SPHERICAL_SURFACE ( 'NONE', #2013, 2.486842105260000491 ) ;
#4027 = CARTESIAN_POINT ( 'NONE',  ( 13.95282657071987131, 17.80821821808596539, -1.978479914177204035 ) ) ;
#4028 =( BOUNDED_CURVE ( )  B_SPLINE_CURVE ( 3, ( #1323, #5789, #2720, #5655 ),
 .UNSPECIFIED., .F., .F. ) 
 B_SPLINE_CURVE_WITH_KNOTS ( ( 4, 4 ),
 ( 5.497787143782133512, 6.283185307179586232 ),
 .UNSPECIFIED. ) 
 CURVE ( )  GEOMETRIC_REPRESENTATION_ITEM ( )  RATIONAL_B_SPLINE_CURVE ( ( 1.000000000000000000, 0.9492530216741906779, 0.9492530216741906779, 1.000000000000000000 ) ) 
 REPRESENTATION_ITEM ( '' )  );
#4029 = SURFACE_SIDE_STYLE ('',( #2589 ) ) ;
#4030 = FILL_AREA_STYLE ('',( #2047 ) ) ;
#4031 = CARTESIAN_POINT ( 'NONE',  ( -14.08920530212423472, 21.79417771509691804, -0.3275152346725430652 ) ) ;
#4032 = ORIENTED_EDGE ( 'NONE', *, *, #2719, .T. ) ;
#4033 = ADVANCED_FACE ( 'NONE', ( #641, #553 ), #5533, .T. ) ;
#4034 =( LENGTH_UNIT ( ) NAMED_UNIT ( * ) SI_UNIT ( .MILLI., .METRE. ) );
#4035 = SURFACE_STYLE_USAGE ( .BOTH. , #3078 ) ;
#4036 = CARTESIAN_POINT ( 'NONE',  ( -4.462138693165085712, -2.571712968749408912, 4.462138693165093706 ) ) ;
#4037 = DIRECTION ( 'NONE',  ( 2.461979162920722866E-16, -1.000000000000000000, 0.000000000000000000 ) ) ;
#4038 = ORIENTED_EDGE ( 'NONE', *, *, #4101, .F. ) ;
#4039 = DIRECTION ( 'NONE',  ( 1.000000000000000000, 0.000000000000000000, 0.000000000000000000 ) ) ;
#4040 = FILL_AREA_STYLE ('',( #2576 ) ) ;
#4041 = ORIENTED_EDGE ( 'NONE', *, *, #5259, .T. ) ;
#4042 = ADVANCED_FACE ( 'NONE', ( #4642 ), #1050, .F. ) ;
#4043 = ORIENTED_EDGE ( 'NONE', *, *, #6002, .T. ) ;
#4044 = CARTESIAN_POINT ( 'NONE',  ( -39.00803756922543641, 20.11016949152541144, 1.861560328787486385E-17 ) ) ;
#4045 = CYLINDRICAL_SURFACE ( 'NONE', #2184, 14.09210526314000411 ) ;
#4046 =( LENGTH_UNIT ( ) NAMED_UNIT ( * ) SI_UNIT ( .MILLI., .METRE. ) );
#4047 = ORIENTED_EDGE ( 'NONE', *, *, #1996, .F. ) ;
#4048 = DIRECTION ( 'NONE',  ( -2.989546126403735719E-16, 1.000000000000000000, 0.000000000000000000 ) ) ;
#4049 = FACE_OUTER_BOUND ( 'NONE', #447, .T. ) ;
#4050 = CARTESIAN_POINT ( 'NONE',  ( 13.96741081982139754, 20.96639538866331520, 1.874157809052830137 ) ) ;
#4051 = CIRCLE ( 'NONE', #6034, 2.486842105260001823 ) ;
#4052 = CARTESIAN_POINT ( 'NONE',  ( -2.155673613068361139, 18.07322443068634499, -7.574784638525486891 ) ) ;
#4053 = CARTESIAN_POINT ( 'NONE',  ( 18.23684196372874666, -13.00532477566700074, -11.60526306185750478 ) ) ;
#4054 = FILL_AREA_STYLE_COLOUR ( '', #3493 ) ;
#4055 = AXIS2_PLACEMENT_3D ( 'NONE', #327, #2317, #5340 ) ;
#4056 = FACE_OUTER_BOUND ( 'NONE', #12, .T. ) ;
#4057 = PRESENTATION_STYLE_ASSIGNMENT (( #72 ) ) ;
#4058 = AXIS2_PLACEMENT_3D ( 'NONE', #3389, #6300, #895 ) ;
#4059 = DIRECTION ( 'NONE',  ( 1.000000000000000000, 0.000000000000000000, 0.000000000000000000 ) ) ;
#4060 = CARTESIAN_POINT ( 'NONE',  ( -6.424342101999999777, 10.56907894200000086, 6.217105260000000300 ) ) ;
#4061 = VERTEX_POINT ( 'NONE', #6344 ) ;
#4062 = PRESENTATION_LAYER_ASSIGNMENT (  '', '', ( #1034 ) ) ;
#4063 =( NAMED_UNIT ( * ) SI_UNIT ( $, .STERADIAN. ) SOLID_ANGLE_UNIT ( ) );
#4064 = CARTESIAN_POINT ( 'NONE',  ( 18.23684196372877153, -35.38690372300692388, 3.073819205801632037 ) ) ;
#4065 = SURFACE_SIDE_STYLE ('',( #2538 ) ) ;
#4066 = UNCERTAINTY_MEASURE_WITH_UNIT (LENGTH_MEASURE( 1.000000000000000082E-05 ), #2177, 'distance_accuracy_value', 'NONE');
#4067 = ORIENTED_EDGE ( 'NONE', *, *, #3195, .T. ) ;
#4068 = UNCERTAINTY_MEASURE_WITH_UNIT (LENGTH_MEASURE( 1.000000000000000082E-05 ), #2033, 'distance_accuracy_value', 'NONE');
#4069 = EDGE_CURVE ( 'NONE', #5574, #5538, #1611, .T. ) ;
#4070 = AXIS2_PLACEMENT_3D ( 'NONE', #560, #3104, #78 ) ;
#4071 = SURFACE_SIDE_STYLE ('',( #1025 ) ) ;
#4072 = PRESENTATION_LAYER_ASSIGNMENT (  '', '', ( #3955 ) ) ;
#4073 = CYLINDRICAL_SURFACE ( 'NONE', #23, 5.802631576000000457 ) ;
#4074 = ORIENTED_EDGE ( 'NONE', *, *, #5858, .F. ) ;
#4075 = STYLED_ITEM ( 'NONE', ( #2926 ), #709 ) ;
#4076 = ORIENTED_EDGE ( 'NONE', *, *, #6444, .F. ) ;
#4077 = CARTESIAN_POINT ( 'NONE',  ( -1.423472035679093750, 10.73677466620121024, 14.09210535916370510 ) ) ;
#4078 = B_SPLINE_CURVE_WITH_KNOTS ( 'NONE', 3,
 ( #1597, #977, #6456, #6081, #4087, #2615, #2586, #4550, #3993, #3518, #1473, #2978, #3477, #5499, #518, #1117 ),
 .UNSPECIFIED., .F., .F.,
 ( 4, 2, 2, 2, 2, 2, 2, 4 ),
 ( 0.000000000000000000, 0.001063061051456184927, 0.002126122102912369853, 0.004252244205824737971, 0.006378366308737104355, 0.007441427360193287113, 0.007972957885921378926, 0.008504488411649472474 ),
 .UNSPECIFIED. ) ;
#4079 = ORIENTED_EDGE ( 'NONE', *, *, #5647, .F. ) ;
#4080 = CARTESIAN_POINT ( 'NONE',  ( 6.216098618140589949, -0.9115734845327535529, 4.849016671795960853 ) ) ;
#4081 = EDGE_CURVE ( 'NONE', #2379, #2444, #5384, .T. ) ;
#4082 = SURFACE_STYLE_FILL_AREA ( #3544 ) ;
#4083 =( NAMED_UNIT ( * ) SI_UNIT ( $, .STERADIAN. ) SOLID_ANGLE_UNIT ( ) );
#4084 = AXIS2_PLACEMENT_3D ( 'NONE', #2202, #1645, #3774 ) ;
#4085 =( NAMED_UNIT ( * ) SI_UNIT ( $, .STERADIAN. ) SOLID_ANGLE_UNIT ( ) );
#4086 = COLOUR_RGB ( '',0.5372549019607842924, 0.3490196078431372362, 0.3372549019607843368 ) ;
#4087 = CARTESIAN_POINT ( 'NONE',  ( -6.242346400100565518, 8.716587642860744722, -14.09210516711750394 ) ) ;
#4088 = DIRECTION ( 'NONE',  ( 0.000000000000000000, 0.000000000000000000, 1.000000000000000000 ) ) ;
#4089 = CIRCLE ( 'NONE', #1375, 14.09210526314000234 ) ;
#4090 =( NAMED_UNIT ( * ) SI_UNIT ( $, .STERADIAN. ) SOLID_ANGLE_UNIT ( ) );
#4091 =( GEOMETRIC_REPRESENTATION_CONTEXT ( 3 ) GLOBAL_UNCERTAINTY_ASSIGNED_CONTEXT ( ( #4066 ) ) GLOBAL_UNIT_ASSIGNED_CONTEXT ( ( #2177, #2637, #3181 ) ) REPRESENTATION_CONTEXT ( 'NONE', 'WORKASPACE' ) );
#4092 = CARTESIAN_POINT ( 'NONE',  ( -14.07824632056553327, 16.91635389500504516, -0.6448059461815789373 ) ) ;
#4093 = PRESENTATION_STYLE_ASSIGNMENT (( #5827 ) ) ;
#4094 = ORIENTED_EDGE ( 'NONE', *, *, #2081, .F. ) ;
#4095 = AXIS2_PLACEMENT_3D ( 'NONE', #6387, #2768, #1371 ) ;
#4096 =( NAMED_UNIT ( * ) SI_UNIT ( $, .STERADIAN. ) SOLID_ANGLE_UNIT ( ) );
#4097 = DIRECTION ( 'NONE',  ( 1.000000000000000000, -7.709882115452522540E-16, -0.000000000000000000 ) ) ;
#4098 = CARTESIAN_POINT ( 'NONE',  ( -2.470884452186471680, 19.64920731700686218, -7.477398755547968179 ) ) ;
#4099 = EDGE_LOOP ( 'NONE', ( #5097, #2107, #4423, #3737, #5295, #6265, #1899, #6210 ) ) ;
#4100 = CARTESIAN_POINT ( 'NONE',  ( 0.000000000000000000, -10.56907894200000086, 4.973684208000001661 ) ) ;
#4101 = EDGE_CURVE ( 'NONE', #31, #3862, #2457, .T. ) ;
#4102 = ORIENTED_EDGE ( 'NONE', *, *, #1962, .T. ) ;
#4103 = DIRECTION ( 'NONE',  ( 4.336808689942038444E-16, -1.000000000000000000, 0.000000000000000000 ) ) ;
#4104 = CARTESIAN_POINT ( 'NONE',  ( -2.834933348835632749, 10.49027235075089770, 14.09210535916126616 ) ) ;
#4105 = PRESENTATION_LAYER_ASSIGNMENT (  '', '', ( #2646 ) ) ;
#4106 = CIRCLE ( 'NONE', #2231, 9.947368421040000186 ) ;
#4107 = SURFACE_SIDE_STYLE ('',( #2548 ) ) ;
#4108 = SURFACE_STYLE_USAGE ( .BOTH. , #5096 ) ;
#4109 = ADVANCED_FACE ( 'NONE', ( #6462 ), #3040, .F. ) ;
#4110 = VERTEX_POINT ( 'NONE', #707 ) ;
#4111 = AXIS2_PLACEMENT_3D ( 'NONE', #4060, #1568, #5535 ) ;
#4112 = CARTESIAN_POINT ( 'NONE',  ( 3.315789332168742831, 1.915727855893078146, 11.60526325390249980 ) ) ;
#4113 = DIRECTION ( 'NONE',  ( -1.000000000000000000, 0.000000000000000000, 0.000000000000000000 ) ) ;
#4114 =( NAMED_UNIT ( * ) SI_UNIT ( $, .STERADIAN. ) SOLID_ANGLE_UNIT ( ) );
#4115 = PRESENTATION_LAYER_ASSIGNMENT (  '', '', ( #1828 ) ) ;
#4116 =( GEOMETRIC_REPRESENTATION_CONTEXT ( 3 ) GLOBAL_UNCERTAINTY_ASSIGNED_CONTEXT ( ( #2520 ) ) GLOBAL_UNIT_ASSIGNED_CONTEXT ( ( #2101, #2877, #980 ) ) REPRESENTATION_CONTEXT ( 'NONE', 'WORKASPACE' ) );
#4117 = SURFACE_SIDE_STYLE ('',( #4082 ) ) ;
#4118 = SURFACE_SIDE_STYLE ('',( #2040 ) ) ;
#4119 = PLANE ( 'NONE',  #2351 ) ;
#4120 = CARTESIAN_POINT ( 'NONE',  ( 6.681736708014888393, 11.03414890829570538, -12.41171347679018133 ) ) ;
#4121 = EDGE_CURVE ( 'NONE', #710, #4566, #5066, .T. ) ;
#4122 = DIRECTION ( 'NONE',  ( -0.000000000000000000, -0.000000000000000000, -1.000000000000000000 ) ) ;
#4123 = PRESENTATION_LAYER_ASSIGNMENT (  '', '', ( #463 ) ) ;
#4124 = LINE ( 'NONE', #674, #1064 ) ;
#4125 = COLOUR_RGB ( '',0.5372549019607842924, 0.3490196078431372362, 0.3372549019607843368 ) ;
#4126 = CARTESIAN_POINT ( 'NONE',  ( 13.89326471539762053, 18.52221675804377554, -2.359789211934017583 ) ) ;
#4127 = DIRECTION ( 'NONE',  ( -1.000000000000000000, 0.000000000000000000, -0.000000000000000000 ) ) ;
#4128 = DIRECTION ( 'NONE',  ( -1.000000000000000000, 0.000000000000000000, 0.000000000000000000 ) ) ;
#4129 = CARTESIAN_POINT ( 'NONE',  ( 25.69736827950874769, -21.70927214407691963, -11.60526306185750478 ) ) ;
#4130 = DIRECTION ( 'NONE',  ( 2.650730898744645310E-14, 0.000000000000000000, -1.000000000000000000 ) ) ;
#4131 = MECHANICAL_DESIGN_GEOMETRIC_PRESENTATION_REPRESENTATION (  '', ( #4017 ), #1513 ) ;
#4132 = MECHANICAL_DESIGN_GEOMETRIC_PRESENTATION_REPRESENTATION (  '', ( #4966 ), #5645 ) ;
#4133 = ORIENTED_EDGE ( 'NONE', *, *, #2703, .T. ) ;
#4134 = CARTESIAN_POINT ( 'NONE',  ( -7.472004992870748374, 19.48583406536631557, -2.486919385545303562 ) ) ;
#4135 = FILL_AREA_STYLE_COLOUR ( '', #1356 ) ;
#4136 = CARTESIAN_POINT ( 'NONE',  ( -18.23684224675127652, -21.70927214407692674, -14.09210516711750394 ) ) ;
#4137 = CYLINDRICAL_SURFACE ( 'NONE', #984, 14.09210526314000411 ) ;
#4138 = CARTESIAN_POINT ( 'NONE',  ( -2.553372257129264522, 9.849551773195168280, 14.09210535916249896 ) ) ;
#4139 = ORIENTED_EDGE ( 'NONE', *, *, #3573, .F. ) ;
#4140 = FACE_OUTER_BOUND ( 'NONE', #5967, .T. ) ;
#4141 = CARTESIAN_POINT ( 'NONE',  ( -1.415112614762403798E-07, 11.03414890851307462, 14.09210535916249896 ) ) ;
#4142 = CARTESIAN_POINT ( 'NONE',  ( 10.56907894200003817, 3.690174189475305067E-14, 0.000000000000000000 ) ) ;
#4143 = ORIENTED_EDGE ( 'NONE', *, *, #4985, .T. ) ;
#4144 = VERTEX_POINT ( 'NONE', #1091 ) ;
#4145 = PRESENTATION_STYLE_ASSIGNMENT (( #3699 ) ) ;
#4146 = CARTESIAN_POINT ( 'NONE',  ( 28.18421038476875395, -21.70927214407691963, 9.602249662979534408E-08 ) ) ;
#4147 = EDGE_CURVE ( 'NONE', #2689, #4581, #5671, .T. ) ;
#4148 = CARTESIAN_POINT ( 'NONE',  ( -1.415112614726319400E-07, 19.32362259271307536, 14.09210535916249896 ) ) ;
#4149 = FILL_AREA_STYLE ('',( #67 ) ) ;
#4150 = DIRECTION ( 'NONE',  ( -1.000000000000000000, -0.000000000000000000, -0.000000000000000000 ) ) ;
#4151 =( LENGTH_UNIT ( ) NAMED_UNIT ( * ) SI_UNIT ( .MILLI., .METRE. ) );
#4152 =( NAMED_UNIT ( * ) SI_UNIT ( $, .STERADIAN. ) SOLID_ANGLE_UNIT ( ) );
#4153 = CARTESIAN_POINT ( 'NONE',  ( 0.000000000000000000, 0.000000000000000000, -6.217105260000000300 ) ) ;
#4154 = EDGE_CURVE ( 'NONE', #4566, #4959, #4746, .T. ) ;
#4155 = CIRCLE ( 'NONE', #5820, 14.09210526314000234 ) ;
#4156 = CARTESIAN_POINT ( 'NONE',  ( -2.486842246771261866, 19.32362259271307536, 14.09210535916249896 ) ) ;
#4157 = SURFACE_SIDE_STYLE ('',( #2684 ) ) ;
#4158 = ORIENTED_EDGE ( 'NONE', *, *, #6024, .T. ) ;
#4159 = CARTESIAN_POINT ( 'NONE',  ( 0.000000000000000000, 0.000000000000000000, 6.217105260000000300 ) ) ;
#4160 = AXIS2_PLACEMENT_3D ( 'NONE', #4174, #122, #2211 ) ;
#4161 = CARTESIAN_POINT ( 'NONE',  ( -1.102518838830347070, 21.55864606189553356, 14.04971884279370897 ) ) ;
#4162 = ORIENTED_EDGE ( 'NONE', *, *, #2561, .F. ) ;
#4163 = PRESENTATION_STYLE_ASSIGNMENT (( #82 ) ) ;
#4164 = AXIS2_PLACEMENT_3D ( 'NONE', #1501, #4541, #1042 ) ;
#4165 = DIRECTION ( 'NONE',  ( -1.836970198721030674E-16, 1.000000000000000000, 0.000000000000000000 ) ) ;
#4166 = ORIENTED_EDGE ( 'NONE', *, *, #3597, .T. ) ;
#4167 = FILL_AREA_STYLE_COLOUR ( '', #5235 ) ;
#4168 = CARTESIAN_POINT ( 'NONE',  ( -2.359311108120744738, 20.12628649910805834, -13.89334487052082778 ) ) ;
#4169 = CARTESIAN_POINT ( 'NONE',  ( -7.994079061797906505, 11.03414890851307639, 14.09210535916250073 ) ) ;
#4170 = COLOUR_RGB ( '',0.5372549019607842924, 0.3490196078431372362, 0.3372549019607843368 ) ;
#4171 = PRESENTATION_LAYER_ASSIGNMENT (  '', '', ( #4690 ) ) ;
#4172 = SURFACE_SIDE_STYLE ('',( #5236 ) ) ;
#4173 = CARTESIAN_POINT ( 'NONE',  ( -14.01079735822875705, 21.30034258057667174, 1.517739512158241322 ) ) ;
#4174 = CARTESIAN_POINT ( 'NONE',  ( 108.8290147198097344, 42.24228691552590220, 55.32221820454350336 ) ) ;
#4175 = ORIENTED_EDGE ( 'NONE', *, *, #1320, .F. ) ;
#4176 = FILL_AREA_STYLE ('',( #2647 ) ) ;
#4177 =( LENGTH_UNIT ( ) NAMED_UNIT ( * ) SI_UNIT ( .MILLI., .METRE. ) );
#4178 = CARTESIAN_POINT ( 'NONE',  ( 0.000000000000000000, 10.56907894200000086, 4.973684208000001661 ) ) ;
#4179 = ORIENTED_EDGE ( 'NONE', *, *, #4839, .T. ) ;
#4180 = EDGE_CURVE ( 'NONE', #5541, #1370, #5208, .T. ) ;
#4181 = CARTESIAN_POINT ( 'NONE',  ( -7.762362572335252509, 10.87453513941005490, -14.09210516711691241 ) ) ;
#4182 = SURFACE_SIDE_STYLE ('',( #3228 ) ) ;
#4183 = CARTESIAN_POINT ( 'NONE',  ( -2.571712968749380490, -4.462138693165096370, 4.462138693165096370 ) ) ;
#4184 = CARTESIAN_POINT ( 'NONE',  ( 1.976799875858632927, 17.80618516071803725, -7.623419048841926227 ) ) ;
#4185 = MECHANICAL_DESIGN_GEOMETRIC_PRESENTATION_REPRESENTATION (  '', ( #4498 ), #2309 ) ;
#4186 = VERTEX_POINT ( 'NONE', #5740 ) ;
#4187 = FILL_AREA_STYLE_COLOUR ( '', #3925 ) ;
#4188 = CARTESIAN_POINT ( 'NONE',  ( -7.869816725242003486, 21.79419145379113587, -0.3279706704429399822 ) ) ;
#4189 = EDGE_CURVE ( 'NONE', #1460, #960, #1307, .T. ) ;
#4190 = CARTESIAN_POINT ( 'NONE',  ( 18.23684196372875022, -21.70927214407692318, 9.602249662979534408E-08 ) ) ;
#4191 = PRESENTATION_LAYER_ASSIGNMENT (  '', '', ( #2528 ) ) ;
#4192 = DIRECTION ( 'NONE',  ( -0.000000000000000000, 1.000000000000000000, -0.000000000000000000 ) ) ;
#4193 = COLOUR_RGB ( '',0.5372549019607842924, 0.3490196078431372362, 0.3372549019607843368 ) ;
#4194 = ORIENTED_EDGE ( 'NONE', *, *, #509, .F. ) ;
#4195 =( LENGTH_UNIT ( ) NAMED_UNIT ( * ) SI_UNIT ( .MILLI., .METRE. ) );
#4196 = AXIS2_PLACEMENT_3D ( 'NONE', #4324, #651, #6327 ) ;
#4197 = DIRECTION ( 'NONE',  ( -0.000000000000000000, 1.000000000000000000, -0.000000000000000000 ) ) ;
#4198 = ORIENTED_EDGE ( 'NONE', *, *, #4231, .F. ) ;
#4199 = VECTOR ( 'NONE', #3606, 1000.000000000000000 ) ;
#4200 = CARTESIAN_POINT ( 'NONE',  ( -1.415112614726319400E-07, -0.5711142493669206788, -7.874999903967504267 ) ) ;
#4201 = EDGE_CURVE ( 'NONE', #6087, #376, #3069, .T. ) ;
#4202 = CARTESIAN_POINT ( 'NONE',  ( -1.530331248072420047, 17.33707287611492021, 7.728415400932404644 ) ) ;
#4203 = UNCERTAINTY_MEASURE_WITH_UNIT (LENGTH_MEASURE( 1.000000000000000082E-05 ), #1097, 'distance_accuracy_value', 'NONE');
#4204 =( LENGTH_UNIT ( ) NAMED_UNIT ( * ) SI_UNIT ( .MILLI., .METRE. ) );
#4205 = CARTESIAN_POINT ( 'NONE',  ( -13.87391730880799301, 19.65191591482533795, 2.470403621540433914 ) ) ;
#4206 = COLOUR_RGB ( '',0.8392156862745098200, 0.4666666666666666741, 0.3686274509803921795 ) ;
#4207 = EDGE_LOOP ( 'NONE', ( #1546, #3898, #5724, #2153, #3236, #231, #4468 ) ) ;
#4208 = DIRECTION ( 'NONE',  ( 1.000000000000000000, 1.119176436114069332E-16, -0.000000000000000000 ) ) ;
#4209 = FACE_OUTER_BOUND ( 'NONE', #2599, .T. ) ;
#4210 = VECTOR ( 'NONE', #3995, 1000.000000000000000 ) ;
#4211 = CARTESIAN_POINT ( 'NONE',  ( -25.69736856253126689, -13.00532477566692435, 14.09210535916249896 ) ) ;
#4212 = AXIS2_PLACEMENT_3D ( 'NONE', #941, #911, #2939 ) ;
#4213 = ORIENTED_EDGE ( 'NONE', *, *, #1154, .F. ) ;
#4214 = DIRECTION ( 'NONE',  ( 0.000000000000000000, 0.000000000000000000, 1.000000000000000000 ) ) ;
#4215 = CARTESIAN_POINT ( 'NONE',  ( 4.973684208000001661, 4.973684208000019424, 6.091006445296940059E-16 ) ) ;
#4216 =( LENGTH_UNIT ( ) NAMED_UNIT ( * ) SI_UNIT ( .MILLI., .METRE. ) );
#4217 = LINE ( 'NONE', #1667, #343 ) ;
#4218 = STYLED_ITEM ( 'NONE', ( #3460 ), #3830 ) ;
#4219 = CARTESIAN_POINT ( 'NONE',  ( -6.424342101999998889, -10.56907894200000086, 6.217105260000000300 ) ) ;
#4220 = VERTEX_POINT ( 'NONE', #4253 ) ;
#4221 = AXIS2_PLACEMENT_3D ( 'NONE', #5882, #4346, #1403 ) ;
#4222 =( GEOMETRIC_REPRESENTATION_CONTEXT ( 3 ) GLOBAL_UNCERTAINTY_ASSIGNED_CONTEXT ( ( #3490 ) ) GLOBAL_UNIT_ASSIGNED_CONTEXT ( ( #6147, #3669, #2564 ) ) REPRESENTATION_CONTEXT ( 'NONE', 'WORKASPACE' ) );
#4223 = CARTESIAN_POINT ( 'NONE',  ( -7.728371601411837766, 21.29948053244498141, -1.518725478439671539 ) ) ;
#4224 =( NAMED_UNIT ( * ) SI_UNIT ( $, .STERADIAN. ) SOLID_ANGLE_UNIT ( ) );
#4225 = DIRECTION ( 'NONE',  ( -1.000000000000000000, -1.826024711554539830E-16, -0.000000000000000000 ) ) ;
#4226 = ORIENTED_EDGE ( 'NONE', *, *, #3395, .F. ) ;
#4227 = AXIS2_PLACEMENT_3D ( 'NONE', #1902, #1519, #3826 ) ;
#4228 = COLOUR_RGB ( '',0.5372549019607842924, 0.3490196078431372362, 0.3372549019607843368 ) ;
#4229 = ADVANCED_FACE ( 'NONE', ( #6253 ), #1881, .T. ) ;
#4230 = CARTESIAN_POINT ( 'NONE',  ( -25.69736856253127044, -1.400061617786996448, -11.60526306185750478 ) ) ;
#4231 = EDGE_CURVE ( 'NONE', #3260, #2293, #6460, .T. ) ;
#4232 = PRESENTATION_LAYER_ASSIGNMENT (  '', '', ( #570 ) ) ;
#4233 = ORIENTED_EDGE ( 'NONE', *, *, #5516, .F. ) ;
#4234 = SURFACE_SIDE_STYLE ('',( #2784 ) ) ;
#4235 = SURFACE_SIDE_STYLE ('',( #5659 ) ) ;
#4236 =( NAMED_UNIT ( * ) SI_UNIT ( $, .STERADIAN. ) SOLID_ANGLE_UNIT ( ) );
#4237 = ADVANCED_FACE ( 'NONE', ( #752 ), #653, .F. ) ;
#4238 = DIRECTION ( 'NONE',  ( 0.000000000000000000, 0.000000000000000000, 1.000000000000000000 ) ) ;
#4239 = DIRECTION ( 'NONE',  ( -0.004881055045024268631, -0.4062993789004862855, -0.9137269778258310104 ) ) ;
#4240 = ORIENTED_EDGE ( 'NONE', *, *, #5623, .F. ) ;
#4241 = CARTESIAN_POINT ( 'NONE',  ( 3.548471542261886658, 10.39180273420312872, -14.09210516711690708 ) ) ;
#4242 = EDGE_LOOP ( 'NONE', ( #3744, #2592, #1777, #2622, #3953, #4074, #5626 ) ) ;
#4243 = CARTESIAN_POINT ( 'NONE',  ( 6.437368641871519692, -0.9675408885554915850, -4.551202872571560754 ) ) ;
#4244 = DIRECTION ( 'NONE',  ( 1.000000000000000000, 0.000000000000000000, 0.000000000000000000 ) ) ;
#4245 = FACE_OUTER_BOUND ( 'NONE', #6439, .T. ) ;
#4246 = DIRECTION ( 'NONE',  ( -1.000000000000000000, -1.826024711554539830E-16, -0.000000000000000000 ) ) ;
#4247 = EDGE_LOOP ( 'NONE', ( #2266, #4847, #540, #5270 ) ) ;
#4248 = DIRECTION ( 'NONE',  ( -1.000000000000000000, 0.000000000000000000, 0.000000000000000000 ) ) ;
#4249 = CARTESIAN_POINT ( 'NONE',  ( 6.424342101999999777, 10.56907894200000086, 6.217105260000000300 ) ) ;
#4250 = CARTESIAN_POINT ( 'NONE',  ( -5.634427114771736633, 10.31565122696604497, -14.09210516711808481 ) ) ;
#4251 = LINE ( 'NONE', #5777, #186 ) ;
#4252 = DIRECTION ( 'NONE',  ( -6.975607628275383805E-15, -1.000000000000000000, 0.000000000000000000 ) ) ;
#4253 = CARTESIAN_POINT ( 'NONE',  ( 28.18421038476873974, -32.90006161774690696, -3.073819013756702301 ) ) ;
#4254 = CARTESIAN_POINT ( 'NONE',  ( 28.18421038476875395, -35.29808793353335972, -3.732494537280738545 ) ) ;
#4255 = ORIENTED_EDGE ( 'NONE', *, *, #1522, .T. ) ;
#4256 = CARTESIAN_POINT ( 'NONE',  ( -0.8017870554703493413, 16.96395839407409767, -14.07008455496366928 ) ) ;
#4257 = ORIENTED_EDGE ( 'NONE', *, *, #3112, .F. ) ;
#4258 = CARTESIAN_POINT ( 'NONE',  ( -4.973684208000001661, 0.000000000000000000, 6.217105260000000300 ) ) ;
#4259 = CARTESIAN_POINT ( 'NONE',  ( -1.415112608308845214E-07, 21.81046469797307452, -14.09210516711750394 ) ) ;
#4260 = CARTESIAN_POINT ( 'NONE',  ( 28.18421038476874685, -1.400061617787011992, 14.09210535916249896 ) ) ;
#4261 = EDGE_CURVE ( 'NONE', #1134, #5093, #568, .T. ) ;
#4262 = LINE ( 'NONE', #6263, #4271 ) ;
#4263 = UNCERTAINTY_MEASURE_WITH_UNIT (LENGTH_MEASURE( 1.000000000000000082E-05 ), #634, 'distance_accuracy_value', 'NONE');
#4264 = AXIS2_PLACEMENT_3D ( 'NONE', #2150, #1132, #208 ) ;
#4265 = LINE ( 'NONE', #3779, #6317 ) ;
#4266 = CARTESIAN_POINT ( 'NONE',  ( -13.89340067856741534, 20.12745212675320516, 2.359000896105879264 ) ) ;
#4267 = PRODUCT_CONTEXT ( 'NONE', #2706, 'mechanical' ) ;
#4268 = ORIENTED_EDGE ( 'NONE', *, *, #3060, .F. ) ;
#4269 = STYLED_ITEM ( 'NONE', ( #109 ), #2950 ) ;
#4270 = ORIENTED_EDGE ( 'NONE', *, *, #3032, .F. ) ;
#4271 = VECTOR ( 'NONE', #3118, 1000.000000000000000 ) ;
#4272 = CARTESIAN_POINT ( 'NONE',  ( 7.452910915794786817, -1.279020639787017188, -2.570672494437711286 ) ) ;
#4273 = EDGE_CURVE ( 'NONE', #1457, #1211, #1198, .T. ) ;
#4274 = SHAPE_REPRESENTATION ( 'final', ( #4794, #5614, #2796, #4160, #4264, #5106, #3856, #5939, #2491, #1877 ), #3959 ) ;
#4275 = PRESENTATION_LAYER_ASSIGNMENT (  '', '', ( #102 ) ) ;
#4276 = MECHANICAL_DESIGN_GEOMETRIC_PRESENTATION_REPRESENTATION (  '', ( #5518 ), #809 ) ;
#4277 = CARTESIAN_POINT ( 'NONE',  ( 2.571712968749382267, 4.462138693165095482, -4.462138693165095482 ) ) ;
#4278 = ORIENTED_EDGE ( 'NONE', *, *, #3024, .T. ) ;
#4279 = PRESENTATION_LAYER_ASSIGNMENT (  '', '', ( #4075 ) ) ;
#4280 = EDGE_CURVE ( 'NONE', #2030, #2188, #155, .T. ) ;
#4281 =( NAMED_UNIT ( * ) SI_UNIT ( $, .STERADIAN. ) SOLID_ANGLE_UNIT ( ) );
#4282 = CARTESIAN_POINT ( 'NONE',  ( -1.550893036841885619, 11.03414890867070675, -14.02722199159925509 ) ) ;
#4283 =( NAMED_UNIT ( * ) SI_UNIT ( $, .STERADIAN. ) SOLID_ANGLE_UNIT ( ) );
#4284 = CARTESIAN_POINT ( 'NONE',  ( 3.315789332168654902, -0.5711142493669205678, 11.60526325390249980 ) ) ;
#4285 = CARTESIAN_POINT ( 'NONE',  ( -11.65277442522542906, 20.11016949152541144, 1.861560328787486385E-17 ) ) ;
#4286 = SURFACE_STYLE_USAGE ( .BOTH. , #2632 ) ;
#4287 = CARTESIAN_POINT ( 'NONE',  ( 1.519166312860805723, 17.34809882721628682, -7.728285284502647734 ) ) ;
#4288 = CARTESIAN_POINT ( 'NONE',  ( 7.513838043022881941, 18.51827618465655334, -2.358410437597119991 ) ) ;
#4289 = ORIENTED_EDGE ( 'NONE', *, *, #1585, .T. ) ;
#4290 = CYLINDRICAL_SURFACE ( 'NONE', #5893, 14.09210526314000411 ) ;
#4291 = DIRECTION ( 'NONE',  ( 0.000000000000000000, 0.000000000000000000, 1.000000000000000000 ) ) ;
#4292 = ORIENTED_EDGE ( 'NONE', *, *, #270, .T. ) ;
#4293 = CARTESIAN_POINT ( 'NONE',  ( -39.00803756922543641, 20.11016949152541144, 5.802631576000000457 ) ) ;
#4294 = CARTESIAN_POINT ( 'NONE',  ( -28.18421066779126960, -32.90006161774690696, -3.073819013756735608 ) ) ;
#4295 = AXIS2_PLACEMENT_3D ( 'NONE', #145, #2023, #5537 ) ;
#4296 = PRESENTATION_STYLE_ASSIGNMENT (( #272 ) ) ;
#4297 = ORIENTED_EDGE ( 'NONE', *, *, #4261, .T. ) ;
#4298 = AXIS2_PLACEMENT_3D ( 'NONE', #1498, #5432, #3511 ) ;
#4299 = CARTESIAN_POINT ( 'NONE',  ( -2.470494036718708930, 18.99559089918406585, 7.477527458161421947 ) ) ;
#4300 = DIRECTION ( 'NONE',  ( 1.000000000000000000, 0.000000000000000000, -0.000000000000000000 ) ) ;
#4301 =( GEOMETRIC_REPRESENTATION_CONTEXT ( 3 ) GLOBAL_UNCERTAINTY_ASSIGNED_CONTEXT ( ( #2060 ) ) GLOBAL_UNIT_ASSIGNED_CONTEXT ( ( #5, #4974, #1972 ) ) REPRESENTATION_CONTEXT ( 'NONE', 'WORKASPACE' ) );
#4302 = SURFACE_SIDE_STYLE ('',( #756 ) ) ;
#4303 = DIRECTION ( 'NONE',  ( 1.000000000000000000, -1.743901907068844768E-16, 0.000000000000000000 ) ) ;
#4304 = AXIS2_PLACEMENT_3D ( 'NONE', #6274, #1801, #3793 ) ;
#4305 =( NAMED_UNIT ( * ) PLANE_ANGLE_UNIT ( ) SI_UNIT ( $, .RADIAN. ) );
#4306 = AXIS2_PLACEMENT_3D ( 'NONE', #2724, #1784, #276 ) ;
#4307 = AXIS2_PLACEMENT_3D ( 'NONE', #1739, #2288, #1804 ) ;
#4308 = APPLICATION_PROTOCOL_DEFINITION ( 'draft international standard', 'automotive_design', 1998, #5624 ) ;
#4309 = ORIENTED_EDGE ( 'NONE', *, *, #665, .F. ) ;
#4310 = EDGE_CURVE ( 'NONE', #2813, #405, #1417, .T. ) ;
#4311 =( LENGTH_UNIT ( ) NAMED_UNIT ( * ) SI_UNIT ( .MILLI., .METRE. ) );
#4312 = ORIENTED_EDGE ( 'NONE', *, *, #1409, .T. ) ;
#4313 = CARTESIAN_POINT ( 'NONE',  ( 1.643204292316899240, 21.19726924764187714, 13.99645217725002944 ) ) ;
#4314 = PRESENTATION_LAYER_ASSIGNMENT (  '', '', ( #635 ) ) ;
#4315 = CARTESIAN_POINT ( 'NONE',  ( 25.69736827950875124, -1.400061617786994450, 11.60526325390249980 ) ) ;
#4316 = CARTESIAN_POINT ( 'NONE',  ( -25.69736856253126689, -32.90006161774692117, -3.073819013756676988 ) ) ;
#4317 = EDGE_CURVE ( 'NONE', #3510, #529, #5931, .T. ) ;
#4318 = VERTEX_POINT ( 'NONE', #6463 ) ;
#4319 = FACE_OUTER_BOUND ( 'NONE', #2842, .T. ) ;
#4320 = CARTESIAN_POINT ( 'NONE',  ( 1.976461623262478540, 20.84155065166146059, 7.623510340902254434 ) ) ;
#4321 = CARTESIAN_POINT ( 'NONE',  ( 2.406199015577573874, 18.67426462263876275, 7.498465530422389946 ) ) ;
#4322 = SURFACE_STYLE_USAGE ( .BOTH. , #2710 ) ;
#4323 = STYLED_ITEM ( 'NONE', ( #4359 ), #3130 ) ;
#4324 = CARTESIAN_POINT ( 'NONE',  ( -25.69736856253126689, -32.90006161774692117, 14.09210535916249896 ) ) ;
#4325 =( NAMED_UNIT ( * ) PLANE_ANGLE_UNIT ( ) SI_UNIT ( $, .RADIAN. ) );
#4326 = CARTESIAN_POINT ( 'NONE',  ( 1.278762399400529493, 10.44648511847943340, 14.09210535916249896 ) ) ;
#4327 = CIRCLE ( 'NONE', #2555, 4.973684208000001661 ) ;
#4328 = CIRCLE ( 'NONE', #1095, 2.486842105260000491 ) ;
#4329 = ORIENTED_EDGE ( 'NONE', *, *, #6185, .T. ) ;
#4330 = CARTESIAN_POINT ( 'NONE',  ( -2.470528521188704474, 18.99598732023010328, -13.87389508820518813 ) ) ;
#4331 = CIRCLE ( 'NONE', #3061, 2.486842105260001823 ) ;
#4332 = AXIS2_PLACEMENT_3D ( 'NONE', #5144, #6052, #5048 ) ;
#4333 = ORIENTED_EDGE ( 'NONE', *, *, #2863, .F. ) ;
#4334 = DIRECTION ( 'NONE',  ( 1.000000000000000000, -0.000000000000000000, -0.000000000000000000 ) ) ;
#4335 =( NAMED_UNIT ( * ) PLANE_ANGLE_UNIT ( ) SI_UNIT ( $, .RADIAN. ) );
#4336 = CYLINDRICAL_SURFACE ( 'NONE', #4378, 4.973684208000001661 ) ;
#4337 = MECHANICAL_DESIGN_GEOMETRIC_PRESENTATION_REPRESENTATION (  '', ( #4749 ), #1943 ) ;
#4338 = UNCERTAINTY_MEASURE_WITH_UNIT (LENGTH_MEASURE( 1.000000000000000082E-05 ), #3736, 'distance_accuracy_value', 'NONE');
#4339 = CARTESIAN_POINT ( 'NONE',  ( 6.424342101999999777, -10.56907894200000086, 6.217105260000000300 ) ) ;
#4340 = SURFACE_SIDE_STYLE ('',( #4393 ) ) ;
#4341 = DIRECTION ( 'NONE',  ( 1.000000000000000000, 1.836970198721030674E-16, 0.000000000000000000 ) ) ;
#4342 = VECTOR ( 'NONE', #5903, 1000.000000000000000 ) ;
#4343 = ORIENTED_EDGE ( 'NONE', *, *, #4101, .T. ) ;
#4344 = ORIENTED_EDGE ( 'NONE', *, *, #783, .F. ) ;
#4345 = DIRECTION ( 'NONE',  ( -1.000000000000000000, -0.000000000000000000, -0.000000000000000000 ) ) ;
#4346 = DIRECTION ( 'NONE',  ( -6.938893903907237844E-15, 1.000000000000000000, 0.000000000000000000 ) ) ;
#4347 = FILL_AREA_STYLE_COLOUR ( '', #4891 ) ;
#4348 = FILL_AREA_STYLE ('',( #2862 ) ) ;
#4349 =( NAMED_UNIT ( * ) SI_UNIT ( $, .STERADIAN. ) SOLID_ANGLE_UNIT ( ) );
#4350 = ORIENTED_EDGE ( 'NONE', *, *, #5610, .T. ) ;
#4351 = CARTESIAN_POINT ( 'NONE',  ( 1.645353857137728193, 21.19537558599689220, 7.702093075359308649 ) ) ;
#4352 = EDGE_CURVE ( 'NONE', #3812, #3510, #1982, .T. ) ;
#4353 = DIRECTION ( 'NONE',  ( -0.000000000000000000, -0.000000000000000000, -1.000000000000000000 ) ) ;
#4354 =( NAMED_UNIT ( * ) SI_UNIT ( $, .STERADIAN. ) SOLID_ANGLE_UNIT ( ) );
#4355 = CARTESIAN_POINT ( 'NONE',  ( -4.462138693165091929, 4.462138693165076830, -2.571712968749392481 ) ) ;
#4356 = CARTESIAN_POINT ( 'NONE',  ( 13.87095360268876654, 19.16011332739622119, 2.486779735975579442 ) ) ;
#4357 = CARTESIAN_POINT ( 'NONE',  ( -4.973684208000001661, 0.000000000000000000, -4.973684208000000773 ) ) ;
#4358 = EDGE_CURVE ( 'NONE', #3786, #1677, #4965, .T. ) ;
#4359 = PRESENTATION_STYLE_ASSIGNMENT (( #5442 ) ) ;
#4360 = ORIENTED_EDGE ( 'NONE', *, *, #2593, .T. ) ;
#4361 = CARTESIAN_POINT ( 'NONE',  ( 2.406802330921290700, 19.97049533265394317, -7.498270328225912884 ) ) ;
#4362 = CARTESIAN_POINT ( 'NONE',  ( 0.1645569509300635891, 21.81046469797308163, -14.09210516711750394 ) ) ;
#4363 = DIRECTION ( 'NONE',  ( -1.000000000000000000, -3.491481338843133355E-15, 0.000000000000000000 ) ) ;
#4364 = VERTEX_POINT ( 'NONE', #1919 ) ;
#4365 = FILL_AREA_STYLE ('',( #2371 ) ) ;
#4366 = ADVANCED_FACE ( 'NONE', ( #3382 ), #2568, .T. ) ;
#4367 = DIRECTION ( 'NONE',  ( 2.461979162920722866E-16, -1.000000000000000000, 0.000000000000000000 ) ) ;
#4368 = CARTESIAN_POINT ( 'NONE',  ( -11.65277442522542906, 20.11016949152541144, 1.861560328787486385E-17 ) ) ;
#4369 = AXIS2_PLACEMENT_3D ( 'NONE', #3296, #904, #1404 ) ;
#4370 = ORIENTED_EDGE ( 'NONE', *, *, #943, .T. ) ;
#4371 = CARTESIAN_POINT ( 'NONE',  ( 7.874999858478742176, 21.81046469797308163, 0.1630082103557295714 ) ) ;
#4372 = ORIENTED_EDGE ( 'NONE', *, *, #6201, .T. ) ;
#4373 = SURFACE_STYLE_USAGE ( .BOTH. , #1430 ) ;
#4374 = CARTESIAN_POINT ( 'NONE',  ( 28.18421038476875395, -21.70927214407691963, 14.09210535916249896 ) ) ;
#4375 = AXIS2_PLACEMENT_3D ( 'NONE', #5391, #824, #4303 ) ;
#4376 = LINE ( 'NONE', #3402, #1542 ) ;
#4377 = CARTESIAN_POINT ( 'NONE',  ( -7.570792372263031034, 18.06907353999265453, 2.171563595684974146 ) ) ;
#4378 = AXIS2_PLACEMENT_3D ( 'NONE', #3090, #793, #5756 ) ;
#4379 = ORIENTED_EDGE ( 'NONE', *, *, #3605, .T. ) ;
#4380 = LINE ( 'NONE', #5886, #3997 ) ;
#4381 = CARTESIAN_POINT ( 'NONE',  ( 2.156312719252405863, 20.57295103081914434, 7.574604006980767856 ) ) ;
#4382 = COLOUR_RGB ( '',0.5372549019607842924, 0.3490196078431372362, 0.3372549019607843368 ) ;
#4383 = SURFACE_SIDE_STYLE ('',( #2485 ) ) ;
#4384 = ADVANCED_FACE ( 'NONE', ( #3784 ), #5696, .F. ) ;
#4385 = PRESENTATION_STYLE_ASSIGNMENT (( #3935 ) ) ;
#4386 = PRESENTATION_STYLE_ASSIGNMENT (( #1811 ) ) ;
#4387 = SURFACE_STYLE_FILL_AREA ( #2365 ) ;
#4388 = ORIENTED_EDGE ( 'NONE', *, *, #825, .T. ) ;
#4389 = EDGE_CURVE ( 'NONE', #986, #475, #3076, .T. ) ;
#4390 = CARTESIAN_POINT ( 'NONE',  ( -1.415112614726319400E-07, 8.547306803253073682, -14.09210516711750394 ) ) ;
#4391 = CARTESIAN_POINT ( 'NONE',  ( 1.530560782408267650, 17.33708431904968705, 14.01063480677350270 ) ) ;
#4392 = UNCERTAINTY_MEASURE_WITH_UNIT (LENGTH_MEASURE( 1.000000000000000082E-05 ), #163, 'distance_accuracy_value', 'NONE');
#4393 = SURFACE_STYLE_FILL_AREA ( #5935 ) ;
#4394 = CARTESIAN_POINT ( 'NONE',  ( -10.56907894199999909, -6.424342101999999777, 6.217105260000000300 ) ) ;
#4395 = EDGE_LOOP ( 'NONE', ( #4981, #5407, #3783, #1521 ) ) ;
#4396 = ADVANCED_FACE ( 'NONE', ( #3329 ), #804, .T. ) ;
#4397 = COLOUR_RGB ( '',0.5372549019607842924, 0.3490196078431372362, 0.3372549019607843368 ) ;
#4398 = CARTESIAN_POINT ( 'NONE',  ( 7.874999858478736847, 16.83678048745307620, 0.1654532973570121690 ) ) ;
#4399 = VECTOR ( 'NONE', #4775, 1000.000000000000000 ) ;
#4400 = COLOUR_RGB ( '',0.8392156862745098200, 0.4666666666666666741, 0.3686274509803921795 ) ;
#4401 = VERTEX_POINT ( 'NONE', #4613 ) ;
#4402 = CARTESIAN_POINT ( 'NONE',  ( 1.102042207731802170, 17.08841509307116269, -14.04974903314008472 ) ) ;
#4403 = PRESENTATION_STYLE_ASSIGNMENT (( #2546 ) ) ;
#4404 = AXIS2_PLACEMENT_3D ( 'NONE', #2009, #5014, #579 ) ;
#4405 = MECHANICAL_DESIGN_GEOMETRIC_PRESENTATION_REPRESENTATION (  '', ( #5038 ), #5638 ) ;
#4406 =( GEOMETRIC_REPRESENTATION_CONTEXT ( 3 ) GLOBAL_UNCERTAINTY_ASSIGNED_CONTEXT ( ( #2120 ) ) GLOBAL_UNIT_ASSIGNED_CONTEXT ( ( #317, #5796, #3590 ) ) REPRESENTATION_CONTEXT ( 'NONE', 'WORKASPACE' ) );
#4407 = CARTESIAN_POINT ( 'NONE',  ( -7.513634189477286895, 20.12735562163571501, 2.359080066572667889 ) ) ;
#4408 = DIRECTION ( 'NONE',  ( -0.7071067811865474617, -0.7071067811865474617, -0.000000000000000000 ) ) ;
#4409 = ORIENTED_EDGE ( 'NONE', *, *, #5113, .T. ) ;
#4410 =( LENGTH_UNIT ( ) NAMED_UNIT ( * ) SI_UNIT ( .MILLI., .METRE. ) );
#4411 = CARTESIAN_POINT ( 'NONE',  ( -15.75000014149127381, -21.70927214407692674, -11.60526306185750478 ) ) ;
#4412 = CARTESIAN_POINT ( 'NONE',  ( 1.106687119348033210, 17.09057256975352246, 7.798341502430732319 ) ) ;
#4413 = DIRECTION ( 'NONE',  ( -1.000000000000000000, -3.491481338843132961E-15, -0.000000000000000000 ) ) ;
#4414 = CYLINDRICAL_SURFACE ( 'NONE', #5946, 4.973684208000001661 ) ;
#4415 = CARTESIAN_POINT ( 'NONE',  ( 3.516925830957256860, -3.516925830957223553, -3.516925830957229326 ) ) ;
#4416 =( NAMED_UNIT ( * ) PLANE_ANGLE_UNIT ( ) SI_UNIT ( $, .RADIAN. ) );
#4417 = MECHANICAL_DESIGN_GEOMETRIC_PRESENTATION_REPRESENTATION (  '', ( #2221 ), #36 ) ;
#4418 = DIRECTION ( 'NONE',  ( 0.000000000000000000, 0.000000000000000000, 1.000000000000000000 ) ) ;
#4419 = SURFACE_STYLE_FILL_AREA ( #6332 ) ;
#4420 = CARTESIAN_POINT ( 'NONE',  ( 18.23684196372874666, -13.00532477566700074, 11.60526325390249980 ) ) ;
#4421 = DIRECTION ( 'NONE',  ( -1.000000000000000000, 0.000000000000000000, 0.000000000000000000 ) ) ;
#4422 = CARTESIAN_POINT ( 'NONE',  ( 1.977968221687967487, 20.83968898690276461, -13.95289927681242403 ) ) ;
#4423 = ORIENTED_EDGE ( 'NONE', *, *, #3447, .T. ) ;
#4424 = CIRCLE ( 'NONE', #1600, 2.486842105260000046 ) ;
#4425 = EDGE_CURVE ( 'NONE', #5366, #172, #4640, .T. ) ;
#4426 = AXIS2_PLACEMENT_3D ( 'NONE', #947, #4945, #2493 ) ;
#4427 = CARTESIAN_POINT ( 'NONE',  ( -7.875000141501262263, 16.83678048745307265, 9.602249587353816339E-08 ) ) ;
#4428 = SURFACE_SIDE_STYLE ('',( #4886 ) ) ;
#4429 = EDGE_LOOP ( 'NONE', ( #4530, #3982, #4047, #5799 ) ) ;
#4430 = SURFACE_STYLE_FILL_AREA ( #2411 ) ;
#4431 = ORIENTED_EDGE ( 'NONE', *, *, #4154, .F. ) ;
#4432 = STYLED_ITEM ( 'NONE', ( #4163 ), #5693 ) ;
#4433 = CARTESIAN_POINT ( 'NONE',  ( -1.415112597468466204E-07, 21.81046469797307807, 14.09210535916249896 ) ) ;
#4434 = COLOUR_RGB ( '',0.8392156862745098200, 0.4666666666666666741, 0.3686274509803921795 ) ;
#4435 = FACE_OUTER_BOUND ( 'NONE', #3615, .T. ) ;
#4436 = EDGE_CURVE ( 'NONE', #3698, #5653, #4536, .T. ) ;
#4437 = STYLED_ITEM ( 'NONE', ( #284 ), #4384 ) ;
#4438 = AXIS2_PLACEMENT_3D ( 'NONE', #4762, #3776, #1682 ) ;
#4439 = DIRECTION ( 'NONE',  ( -1.826024711554539830E-16, 1.000000000000000000, 0.000000000000000000 ) ) ;
#4440 = DIRECTION ( 'NONE',  ( 0.000000000000000000, 0.000000000000000000, 1.000000000000000000 ) ) ;
#4441 = EDGE_LOOP ( 'NONE', ( #2446, #1233, #6225, #4143, #3233, #2845 ) ) ;
#4442 =( NAMED_UNIT ( * ) PLANE_ANGLE_UNIT ( ) SI_UNIT ( $, .RADIAN. ) );
#4443 = CARTESIAN_POINT ( 'NONE',  ( -3.315789615191188755, -0.5711142493669201237, 7.142910228879825851 ) ) ;
#4444 = DIRECTION ( 'NONE',  ( -1.000000000000000000, 0.000000000000000000, 0.000000000000000000 ) ) ;
#4445 = SURFACE_STYLE_USAGE ( .BOTH. , #430 ) ;
#4446 = CARTESIAN_POINT ( 'NONE',  ( -1.871720852005411606, 20.96892198554136044, 7.650226304946166955 ) ) ;
#4447 = DIRECTION ( 'NONE',  ( -0.000000000000000000, 1.000000000000000000, -0.000000000000000000 ) ) ;
#4448 = EDGE_LOOP ( 'NONE', ( #797, #5230, #2198 ) ) ;
#4449 = AXIS2_PLACEMENT_3D ( 'NONE', #4142, #4691, #4238 ) ;
#4450 = SURFACE_STYLE_USAGE ( .BOTH. , #4848 ) ;
#4451 = SURFACE_STYLE_FILL_AREA ( #4486 ) ;
#4452 = UNCERTAINTY_MEASURE_WITH_UNIT (LENGTH_MEASURE( 1.000000000000000082E-05 ), #2374, 'distance_accuracy_value', 'NONE');
#4453 = B_SPLINE_CURVE_WITH_KNOTS ( 'NONE', 3,
 ( #3311, #4787, #4330, #6291, #1196, #306, #1261, #3175, #4757, #5752, #2265, #1232, #2234, #4256, #5197, #687, #2691, #4685 ),
 .UNSPECIFIED., .F., .F.,
 ( 4, 2, 2, 2, 2, 2, 2, 2, 4 ),
 ( 0.003896085555667116573, 0.004382858427140244942, 0.004869631298613372877, 0.005356404170086500813, 0.005843177041559628748, 0.006329949913032756684, 0.006816722784505884619, 0.007303495655979012555, 0.007790268527452140490 ),
 .UNSPECIFIED. ) ;
#4454 = FACE_BOUND ( 'NONE', #4716, .T. ) ;
#4455 = FILL_AREA_STYLE ('',( #2507 ) ) ;
#4456 = ORIENTED_EDGE ( 'NONE', *, *, #693, .F. ) ;
#4457 = CARTESIAN_POINT ( 'NONE',  ( 7.551961866324113259, 20.42969097265322631, 2.233342033040207397 ) ) ;
#4458 = ADVANCED_FACE ( 'NONE', ( #644 ), #2050, .T. ) ;
#4459 = ORIENTED_EDGE ( 'NONE', *, *, #3894, .F. ) ;
#4460 = CARTESIAN_POINT ( 'NONE',  ( -1.415112614726319400E-07, -0.5711142493669206788, 9.602249662979534408E-08 ) ) ;
#4461 = CARTESIAN_POINT ( 'NONE',  ( -25.69736856253124913, -35.38690372300693099, 14.09210535916249896 ) ) ;
#4462 = CYLINDRICAL_SURFACE ( 'NONE', #5711, 7.874999999990000887 ) ;
#4463 = TOROIDAL_SURFACE ( 'NONE', #1644, 11.60526315788000140, 2.486842105260000491 ) ;
#4464 =( LENGTH_UNIT ( ) NAMED_UNIT ( * ) SI_UNIT ( .MILLI., .METRE. ) );
#4465 = CARTESIAN_POINT ( 'NONE',  ( -7.728488493043186303, 17.34730391738751010, 1.518152747575214345 ) ) ;
#4466 = EDGE_LOOP ( 'NONE', ( #20, #3952, #5536, #2580 ) ) ;
#4467 = EDGE_CURVE ( 'NONE', #218, #3186, #6004, .T. ) ;
#4468 = ORIENTED_EDGE ( 'NONE', *, *, #84, .F. ) ;
#4469 = CIRCLE ( 'NONE', #1462, 4.973684208000001661 ) ;
#4470 = CARTESIAN_POINT ( 'NONE',  ( 28.18421038476875395, -21.70927214407691963, 9.602249662979534408E-08 ) ) ;
#4471 = STYLED_ITEM ( 'NONE', ( #2581 ), #1595 ) ;
#4472 = DIRECTION ( 'NONE',  ( -1.000000000000000000, 0.000000000000000000, 0.000000000000000000 ) ) ;
#4473 = FILL_AREA_STYLE ('',( #2974 ) ) ;
#4474 = MECHANICAL_DESIGN_GEOMETRIC_PRESENTATION_REPRESENTATION (  '', ( #4269 ), #2399 ) ;
#4475 = SURFACE_STYLE_FILL_AREA ( #5498 ) ;
#4476 = MECHANICAL_DESIGN_GEOMETRIC_PRESENTATION_REPRESENTATION (  '', ( #3661 ), #2401 ) ;
#4477 = CYLINDRICAL_SURFACE ( 'NONE', #5454, 2.486842105259998270 ) ;
#4478 = CARTESIAN_POINT ( 'NONE',  ( 13.89340039554489792, 20.12745212675320161, -2.359000704060885578 ) ) ;
#4479 =( BOUNDED_CURVE ( )  B_SPLINE_CURVE ( 3, ( #5933, #6466, #1452, #955 ),
 .UNSPECIFIED., .F., .F. ) 
 B_SPLINE_CURVE_WITH_KNOTS ( ( 4, 4 ),
 ( 3.491481338843132961E-15, 0.7853981633974499443 ),
 .UNSPECIFIED. ) 
 CURVE ( )  GEOMETRIC_REPRESENTATION_ITEM ( )  RATIONAL_B_SPLINE_CURVE ( ( 1.000000000000000000, 0.9492530216741912330, 0.9492530216741912330, 1.000000000000000000 ) ) 
 REPRESENTATION_ITEM ( '' )  );
#4480 = DIRECTION ( 'NONE',  ( -2.461979162920723360E-16, 1.000000000000000000, 0.000000000000000000 ) ) ;
#4481 = DIRECTION ( 'NONE',  ( 7.149997818982267099E-15, -1.000000000000000000, 0.000000000000000000 ) ) ;
#4482 = CYLINDRICAL_SURFACE ( 'NONE', #5169, 4.973684208000001661 ) ;
#4483 = ORIENTED_EDGE ( 'NONE', *, *, #1111, .F. ) ;
#4484 = CARTESIAN_POINT ( 'NONE',  ( -7.776522672595352681, 17.16709066105255133, -1.249026108681945413 ) ) ;
#4485 = CARTESIAN_POINT ( 'NONE',  ( 18.23684196372875377, -32.90006161774692117, 3.073819205801644472 ) ) ;
#4486 = FILL_AREA_STYLE ('',( #2919 ) ) ;
#4487 = ORIENTED_EDGE ( 'NONE', *, *, #1808, .T. ) ;
#4488 =( NAMED_UNIT ( * ) SI_UNIT ( $, .STERADIAN. ) SOLID_ANGLE_UNIT ( ) );
#4489 =( LENGTH_UNIT ( ) NAMED_UNIT ( * ) SI_UNIT ( .MILLI., .METRE. ) );
#4490 = CARTESIAN_POINT ( 'NONE',  ( 7.649863353446280101, 20.96729261368534125, -1.873252768875666607 ) ) ;
#4491 = PRODUCT_DEFINITION_SHAPE ( 'NONE', 'NONE',  #1961 ) ;
#4492 = ORIENTED_EDGE ( 'NONE', *, *, #2178, .F. ) ;
#4493 = SURFACE_STYLE_USAGE ( .BOTH. , #2511 ) ;
#4494 = ORIENTED_EDGE ( 'NONE', *, *, #5406, .T. ) ;
#4495 = SURFACE_STYLE_FILL_AREA ( #3593 ) ;
#4496 = SURFACE_STYLE_FILL_AREA ( #2449 ) ;
#4497 = ADVANCED_FACE ( 'NONE', ( #1666 ), #5466, .T. ) ;
#4498 = STYLED_ITEM ( 'NONE', ( #1621 ), #4871 ) ;
#4499 = ORIENTED_EDGE ( 'NONE', *, *, #6227, .T. ) ;
#4500 = CARTESIAN_POINT ( 'NONE',  ( -2.486842246771261866, 19.32362259271307536, -13.87094244913008900 ) ) ;
#4501 = APPLICATION_CONTEXT ( 'automotive_design' ) ;
#4502 = DIRECTION ( 'NONE',  ( 1.000000000000000000, 4.336808689942038444E-16, -0.000000000000000000 ) ) ;
#4503 = AXIS2_PLACEMENT_3D ( 'NONE', #1582, #2303, #6297 ) ;
#4504 = VECTOR ( 'NONE', #3127, 1000.000000000000000 ) ;
#4505 = PRESENTATION_LAYER_ASSIGNMENT (  '', '', ( #3138 ) ) ;
#4506 = DIRECTION ( 'NONE',  ( -1.000000000000000000, -1.826024711554539830E-16, -0.000000000000000000 ) ) ;
#4507 = EDGE_CURVE ( 'NONE', #218, #3685, #6338, .T. ) ;
#4508 = EDGE_CURVE ( 'NONE', #1999, #3883, #4899, .T. ) ;
#4509 = DIRECTION ( 'NONE',  ( -0.000000000000000000, -0.000000000000000000, -1.000000000000000000 ) ) ;
#4510 = SURFACE_STYLE_FILL_AREA ( #4149 ) ;
#4511 = COLOUR_RGB ( '',0.5372549019607842924, 0.3490196078431372362, 0.3372549019607843368 ) ;
#4512 = AXIS2_PLACEMENT_3D ( 'NONE', #4923, #3780, #826 ) ;
#4513 = CARTESIAN_POINT ( 'NONE',  ( 13.95303920316399626, 20.84093227551009520, -1.976972616402254301 ) ) ;
#4514 = PRODUCT_DEFINITION_CONTEXT ( 'detailed design', #2826, 'design' ) ;
#4515 = SURFACE_SIDE_STYLE ('',( #3583 ) ) ;
#4516 = EDGE_CURVE ( 'NONE', #3416, #2633, #69, .T. ) ;
#4517 =( LENGTH_UNIT ( ) NAMED_UNIT ( * ) SI_UNIT ( .MILLI., .METRE. ) );
#4518 = CARTESIAN_POINT ( 'NONE',  ( -14.04969941573541092, 21.55852447360317825, -1.102771144209168552 ) ) ;
#4519 = DIRECTION ( 'NONE',  ( 1.000000000000000000, 0.000000000000000000, 2.619792736770347185E-14 ) ) ;
#4520 = PRESENTATION_LAYER_ASSIGNMENT (  '', '', ( #238 ) ) ;
#4521 = VERTEX_POINT ( 'NONE', #3441 ) ;
#4522 = CARTESIAN_POINT ( 'NONE',  ( -7.570760800955957492, 18.06942462657471893, -2.171658813338313898 ) ) ;
#4523 =( BOUNDED_CURVE ( )  B_SPLINE_CURVE ( 3, ( #1639, #5625, #4036, #4558 ),
 .UNSPECIFIED., .F., .F. ) 
 B_SPLINE_CURVE_WITH_KNOTS ( ( 4, 4 ),
 ( 3.141592653589790007, 3.926990816987241839 ),
 .UNSPECIFIED. ) 
 CURVE ( )  GEOMETRIC_REPRESENTATION_ITEM ( )  RATIONAL_B_SPLINE_CURVE ( ( 1.000000000000000000, 0.9492530216741906779, 0.9492530216741906779, 1.000000000000000000 ) ) 
 REPRESENTATION_ITEM ( '' )  );
#4524 = UNCERTAINTY_MEASURE_WITH_UNIT (LENGTH_MEASURE( 1.000000000000000082E-05 ), #6058, 'distance_accuracy_value', 'NONE');
#4525 = ORIENTED_EDGE ( 'NONE', *, *, #6123, .T. ) ;
#4526 = UNCERTAINTY_MEASURE_WITH_UNIT (LENGTH_MEASURE( 1.000000000000000082E-05 ), #4204, 'distance_accuracy_value', 'NONE');
#4527 = CARTESIAN_POINT ( 'NONE',  ( -3.315789615191276241, -13.00532477566692258, -11.60526306185750478 ) ) ;
#4528 = COLOUR_RGB ( '',0.5372549019607842924, 0.3490196078431372362, 0.3372549019607843368 ) ;
#4529 = FACE_OUTER_BOUND ( 'NONE', #2417, .T. ) ;
#4530 = ORIENTED_EDGE ( 'NONE', *, *, #4273, .F. ) ;
#4531 = ORIENTED_EDGE ( 'NONE', *, *, #3951, .F. ) ;
#4532 =( NAMED_UNIT ( * ) PLANE_ANGLE_UNIT ( ) SI_UNIT ( $, .RADIAN. ) );
#4533 = FILL_AREA_STYLE_COLOUR ( '', #212 ) ;
#4534 =( GEOMETRIC_REPRESENTATION_CONTEXT ( 3 ) GLOBAL_UNCERTAINTY_ASSIGNED_CONTEXT ( ( #2059 ) ) GLOBAL_UNIT_ASSIGNED_CONTEXT ( ( #5812, #4325, #5925 ) ) REPRESENTATION_CONTEXT ( 'NONE', 'WORKASPACE' ) );
#4535 =( GEOMETRIC_REPRESENTATION_CONTEXT ( 3 ) GLOBAL_UNCERTAINTY_ASSIGNED_CONTEXT ( ( #4526 ) ) GLOBAL_UNIT_ASSIGNED_CONTEXT ( ( #4204, #4305, #5695 ) ) REPRESENTATION_CONTEXT ( 'NONE', 'WORKASPACE' ) );
#4536 =( BOUNDED_CURVE ( )  B_SPLINE_CURVE ( 3, ( #45, #2049, #488, #2565 ),
 .UNSPECIFIED., .F., .T. ) 
 B_SPLINE_CURVE_WITH_KNOTS ( ( 4, 4 ),
 ( 2.356194490192345725, 3.141592653589790451 ),
 .UNSPECIFIED. ) 
 CURVE ( )  GEOMETRIC_REPRESENTATION_ITEM ( )  RATIONAL_B_SPLINE_CURVE ( ( 1.000000000000000000, 0.9492530216741915661, 0.9492530216741915661, 1.000000000000000000 ) ) 
 REPRESENTATION_ITEM ( '' )  );
#4537 = SURFACE_SIDE_STYLE ('',( #3053 ) ) ;
#4538 = COLOUR_RGB ( '',0.5372549019607842924, 0.3490196078431372362, 0.3372549019607843368 ) ;
#4539 = VERTEX_POINT ( 'NONE', #460 ) ;
#4540 = CARTESIAN_POINT ( 'NONE',  ( 15.74999985846874750, -21.70927214407692318, 9.602249662979534408E-08 ) ) ;
#4541 = DIRECTION ( 'NONE',  ( -1.000000000000000000, -1.826024711554539830E-16, 0.000000000000000000 ) ) ;
#4542 = STYLED_ITEM ( 'NONE', ( #650 ), #5663 ) ;
#4543 = COLOUR_RGB ( '',0.8392156862745098200, 0.4666666666666666741, 0.3686274509803921795 ) ;
#4544 = FACE_BOUND ( 'NONE', #4916, .T. ) ;
#4545 = CARTESIAN_POINT ( 'NONE',  ( 14.03735342474656100, 21.48051264430042551, 1.248363590537603596 ) ) ;
#4546 = AXIS2_PLACEMENT_3D ( 'NONE', #2915, #2880, #4918 ) ;
#4547 = CARTESIAN_POINT ( 'NONE',  ( -1.642779412050190402, 17.44961177428156418, -7.702644512715982827 ) ) ;
#4548 = COLOUR_RGB ( '',0.5372549019607842924, 0.3490196078431372362, 0.3372549019607843368 ) ;
#4549 = EDGE_CURVE ( 'NONE', #2689, #1001, #2103, .T. ) ;
#4550 = CARTESIAN_POINT ( 'NONE',  ( -3.217470412507607236, 9.613648550172337437, -14.09210516711750927 ) ) ;
#4551 = DIRECTION ( 'NONE',  ( 0.000000000000000000, 1.000000000000000000, 0.000000000000000000 ) ) ;
#4552 = SURFACE_STYLE_FILL_AREA ( #5015 ) ;
#4553 =( NAMED_UNIT ( * ) SI_UNIT ( $, .STERADIAN. ) SOLID_ANGLE_UNIT ( ) );
#4554 = CARTESIAN_POINT ( 'NONE',  ( -14.09210540465126194, 21.81046469797307452, 9.602249693434581527E-08 ) ) ;
#4555 = DIRECTION ( 'NONE',  ( 0.000000000000000000, 1.000000000000000000, 0.000000000000000000 ) ) ;
#4556 = ORIENTED_EDGE ( 'NONE', *, *, #5785, .F. ) ;
#4557 = EDGE_CURVE ( 'NONE', #1332, #3348, #2558, .T. ) ;
#4558 = CARTESIAN_POINT ( 'NONE',  ( -3.516925830957228882, -3.516925830957266186, 3.516925830957260857 ) ) ;
#4559 = CARTESIAN_POINT ( 'NONE',  ( -10.56907894200000086, 6.424342101999999777, 6.217105260000000300 ) ) ;
#4560 = CARTESIAN_POINT ( 'NONE',  ( 28.18421038476875395, -21.70927214407691963, 9.602249662979534408E-08 ) ) ;
#4561 = CARTESIAN_POINT ( 'NONE',  ( -6.424342101999998889, -10.56907894200000086, 6.217105260000000300 ) ) ;
#4562 = ORIENTED_EDGE ( 'NONE', *, *, #2394, .T. ) ;
#4563 = ADVANCED_FACE ( 'NONE', ( #2488 ), #5587, .T. ) ;
#4564 = EDGE_LOOP ( 'NONE', ( #6272, #3406, #6221, #4619, #2284, #5943, #5238, #2228, #2721, #970, #5019, #2143 ) ) ;
#4565 =( NAMED_UNIT ( * ) SI_UNIT ( $, .STERADIAN. ) SOLID_ANGLE_UNIT ( ) );
#4566 = VERTEX_POINT ( 'NONE', #5953 ) ;
#4567 = CARTESIAN_POINT ( 'NONE',  ( -10.56907894200000086, 6.424342101999999777, 6.217105260000000300 ) ) ;
#4568 = SURFACE_STYLE_FILL_AREA ( #5071 ) ;
#4569 = CYLINDRICAL_SURFACE ( 'NONE', #2292, 2.486842105259998270 ) ;
#4570 = CARTESIAN_POINT ( 'NONE',  ( 13.99652022914858307, 21.19784669421601109, 1.642697149581298310 ) ) ;
#4571 = STYLED_ITEM ( 'NONE', ( #2006 ), #6270 ) ;
#4572 = COLOUR_RGB ( '',0.5372549019607842924, 0.3490196078431372362, 0.3372549019607843368 ) ;
#4573 = CARTESIAN_POINT ( 'NONE',  ( -1.872072191762205184, 17.67863428941727477, -7.650150486737924638 ) ) ;
#4574 = CARTESIAN_POINT ( 'NONE',  ( -1.415112608308845214E-07, 16.83678048745307620, 14.09210535916249896 ) ) ;
#4575 = CARTESIAN_POINT ( 'NONE',  ( 14.07810079956007066, 16.91719795911708246, -0.6483179134335702587 ) ) ;
#4576 = COLOUR_RGB ( '',0.7921568627450980005, 0.8196078431372548767, 0.9333333333333333481 ) ;
#4577 = STYLED_ITEM ( 'NONE', ( #2883 ), #3353 ) ;
#4578 = SURFACE_STYLE_FILL_AREA ( #3312 ) ;
#4579 = CARTESIAN_POINT ( 'NONE',  ( 2.486841963748738671, 19.32362259271307536, 14.09210535916249896 ) ) ;
#4580 = EDGE_CURVE ( 'NONE', #753, #1030, #1179, .T. ) ;
#4581 = VERTEX_POINT ( 'NONE', #3705 ) ;
#4582 = CARTESIAN_POINT ( 'NONE',  ( 15.74999985846874750, -21.70927214407691963, 11.60526325390249980 ) ) ;
#4583 = SURFACE_STYLE_USAGE ( .BOTH. , #3568 ) ;
#4584 = UNCERTAINTY_MEASURE_WITH_UNIT (LENGTH_MEASURE( 1.000000000000000082E-05 ), #1081, 'distance_accuracy_value', 'NONE');
#4585 = COLOUR_RGB ( '',0.8392156862745098200, 0.4666666666666666741, 0.3686274509803921795 ) ;
#4586 = DIRECTION ( 'NONE',  ( 0.000000000000000000, 0.000000000000000000, 1.000000000000000000 ) ) ;
#4587 = STYLED_ITEM ( 'NONE', ( #5007 ), #3639 ) ;
#4588 = ADVANCED_FACE ( 'NONE', ( #5674 ), #3636, .T. ) ;
#4589 = CARTESIAN_POINT ( 'NONE',  ( -0.6474636199541448089, 21.73021848284432522, -7.849969511412099976 ) ) ;
#4590 = ORIENTED_EDGE ( 'NONE', *, *, #3697, .F. ) ;
#4591 = CARTESIAN_POINT ( 'NONE',  ( 7.994078778775377536, 11.03414890851307462, -11.60526306185750833 ) ) ;
#4592 = VERTEX_POINT ( 'NONE', #5136 ) ;
#4593 = SURFACE_SIDE_STYLE ('',( #5841 ) ) ;
#4594 = FILL_AREA_STYLE_COLOUR ( '', #1655 ) ;
#4595 = UNCERTAINTY_MEASURE_WITH_UNIT (LENGTH_MEASURE( 1.000000000000000082E-05 ), #9, 'distance_accuracy_value', 'NONE');
#4596 = EDGE_CURVE ( 'NONE', #4669, #3786, #607, .T. ) ;
#4597 = SURFACE_STYLE_FILL_AREA ( #1107 ) ;
#4598 = ORIENTED_EDGE ( 'NONE', *, *, #790, .T. ) ;
#4599 = CARTESIAN_POINT ( 'NONE',  ( 7.641425232601867457, 8.547306806629968889, 14.09210535916249896 ) ) ;
#4600 = DIRECTION ( 'NONE',  ( -1.000000000000000000, -1.826024711554539830E-16, -0.000000000000000000 ) ) ;
#4601 = FILL_AREA_STYLE_COLOUR ( '', #5604 ) ;
#4602 = CARTESIAN_POINT ( 'NONE',  ( 14.08920501910171375, 21.79417771509693225, 0.3275154267175369727 ) ) ;
#4603 = CARTESIAN_POINT ( 'NONE',  ( 0.000000000000000000, 0.000000000000000000, -6.217105260000000300 ) ) ;
#4604 = COLOUR_RGB ( '',0.5372549019607842924, 0.3490196078431372362, 0.3372549019607843368 ) ;
#4605 = DIRECTION ( 'NONE',  ( 0.000000000000000000, -0.2648642316819862508, 0.9642857142857146346 ) ) ;
#4606 = CARTESIAN_POINT ( 'NONE',  ( -3.548471825285565373, 10.39180273420373268, -14.09210516711750572 ) ) ;
#4607 = CARTESIAN_POINT ( 'NONE',  ( -15.75000014149118321, 11.03414890851307462, -11.60526306185750478 ) ) ;
#4608 =( GEOMETRIC_REPRESENTATION_CONTEXT ( 3 ) GLOBAL_UNCERTAINTY_ASSIGNED_CONTEXT ( ( #412 ) ) GLOBAL_UNIT_ASSIGNED_CONTEXT ( ( #4869, #6389, #4281 ) ) REPRESENTATION_CONTEXT ( 'NONE', 'WORKASPACE' ) );
#4609 =( LENGTH_UNIT ( ) NAMED_UNIT ( * ) SI_UNIT ( .MILLI., .METRE. ) );
#4610 = PRESENTATION_STYLE_ASSIGNMENT (( #1185 ) ) ;
#4611 = SURFACE_STYLE_USAGE ( .BOTH. , #2504 ) ;
#4612 = STYLED_ITEM ( 'NONE', ( #1049 ), #2272 ) ;
#4613 = CARTESIAN_POINT ( 'NONE',  ( 15.74999985846875106, -26.68295635459692505, 9.602249662979534408E-08 ) ) ;
#4614 = ORIENTED_EDGE ( 'NONE', *, *, #3799, .T. ) ;
#4615 =( NAMED_UNIT ( * ) SI_UNIT ( $, .STERADIAN. ) SOLID_ANGLE_UNIT ( ) );
#4616 = DIRECTION ( 'NONE',  ( 0.000000000000000000, 1.000000000000000000, 0.000000000000000000 ) ) ;
#4617 =( NAMED_UNIT ( * ) PLANE_ANGLE_UNIT ( ) SI_UNIT ( $, .RADIAN. ) );
#4618 = DIRECTION ( 'NONE',  ( 0.000000000000000000, 1.000000000000000000, 0.000000000000000000 ) ) ;
#4619 = ORIENTED_EDGE ( 'NONE', *, *, #2229, .F. ) ;
#4620 =( NAMED_UNIT ( * ) PLANE_ANGLE_UNIT ( ) SI_UNIT ( $, .RADIAN. ) );
#4621 =( NAMED_UNIT ( * ) PLANE_ANGLE_UNIT ( ) SI_UNIT ( $, .RADIAN. ) );
#4622 = ORIENTED_EDGE ( 'NONE', *, *, #6444, .T. ) ;
#4623 = SURFACE_STYLE_USAGE ( .BOTH. , #1646 ) ;
#4624 = CARTESIAN_POINT ( 'NONE',  ( -7.994079061797906505, 11.03414890851307462, 11.60526325390249802 ) ) ;
#4625 = EDGE_CURVE ( 'NONE', #5336, #2379, #2708, .T. ) ;
#4626 = AXIS2_PLACEMENT_3D ( 'NONE', #2028, #5147, #3099 ) ;
#4627 = MECHANICAL_DESIGN_GEOMETRIC_PRESENTATION_REPRESENTATION (  '', ( #6197 ), #865 ) ;
#4628 = APPLICATION_CONTEXT ( 'automotive_design' ) ;
#4629 = ORIENTED_EDGE ( 'NONE', *, *, #5323, .F. ) ;
#4630 = PRESENTATION_LAYER_ASSIGNMENT (  '', '', ( #2761 ) ) ;
#4631 = PRESENTATION_LAYER_ASSIGNMENT (  '', '', ( #973 ) ) ;
#4632 = SURFACE_SIDE_STYLE ('',( #3575 ) ) ;
#4633 = SURFACE_SIDE_STYLE ('',( #1657 ) ) ;
#4634 = MECHANICAL_DESIGN_GEOMETRIC_PRESENTATION_REPRESENTATION (  '', ( #5670 ), #2043 ) ;
#4635 = COLOUR_RGB ( '',0.8392156862745098200, 0.4666666666666666741, 0.3686274509803921795 ) ;
#4636 = CARTESIAN_POINT ( 'NONE',  ( 13.91388658144509627, 20.42626228274546207, 2.234993271569317486 ) ) ;
#4637 = CARTESIAN_POINT ( 'NONE',  ( 3.516925830957229326, 3.516925830957267074, -3.516925830957256860 ) ) ;
#4638 = FILL_AREA_STYLE_COLOUR ( '', #4511 ) ;
#4639 = DIRECTION ( 'NONE',  ( -1.000000000000000000, -1.826024711554539830E-16, -0.000000000000000000 ) ) ;
#4640 = CIRCLE ( 'NONE', #5390, 2.486842105260000491 ) ;
#4641 = LINE ( 'NONE', #2772, #4399 ) ;
#4642 = FACE_OUTER_BOUND ( 'NONE', #3823, .T. ) ;
#4643 = CARTESIAN_POINT ( 'NONE',  ( 3.516925830957256416, -3.516925830957223109, 3.516925830957229326 ) ) ;
#4644 = DIRECTION ( 'NONE',  ( -0.7071067811865439090, 8.659560562354978464E-17, -0.7071067811865512365 ) ) ;
#4645 =( LENGTH_UNIT ( ) NAMED_UNIT ( * ) SI_UNIT ( .MILLI., .METRE. ) );
#4646 = COLOUR_RGB ( '',0.5372549019607842924, 0.3490196078431372362, 0.3372549019607843368 ) ;
#4647 = AXIS2_PLACEMENT_3D ( 'NONE', #5196, #787, #6226 ) ;
#4648 = ORIENTED_EDGE ( 'NONE', *, *, #1634, .T. ) ;
#4649 = CARTESIAN_POINT ( 'NONE',  ( -18.23684224675127297, -13.00532477566691902, 11.60526325390249980 ) ) ;
#4650 = CARTESIAN_POINT ( 'NONE',  ( -1.415112614726319400E-07, 11.03414890851307462, -14.09210516711750394 ) ) ;
#4651 = CLOSED_SHELL ( 'NONE', ( #2065, #2789, #2554, #798, #1033, #4042, #2280, #4497, #150 ) ) ;
#4652 = PRESENTATION_STYLE_ASSIGNMENT (( #2659 ) ) ;
#4653 = ORIENTED_EDGE ( 'NONE', *, *, #832, .T. ) ;
#4654 = CARTESIAN_POINT ( 'NONE',  ( -2.358460224641338421, 20.12876180210564314, -7.513821186192675583 ) ) ;
#4655 = CARTESIAN_POINT ( 'NONE',  ( -1.415112614726319400E-07, -0.5711142493669206788, 9.602249662979534408E-08 ) ) ;
#4656 = ORIENTED_EDGE ( 'NONE', *, *, #544, .F. ) ;
#4657 = FACE_BOUND ( 'NONE', #5566, .T. ) ;
#4658 = FILL_AREA_STYLE_COLOUR ( '', #2728 ) ;
#4659 = UNCERTAINTY_MEASURE_WITH_UNIT (LENGTH_MEASURE( 1.000000000000000082E-05 ), #2654, 'distance_accuracy_value', 'NONE');
#4660 = CARTESIAN_POINT ( 'NONE',  ( -15.75000014149118321, 11.03414890851307462, 14.09210535916249896 ) ) ;
#4661 = APPLICATION_PROTOCOL_DEFINITION ( 'draft international standard', 'automotive_design', 1998, #4628 ) ;
#4662 = ADVANCED_FACE ( 'NONE', ( #220 ), #6211, .T. ) ;
#4663 = ORIENTED_EDGE ( 'NONE', *, *, #469, .F. ) ;
#4664 = DIRECTION ( 'NONE',  ( 1.000000000000000000, 1.836970198721030674E-16, 0.000000000000000000 ) ) ;
#4665 = SURFACE_STYLE_USAGE ( .BOTH. , #4633 ) ;
#4666 = CYLINDRICAL_SURFACE ( 'NONE', #3643, 4.973684208000001661 ) ;
#4667 = DIRECTION ( 'NONE',  ( 1.826024711554539830E-16, -1.000000000000000000, 0.000000000000000000 ) ) ;
#4668 = EDGE_CURVE ( 'NONE', #2089, #2233, #444, .T. ) ;
#4669 = VERTEX_POINT ( 'NONE', #907 ) ;
#4670 = CARTESIAN_POINT ( 'NONE',  ( 3.315789332168654902, -0.5711142493669205678, 14.09210535916249896 ) ) ;
#4671 = SURFACE_SIDE_STYLE ('',( #5139 ) ) ;
#4672 = CARTESIAN_POINT ( 'NONE',  ( -7.286538113781401371, 8.571552060252999539, -14.09210516711750394 ) ) ;
#4673 = SURFACE_SIDE_STYLE ('',( #5214 ) ) ;
#4674 =( NAMED_UNIT ( * ) SI_UNIT ( $, .STERADIAN. ) SOLID_ANGLE_UNIT ( ) );
#4675 = FILL_AREA_STYLE_COLOUR ( '', #5002 ) ;
#4676 =( GEOMETRIC_REPRESENTATION_CONTEXT ( 3 ) GLOBAL_UNCERTAINTY_ASSIGNED_CONTEXT ( ( #2944 ) ) GLOBAL_UNIT_ASSIGNED_CONTEXT ( ( #729, #5132, #5636 ) ) REPRESENTATION_CONTEXT ( 'NONE', 'WORKASPACE' ) );
#4677 = LINE ( 'NONE', #4156, #246 ) ;
#4678 = ADVANCED_FACE ( 'NONE', ( #4319 ), #4868, .T. ) ;
#4679 = ORIENTED_EDGE ( 'NONE', *, *, #3027, .T. ) ;
#4680 =( LENGTH_UNIT ( ) NAMED_UNIT ( * ) SI_UNIT ( .MILLI., .METRE. ) );
#4681 = PRESENTATION_STYLE_ASSIGNMENT (( #618 ) ) ;
#4682 = CYLINDRICAL_SURFACE ( 'NONE', #5157, 2.486842105260001823 ) ;
#4683 = COLOUR_RGB ( '',0.5372549019607842924, 0.3490196078431372362, 0.3372549019607843368 ) ;
#4684 = ORIENTED_EDGE ( 'NONE', *, *, #3721, .T. ) ;
#4685 = CARTESIAN_POINT ( 'NONE',  ( -1.415112614726317812E-07, 16.83678048745307265, -14.09210516711750394 ) ) ;
#4686 = PRESENTATION_LAYER_ASSIGNMENT (  '', '', ( #4471 ) ) ;
#4687 = ORIENTED_EDGE ( 'NONE', *, *, #2534, .F. ) ;
#4688 = AXIS2_PLACEMENT_3D ( 'NONE', #526, #6156, #621 ) ;
#4689 = CARTESIAN_POINT ( 'NONE',  ( -1.277389033789058770, 10.44276558418318146, 14.09210535916249896 ) ) ;
#4690 = STYLED_ITEM ( 'NONE', ( #2301 ), #119 ) ;
#4691 = DIRECTION ( 'NONE',  ( -1.000000000000000000, -3.491481338843133355E-15, 0.000000000000000000 ) ) ;
#4692 = DIRECTION ( 'NONE',  ( 0.9156990849384907261, -0.3689922509688602914, 0.1591851267164879069 ) ) ;
#4693 = ORIENTED_EDGE ( 'NONE', *, *, #3264, .T. ) ;
#4694 = EDGE_CURVE ( 'NONE', #5700, #1457, #5977, .T. ) ;
#4695 =( NAMED_UNIT ( * ) PLANE_ANGLE_UNIT ( ) SI_UNIT ( $, .RADIAN. ) );
#4696 = SURFACE_STYLE_USAGE ( .BOTH. , #697 ) ;
#4697 = DIRECTION ( 'NONE',  ( -1.000000000000000000, 0.000000000000000000, 0.000000000000000000 ) ) ;
#4698 = VERTEX_POINT ( 'NONE', #392 ) ;
#4699 = CARTESIAN_POINT ( 'NONE',  ( 15.74999985846874395, -13.00532477566700429, 11.60526325390249980 ) ) ;
#4700 = LINE ( 'NONE', #3124, #3362 ) ;
#4701 = CARTESIAN_POINT ( 'NONE',  ( -6.962650063893747188, 11.03414890863010633, -12.25587334213716062 ) ) ;
#4702 = EDGE_CURVE ( 'NONE', #3840, #423, #4900, .T. ) ;
#4703 = SURFACE_STYLE_USAGE ( .BOTH. , #4673 ) ;
#4704 = LINE ( 'NONE', #4219, #4009 ) ;
#4705 = CARTESIAN_POINT ( 'NONE',  ( -3.315789615191189643, 1.915727855893079923, 11.60526325390249980 ) ) ;
#4706 = COLOUR_RGB ( '',0.8392156862745098200, 0.4666666666666666741, 0.3686274509803921795 ) ;
#4707 = ORIENTED_EDGE ( 'NONE', *, *, #1310, .T. ) ;
#4708 = PRESENTATION_LAYER_ASSIGNMENT (  '', '', ( #5634 ) ) ;
#4709 = SURFACE_SIDE_STYLE ('',( #3134 ) ) ;
#4710 = FILL_AREA_STYLE ('',( #2658 ) ) ;
#4711 =( GEOMETRIC_REPRESENTATION_CONTEXT ( 3 ) GLOBAL_UNCERTAINTY_ASSIGNED_CONTEXT ( ( #4725 ) ) GLOBAL_UNIT_ASSIGNED_CONTEXT ( ( #549, #5985, #5558 ) ) REPRESENTATION_CONTEXT ( 'NONE', 'WORKASPACE' ) );
#4712 = EDGE_CURVE ( 'NONE', #819, #4001, #346, .T. ) ;
#4713 = CARTESIAN_POINT ( 'NONE',  ( 25.69736827950875124, -1.400061617786994450, 14.09210535916249896 ) ) ;
#4714 = UNCERTAINTY_MEASURE_WITH_UNIT (LENGTH_MEASURE( 1.000000000000000082E-05 ), #2182, 'distance_accuracy_value', 'NONE');
#4715 =( GEOMETRIC_REPRESENTATION_CONTEXT ( 3 ) GLOBAL_UNCERTAINTY_ASSIGNED_CONTEXT ( ( #3204 ) ) GLOBAL_UNIT_ASSIGNED_CONTEXT ( ( #2815, #4335, #920 ) ) REPRESENTATION_CONTEXT ( 'NONE', 'WORKASPACE' ) );
#4716 = EDGE_LOOP ( 'NONE', ( #3555, #4684 ) ) ;
#4717 = PRESENTATION_LAYER_ASSIGNMENT (  '', '', ( #3986 ) ) ;
#4718 = CIRCLE ( 'NONE', #2212, 4.973684208000002549 ) ;
#4719 = CARTESIAN_POINT ( 'NONE',  ( -10.56907894199999909, -6.424342101999999777, -6.217105260000000300 ) ) ;
#4720 = ORIENTED_EDGE ( 'NONE', *, *, #2674, .F. ) ;
#4721 = STYLED_ITEM ( 'NONE', ( #6273 ), #4760 ) ;
#4722 = CARTESIAN_POINT ( 'NONE',  ( 3.315789332168745496, -13.00532477566691902, 14.09210535916249896 ) ) ;
#4723 = CARTESIAN_POINT ( 'NONE',  ( -1.104225889726087928, 21.55782072198846322, -14.04958654666344842 ) ) ;
#4724 =( NAMED_UNIT ( * ) SI_UNIT ( $, .STERADIAN. ) SOLID_ANGLE_UNIT ( ) );
#4725 = UNCERTAINTY_MEASURE_WITH_UNIT (LENGTH_MEASURE( 1.000000000000000082E-05 ), #549, 'distance_accuracy_value', 'NONE');
#4726 = SURFACE_STYLE_FILL_AREA ( #3248 ) ;
#4727 = CARTESIAN_POINT ( 'NONE',  ( -14.06985130754325475, 16.96535412153850686, 0.8057135851854679842 ) ) ;
#4728 = DIRECTION ( 'NONE',  ( -0.3682156562264106703, -0.6117229065628764229, 0.7001516379299702608 ) ) ;
#4729 = ORIENTED_EDGE ( 'NONE', *, *, #2192, .T. ) ;
#4730 = ORIENTED_EDGE ( 'NONE', *, *, #4121, .F. ) ;
#4731 = CARTESIAN_POINT ( 'NONE',  ( 2.486841963748738227, 19.48793347547822918, 13.87094264117508402 ) ) ;
#4732 =( BOUNDED_CURVE ( )  B_SPLINE_CURVE ( 3, ( #3122, #5076, #5009, #1593 ),
 .UNSPECIFIED., .F., .F. ) 
 B_SPLINE_CURVE_WITH_KNOTS ( ( 4, 4 ),
 ( 5.497787143782140618, 6.283185307179586232 ),
 .UNSPECIFIED. ) 
 CURVE ( )  GEOMETRIC_REPRESENTATION_ITEM ( )  RATIONAL_B_SPLINE_CURVE ( ( 1.000000000000000000, 0.9492530216741915661, 0.9492530216741915661, 1.000000000000000000 ) ) 
 REPRESENTATION_ITEM ( '' )  );
#4733 = UNCERTAINTY_MEASURE_WITH_UNIT (LENGTH_MEASURE( 1.000000000000000082E-05 ), #6292, 'distance_accuracy_value', 'NONE');
#4734 = CARTESIAN_POINT ( 'NONE',  ( 3.782711950058776917, 11.03414890901531287, 13.59428411229266409 ) ) ;
#4735 = DIRECTION ( 'NONE',  ( 0.000000000000000000, 0.000000000000000000, 1.000000000000000000 ) ) ;
#4736 =( GEOMETRIC_REPRESENTATION_CONTEXT ( 3 ) GLOBAL_UNCERTAINTY_ASSIGNED_CONTEXT ( ( #527 ) ) GLOBAL_UNIT_ASSIGNED_CONTEXT ( ( #781, #6280, #2774 ) ) REPRESENTATION_CONTEXT ( 'NONE', 'WORKASPACE' ) );
#4737 = EDGE_LOOP ( 'NONE', ( #5686, #5168, #2024, #5086 ) ) ;
#4738 =( NAMED_UNIT ( * ) PLANE_ANGLE_UNIT ( ) SI_UNIT ( $, .RADIAN. ) );
#4739 = DIRECTION ( 'NONE',  ( 1.000000000000000000, -5.782411586589119994E-16, -0.000000000000000000 ) ) ;
#4740 = SURFACE_STYLE_USAGE ( .BOTH. , #2649 ) ;
#4741 = DIRECTION ( 'NONE',  ( 0.000000000000000000, 1.000000000000000000, 0.000000000000000000 ) ) ;
#4742 = CIRCLE ( 'NONE', #368, 4.973684208000001661 ) ;
#4743 = SURFACE_STYLE_FILL_AREA ( #2324 ) ;
#4744 = COLOUR_RGB ( '',0.5372549019607842924, 0.3490196078431372362, 0.3372549019607843368 ) ;
#4745 = DIRECTION ( 'NONE',  ( 0.000000000000000000, -0.2648642316819890263, 0.9642857142857139685 ) ) ;
#4746 = LINE ( 'NONE', #5314, #464 ) ;
#4747 = ORIENTED_EDGE ( 'NONE', *, *, #3567, .F. ) ;
#4748 = EDGE_CURVE ( 'NONE', #2139, #5370, #4380, .T. ) ;
#4749 = STYLED_ITEM ( 'NONE', ( #3190 ), #5591 ) ;
#4750 = PRESENTATION_LAYER_ASSIGNMENT (  '', '', ( #3168 ) ) ;
#4751 = DIRECTION ( 'NONE',  ( -1.000000000000000000, 0.000000000000000000, 0.000000000000000000 ) ) ;
#4752 = DIRECTION ( 'NONE',  ( -1.000000000000000000, 0.000000000000000000, 0.000000000000000000 ) ) ;
#4753 = CARTESIAN_POINT ( 'NONE',  ( -1.415112608308845214E-07, 16.83678048745307620, 14.09210535916249896 ) ) ;
#4754 = ORIENTED_EDGE ( 'NONE', *, *, #3755, .T. ) ;
#4755 = LINE ( 'NONE', #2297, #3729 ) ;
#4756 = CIRCLE ( 'NONE', #5581, 2.486842105260001823 ) ;
#4757 = CARTESIAN_POINT ( 'NONE',  ( -1.873809195810107298, 17.68045658910192941, -13.96745756158654928 ) ) ;
#4758 = SURFACE_STYLE_FILL_AREA ( #1718 ) ;
#4759 = VERTEX_POINT ( 'NONE', #4772 ) ;
#4760 = ADVANCED_FACE ( 'NONE', ( #6246 ), #847, .T. ) ;
#4761 = CARTESIAN_POINT ( 'NONE',  ( -25.69736856253127044, -35.29808793353335261, 3.732494729325772642 ) ) ;
#4762 = CARTESIAN_POINT ( 'NONE',  ( -18.23684224675127652, -13.00532477566700784, -11.60526306185750478 ) ) ;
#4763 = DIRECTION ( 'NONE',  ( -2.989546126403735719E-16, 1.000000000000000000, 0.000000000000000000 ) ) ;
#4764 = CYLINDRICAL_SURFACE ( 'NONE', #5744, 4.973684210520003646 ) ;
#4765 = DIRECTION ( 'NONE',  ( -0.000000000000000000, -0.000000000000000000, -1.000000000000000000 ) ) ;
#4766 = ITEM_DEFINED_TRANSFORMATION ( 'NONE', 'NONE', #1877,  #4055 ) ;
#4767 = ADVANCED_FACE ( 'NONE', ( #1764 ), #5519, .T. ) ;
#4768 = CARTESIAN_POINT ( 'NONE',  ( 5.217767115856549509, 8.938610710449205854, -14.09210516711750394 ) ) ;
#4769 = ORIENTED_EDGE ( 'NONE', *, *, #76, .T. ) ;
#4770 = CARTESIAN_POINT ( 'NONE',  ( 7.848887821487235072, -1.426730199715486203, -0.7426474791951394039 ) ) ;
#4771 = ORIENTED_EDGE ( 'NONE', *, *, #2854, .T. ) ;
#4772 = CARTESIAN_POINT ( 'NONE',  ( 14.09210512162874096, 21.81046469797308163, 9.602249693434551087E-08 ) ) ;
#4773 = FACE_OUTER_BOUND ( 'NONE', #4441, .T. ) ;
#4774 = CARTESIAN_POINT ( 'NONE',  ( -0.6388009599224073742, 10.73844208090466879, -14.09210516711750394 ) ) ;
#4775 = DIRECTION ( 'NONE',  ( -0.000000000000000000, -0.000000000000000000, -1.000000000000000000 ) ) ;
#4776 = B_SPLINE_CURVE_WITH_KNOTS ( 'NONE', 3,
 ( #3999, #3611, #2106, #614, #3074, #5084, #3585, #1603, #5051, #2591 ),
 .UNSPECIFIED., .F., .F.,
 ( 4, 2, 2, 2, 4 ),
 ( -1.961647507430044866E-05, 0.004200436817917413586, 0.006310463464413270523, 0.007365476787661196824, 0.008420490110909123124 ),
 .UNSPECIFIED. ) ;
#4777 = FACE_OUTER_BOUND ( 'NONE', #4789, .T. ) ;
#4778 = CARTESIAN_POINT ( 'NONE',  ( 2.470281383784618257, 18.99416959961966356, -7.477597427361232008 ) ) ;
#4779 = SURFACE_SIDE_STYLE ('',( #880 ) ) ;
#4780 = CARTESIAN_POINT ( 'NONE',  ( 3.315789332168654457, 1.915727855893079479, -14.09210516711750394 ) ) ;
#4781 = EDGE_LOOP ( 'NONE', ( #3929, #3496, #465, #4370 ) ) ;
#4782 = CARTESIAN_POINT ( 'NONE',  ( -4.973684207999997220, -1.336732849063846373, -4.973684208000001661 ) ) ;
#4783 =( NAMED_UNIT ( * ) PLANE_ANGLE_UNIT ( ) SI_UNIT ( $, .RADIAN. ) );
#4784 = CARTESIAN_POINT ( 'NONE',  ( 3.315789332168745496, 8.547306803253071905, 14.09210535916249896 ) ) ;
#4785 = VERTEX_POINT ( 'NONE', #4500 ) ;
#4786 = EDGE_CURVE ( 'NONE', #2689, #3016, #1437, .T. ) ;
#4787 = CARTESIAN_POINT ( 'NONE',  ( -2.486842246771261422, 19.16110202427066866, -13.87094244913009078 ) ) ;
#4788 = CARTESIAN_POINT ( 'NONE',  ( 3.315789332168745496, -13.00532477566691902, 14.09210535916249896 ) ) ;
#4789 = EDGE_LOOP ( 'NONE', ( #3911, #3225, #3100, #5697 ) ) ;
#4790 = SURFACE_STYLE_USAGE ( .BOTH. , #791 ) ;
#4791 = CARTESIAN_POINT ( 'NONE',  ( -2.156732294740658418, 18.07497836595894469, 7.574486479776895820 ) ) ;
#4792 = DIRECTION ( 'NONE',  ( -1.000000000000000000, -0.000000000000000000, -0.000000000000000000 ) ) ;
#4793 = ADVANCED_FACE ( 'NONE', ( #3432 ), #4971, .F. ) ;
#4794 = AXIS2_PLACEMENT_3D ( 'NONE', #1106, #1527, #5166 ) ;
#4795 = CYLINDRICAL_SURFACE ( 'NONE', #3992, 2.486842105260001823 ) ;
#4796 = AXIS2_PLACEMENT_3D ( 'NONE', #4963, #5940, #1934 ) ;
#4797 = EDGE_LOOP ( 'NONE', ( #6288, #771, #4729, #2666 ) ) ;
#4798 = CARTESIAN_POINT ( 'NONE',  ( 15.74999985846874395, -13.00532477566700429, 14.09210535916249896 ) ) ;
#4799 = EDGE_CURVE ( 'NONE', #5913, #685, #5493, .T. ) ;
#4800 = AXIS2_PLACEMENT_3D ( 'NONE', #1441, #4472, #974 ) ;
#4801 = CARTESIAN_POINT ( 'NONE',  ( -1.415112597468467527E-07, 11.03414890851307462, 14.09210535916249896 ) ) ;
#4802 = CARTESIAN_POINT ( 'NONE',  ( 28.18421038476874685, -1.400061617787011992, 11.60526325390249980 ) ) ;
#4803 = STYLED_ITEM ( 'NONE', ( #4922 ), #3649 ) ;
#4804 = CARTESIAN_POINT ( 'NONE',  ( 28.18421038476873974, -32.90006161774690696, 3.073819205801695986 ) ) ;
#4805 = VERTEX_POINT ( 'NONE', #2552 ) ;
#4806 =( NAMED_UNIT ( * ) SI_UNIT ( $, .STERADIAN. ) SOLID_ANGLE_UNIT ( ) );
#4807 = CARTESIAN_POINT ( 'NONE',  ( -25.69736856253127399, -21.70927214407692674, 9.602249662979534408E-08 ) ) ;
#4808 =( NAMED_UNIT ( * ) SI_UNIT ( $, .STERADIAN. ) SOLID_ANGLE_UNIT ( ) );
#4809 = CARTESIAN_POINT ( 'NONE',  ( -25.69736856253124913, -35.38690372300693099, -3.073819013756638796 ) ) ;
#4810 = CARTESIAN_POINT ( 'NONE',  ( -11.65277442522542906, 20.11016949152541144, -4.144736839999986877 ) ) ;
#4811 = EDGE_LOOP ( 'NONE', ( #2093, #300, #2833, #5821 ) ) ;
#4812 =( NAMED_UNIT ( * ) PLANE_ANGLE_UNIT ( ) SI_UNIT ( $, .RADIAN. ) );
#4813 = PRESENTATION_LAYER_ASSIGNMENT (  '', '', ( #3131 ) ) ;
#4814 = SURFACE_SIDE_STYLE ('',( #6339 ) ) ;
#4815 = AXIS2_PLACEMENT_3D ( 'NONE', #4460, #3978, #2380 ) ;
#4816 = CARTESIAN_POINT ( 'NONE',  ( 3.315789332168745496, -13.00532477566691902, -11.60526306185750478 ) ) ;
#4817 = ORIENTED_EDGE ( 'NONE', *, *, #2988, .F. ) ;
#4818 = CIRCLE ( 'NONE', #2634, 14.09210526314000234 ) ;
#4819 = CIRCLE ( 'NONE', #1687, 7.874999999990000887 ) ;
#4820 = PRESENTATION_LAYER_ASSIGNMENT (  '', '', ( #5040 ) ) ;
#4821 = LINE ( 'NONE', #3246, #2287 ) ;
#4822 = SURFACE_SIDE_STYLE ('',( #3881 ) ) ;
#4823 = MECHANICAL_DESIGN_GEOMETRIC_PRESENTATION_REPRESENTATION (  '', ( #4612 ), #1281 ) ;
#4824 = CIRCLE ( 'NONE', #1487, 2.486842105260001823 ) ;
#4825 = EDGE_CURVE ( 'NONE', #5094, #3592, #3671, .T. ) ;
#4826 = ORIENTED_EDGE ( 'NONE', *, *, #1310, .F. ) ;
#4827 = CARTESIAN_POINT ( 'NONE',  ( 4.003060811968536470, -0.5711142493669151277, -6.823873748278134421 ) ) ;
#4828 = MECHANICAL_DESIGN_GEOMETRIC_PRESENTATION_REPRESENTATION (  '', ( #2029 ), #1694 ) ;
#4829 = CARTESIAN_POINT ( 'NONE',  ( -10.56907894199999909, -6.424342101999999777, 6.217105260000000300 ) ) ;
#4830 = CARTESIAN_POINT ( 'NONE',  ( -7.869879683110104551, 21.79439280128834966, 0.3267382793798481733 ) ) ;
#4831 = ORIENTED_EDGE ( 'NONE', *, *, #5211, .F. ) ;
#4832 = CARTESIAN_POINT ( 'NONE',  ( 25.69736827950874769, -21.70927214407691963, -14.09210516711750394 ) ) ;
#4833 = PRESENTATION_STYLE_ASSIGNMENT (( #5947 ) ) ;
#4834 = DIRECTION ( 'NONE',  ( 0.000000000000000000, 1.000000000000000000, 0.000000000000000000 ) ) ;
#4835 = SURFACE_STYLE_FILL_AREA ( #2839 ) ;
#4836 = SURFACE_SIDE_STYLE ('',( #5346 ) ) ;
#4837 = DIRECTION ( 'NONE',  ( -1.000000000000000000, 0.000000000000000000, 0.000000000000000000 ) ) ;
#4838 = DIRECTION ( 'NONE',  ( -0.000000000000000000, 1.000000000000000000, -0.000000000000000000 ) ) ;
#4839 = EDGE_CURVE ( 'NONE', #4220, #1123, #5964, .T. ) ;
#4840 = CARTESIAN_POINT ( 'NONE',  ( 0.000000000000000000, -4.973684208000001661, 4.973684208000001661 ) ) ;
#4841 = DIRECTION ( 'NONE',  ( 0.000000000000000000, 1.000000000000000000, 0.000000000000000000 ) ) ;
#4842 = AXIS2_PLACEMENT_3D ( 'NONE', #4660, #6301, #1302 ) ;
#4843 = ORIENTED_EDGE ( 'NONE', *, *, #4516, .F. ) ;
#4844 = FILL_AREA_STYLE ('',( #2844 ) ) ;
#4845 = COLOUR_RGB ( '',0.5372549019607842924, 0.3490196078431372362, 0.3372549019607843368 ) ;
#4846 = PRESENTATION_LAYER_ASSIGNMENT (  '', '', ( #659 ) ) ;
#4847 = ORIENTED_EDGE ( 'NONE', *, *, #1469, .F. ) ;
#4848 = SURFACE_SIDE_STYLE ('',( #380 ) ) ;
#4849 =( GEOMETRIC_REPRESENTATION_CONTEXT ( 3 ) GLOBAL_UNCERTAINTY_ASSIGNED_CONTEXT ( ( #5571 ) ) GLOBAL_UNIT_ASSIGNED_CONTEXT ( ( #994, #1336, #4488 ) ) REPRESENTATION_CONTEXT ( 'NONE', 'WORKASPACE' ) );
#4850 = UNCERTAINTY_MEASURE_WITH_UNIT (LENGTH_MEASURE( 1.000000000000000082E-05 ), #2341, 'distance_accuracy_value', 'NONE');
#4851 = STYLED_ITEM ( 'NONE', ( #5557 ), #4497 ) ;
#4852 = AXIS2_PLACEMENT_3D ( 'NONE', #5637, #515, #132 ) ;
#4853 = TOROIDAL_SURFACE ( 'NONE', #5392, 11.60526315788000140, 2.486842105260000491 ) ;
#4854 = PRESENTATION_STYLE_ASSIGNMENT (( #353 ) ) ;
#4855 = FILL_AREA_STYLE ('',( #2851 ) ) ;
#4856 =( GEOMETRIC_REPRESENTATION_CONTEXT ( 3 ) GLOBAL_UNCERTAINTY_ASSIGNED_CONTEXT ( ( #3213 ) ) GLOBAL_UNIT_ASSIGNED_CONTEXT ( ( #5031, #5547, #2069 ) ) REPRESENTATION_CONTEXT ( 'NONE', 'WORKASPACE' ) );
#4857 = SHAPE_DEFINITION_REPRESENTATION ( #5494, #4274 ) ;
#4858 = ORIENTED_EDGE ( 'NONE', *, *, #910, .F. ) ;
#4859 = CARTESIAN_POINT ( 'NONE',  ( 7.702558473906690573, 21.19728375493435024, 1.643183408532243650 ) ) ;
#4860 = ORIENTED_EDGE ( 'NONE', *, *, #5507, .T. ) ;
#4861 = CARTESIAN_POINT ( 'NONE',  ( 25.69736827950874414, -32.90006161774692117, 3.073819205801636922 ) ) ;
#4862 = DIRECTION ( 'NONE',  ( 0.000000000000000000, 0.000000000000000000, -1.000000000000000000 ) ) ;
#4863 = ADVANCED_FACE ( 'NONE', ( #572 ), #2609, .T. ) ;
#4864 = CARTESIAN_POINT ( 'NONE',  ( 0.7758014718744747906, 11.03414890851307462, 14.09210535916249896 ) ) ;
#4865 = PRESENTATION_STYLE_ASSIGNMENT (( #5844 ) ) ;
#4866 = CARTESIAN_POINT ( 'NONE',  ( -7.623416690495693260, 20.84104712373882506, 1.976810111629745625 ) ) ;
#4867 = ORIENTED_EDGE ( 'NONE', *, *, #3837, .T. ) ;
#4868 = CYLINDRICAL_SURFACE ( 'NONE', #2945, 2.486842105260001823 ) ;
#4869 =( LENGTH_UNIT ( ) NAMED_UNIT ( * ) SI_UNIT ( .MILLI., .METRE. ) );
#4870 =( NAMED_UNIT ( * ) PLANE_ANGLE_UNIT ( ) SI_UNIT ( $, .RADIAN. ) );
#4871 = ADVANCED_FACE ( 'NONE', ( #6137, #6108 ), #210, .F. ) ;
#4872 = FACE_OUTER_BOUND ( 'NONE', #2734, .T. ) ;
#4873 = CARTESIAN_POINT ( 'NONE',  ( 18.23684196372874666, -13.00532477566702205, -11.60526306185750478 ) ) ;
#4874 = CARTESIAN_POINT ( 'NONE',  ( -1.415112614726319400E-07, 11.03414890851307462, 14.09210535916249896 ) ) ;
#4875 = DIRECTION ( 'NONE',  ( -5.782411586589358625E-16, 1.000000000000000000, 0.000000000000000000 ) ) ;
#4876 = CARTESIAN_POINT ( 'NONE',  ( 1.986876720614564773, 20.85352943049422692, -7.623817521208549053 ) ) ;
#4877 = SURFACE_STYLE_FILL_AREA ( #5957 ) ;
#4878 = EDGE_CURVE ( 'NONE', #5093, #4669, #1150, .T. ) ;
#4879 = CARTESIAN_POINT ( 'NONE',  ( 1.253815661832050843, 21.49551970113042998, -14.03941383663796749 ) ) ;
#4880 = DIRECTION ( 'NONE',  ( 0.000000000000000000, 0.000000000000000000, 1.000000000000000000 ) ) ;
#4881 = EDGE_LOOP ( 'NONE', ( #1812, #3137, #2764, #3598 ) ) ;
#4882 = FACE_OUTER_BOUND ( 'NONE', #6071, .T. ) ;
#4883 =( NAMED_UNIT ( * ) SI_UNIT ( $, .STERADIAN. ) SOLID_ANGLE_UNIT ( ) );
#4884 = CARTESIAN_POINT ( 'NONE',  ( 10.56907894200000086, 6.424342101999999777, 6.217105260000000300 ) ) ;
#4885 = STYLED_ITEM ( 'NONE', ( #215 ), #6354 ) ;
#4886 = SURFACE_STYLE_FILL_AREA ( #3918 ) ;
#4887 = ORIENTED_EDGE ( 'NONE', *, *, #5826, .T. ) ;
#4888 = EDGE_LOOP ( 'NONE', ( #4720, #445, #497, #1243 ) ) ;
#4889 =( NAMED_UNIT ( * ) PLANE_ANGLE_UNIT ( ) SI_UNIT ( $, .RADIAN. ) );
#4890 = FILL_AREA_STYLE_COLOUR ( '', #2627 ) ;
#4891 = COLOUR_RGB ( '',0.7921568627450980005, 0.8196078431372548767, 0.9333333333333333481 ) ;
#4892 = AXIS2_PLACEMENT_3D ( 'NONE', #162, #4741, #1183 ) ;
#4893 = STYLED_ITEM ( 'NONE', ( #965 ), #2825 ) ;
#4894 =( NAMED_UNIT ( * ) PLANE_ANGLE_UNIT ( ) SI_UNIT ( $, .RADIAN. ) );
#4895 = SURFACE_SIDE_STYLE ('',( #1369 ) ) ;
#4896 = AXIS2_PLACEMENT_3D ( 'NONE', #3984, #4502, #34 ) ;
#4897 = ORIENTED_EDGE ( 'NONE', *, *, #5211, .T. ) ;
#4898 = ORIENTED_EDGE ( 'NONE', *, *, #4947, .F. ) ;
#4899 = B_SPLINE_CURVE_WITH_KNOTS ( 'NONE', 3,
 ( #3548, #6014, #3474, #2976, #5527, #577, #4052, #101, #4573, #4547, #1506, #4977, #3964, #1045, #3033, #5045, #5983, #3991 ),
 .UNSPECIFIED., .F., .F.,
 ( 4, 2, 2, 2, 2, 2, 2, 2, 4 ),
 ( 0.003913883636019869529, 0.004402824269788717902, 0.004891764903557565408, 0.005380705537326413782, 0.005869646171095262155, 0.006358586804864110528, 0.006847527438632958034, 0.007336468072401807275, 0.007825408706170655648 ),
 .UNSPECIFIED. ) ;
#4900 = LINE ( 'NONE', #5732, #3147 ) ;
#4901 = CARTESIAN_POINT ( 'NONE',  ( 2.358741948482542039, 20.12798938175076557, 7.513733492010210568 ) ) ;
#4902 =( GEOMETRIC_REPRESENTATION_CONTEXT ( 3 ) GLOBAL_UNCERTAINTY_ASSIGNED_CONTEXT ( ( #5506 ) ) GLOBAL_UNIT_ASSIGNED_CONTEXT ( ( #4019, #66, #3576 ) ) REPRESENTATION_CONTEXT ( 'NONE', 'WORKASPACE' ) );
#4903 = CARTESIAN_POINT ( 'NONE',  ( -7.016257152166804900, -1.133413537324320597, 3.595266187864298413 ) ) ;
#4904 = COLOUR_RGB ( '',0.8392156862745098200, 0.4666666666666666741, 0.3686274509803921795 ) ;
#4905 = LINE ( 'NONE', #3902, #610 ) ;
#4906 = CIRCLE ( 'NONE', #2279, 4.973684208000001661 ) ;
#4907 = LINE ( 'NONE', #4809, #6096 ) ;
#4908 = AXIS2_PLACEMENT_3D ( 'NONE', #216, #5768, #5308 ) ;
#4909 = EDGE_CURVE ( 'NONE', #5176, #6432, #120, .T. ) ;
#4910 = EDGE_CURVE ( 'NONE', #5653, #2712, #19, .T. ) ;
#4911 = FILL_AREA_STYLE ('',( #1446 ) ) ;
#4912 =( NAMED_UNIT ( * ) SI_UNIT ( $, .STERADIAN. ) SOLID_ANGLE_UNIT ( ) );
#4913 = CARTESIAN_POINT ( 'NONE',  ( 1.518161892353461440, 21.29993416125046579, -7.728486424419355849 ) ) ;
#4914 = CARTESIAN_POINT ( 'NONE',  ( -1.975998135758928020, 20.84221681455470687, 7.623634850687121656 ) ) ;
#4915 = PRODUCT ( 'final', 'final', '', ( #355 ) ) ;
#4916 = EDGE_LOOP ( 'NONE', ( #2096, #3810 ) ) ;
#4917 = EDGE_CURVE ( 'NONE', #1457, #2579, #2278, .T. ) ;
#4918 = DIRECTION ( 'NONE',  ( -1.000000000000000000, 0.000000000000000000, 0.000000000000000000 ) ) ;
#4919 = CARTESIAN_POINT ( 'NONE',  ( 18.23684196372875022, -21.70927214407692318, 9.602249662979534408E-08 ) ) ;
#4920 =( NAMED_UNIT ( * ) PLANE_ANGLE_UNIT ( ) SI_UNIT ( $, .RADIAN. ) );
#4921 = UNCERTAINTY_MEASURE_WITH_UNIT (LENGTH_MEASURE( 1.000000000000000082E-05 ), #4216, 'distance_accuracy_value', 'NONE');
#4922 = PRESENTATION_STYLE_ASSIGNMENT (( #1894 ) ) ;
#4923 = CARTESIAN_POINT ( 'NONE',  ( -3.315789615191189643, 1.915727855893078369, -11.60526306185750478 ) ) ;
#4924 = EDGE_LOOP ( 'NONE', ( #6447, #1827 ) ) ;
#4925 = PRESENTATION_LAYER_ASSIGNMENT (  '', '', ( #3884 ) ) ;
#4926 =( LENGTH_UNIT ( ) NAMED_UNIT ( * ) SI_UNIT ( .MILLI., .METRE. ) );
#4927 = MECHANICAL_DESIGN_GEOMETRIC_PRESENTATION_REPRESENTATION (  '', ( #3986 ), #4406 ) ;
#4928 =( GEOMETRIC_REPRESENTATION_CONTEXT ( 3 ) GLOBAL_UNCERTAINTY_ASSIGNED_CONTEXT ( ( #794 ) ) GLOBAL_UNIT_ASSIGNED_CONTEXT ( ( #2625, #4617, #1157 ) ) REPRESENTATION_CONTEXT ( 'NONE', 'WORKASPACE' ) );
#4929 = ORIENTED_EDGE ( 'NONE', *, *, #3605, .F. ) ;
#4930 = CARTESIAN_POINT ( 'NONE',  ( 2.359372690039494902, 18.52087164928707708, -13.89333709131403793 ) ) ;
#4931 =( NAMED_UNIT ( * ) SI_UNIT ( $, .STERADIAN. ) SOLID_ANGLE_UNIT ( ) );
#4932 =( GEOMETRIC_REPRESENTATION_CONTEXT ( 3 ) GLOBAL_UNCERTAINTY_ASSIGNED_CONTEXT ( ( #4595 ) ) GLOBAL_UNIT_ASSIGNED_CONTEXT ( ( #9, #2529, #5589 ) ) REPRESENTATION_CONTEXT ( 'NONE', 'WORKASPACE' ) );
#4933 = CARTESIAN_POINT ( 'NONE',  ( 3.516925830957229326, 3.516925830957267074, -3.516925830957256860 ) ) ;
#4934 = VERTEX_POINT ( 'NONE', #6241 ) ;
#4935 = ORIENTED_EDGE ( 'NONE', *, *, #3073, .F. ) ;
#4936 =( LENGTH_UNIT ( ) NAMED_UNIT ( * ) SI_UNIT ( .MILLI., .METRE. ) );
#4937 = DIRECTION ( 'NONE',  ( 1.000000000000000000, -1.743901907068844768E-16, 0.000000000000000000 ) ) ;
#4938 = SURFACE_STYLE_FILL_AREA ( #3834 ) ;
#4939 =( LENGTH_UNIT ( ) NAMED_UNIT ( * ) SI_UNIT ( .MILLI., .METRE. ) );
#4940 = CIRCLE ( 'NONE', #2125, 4.973684210520000093 ) ;
#4941 = DIRECTION ( 'NONE',  ( 0.000000000000000000, 0.000000000000000000, 1.000000000000000000 ) ) ;
#4942 =( GEOMETRIC_REPRESENTATION_CONTEXT ( 3 ) GLOBAL_UNCERTAINTY_ASSIGNED_CONTEXT ( ( #1454 ) ) GLOBAL_UNIT_ASSIGNED_CONTEXT ( ( #5775, #2650, #4152 ) ) REPRESENTATION_CONTEXT ( 'NONE', 'WORKASPACE' ) );
#4943 = CYLINDRICAL_SURFACE ( 'NONE', #4005, 2.486842105260001823 ) ;
#4944 = SURFACE_SIDE_STYLE ('',( #5382 ) ) ;
#4945 = DIRECTION ( 'NONE',  ( 0.000000000000000000, 0.000000000000000000, 1.000000000000000000 ) ) ;
#4946 = CARTESIAN_POINT ( 'NONE',  ( -2.571712968749381822, -4.462138693165095482, -4.462138693165095482 ) ) ;
#4947 = EDGE_CURVE ( 'NONE', #218, #5700, #5367, .T. ) ;
#4948 = ORIENTED_EDGE ( 'NONE', *, *, #6397, .F. ) ;
#4949 = FACE_OUTER_BOUND ( 'NONE', #5910, .T. ) ;
#4950 = CARTESIAN_POINT ( 'NONE',  ( -6.424342101999999777, 10.56907894200000086, 6.217105260000000300 ) ) ;
#4951 = FACE_OUTER_BOUND ( 'NONE', #3563, .T. ) ;
#4952 =( GEOMETRIC_REPRESENTATION_CONTEXT ( 3 ) GLOBAL_UNCERTAINTY_ASSIGNED_CONTEXT ( ( #3275 ) ) GLOBAL_UNIT_ASSIGNED_CONTEXT ( ( #3805, #1947, #5412 ) ) REPRESENTATION_CONTEXT ( 'NONE', 'WORKASPACE' ) );
#4953 = AXIS2_PLACEMENT_3D ( 'NONE', #2947, #2431, #4421 ) ;
#4954 = DIRECTION ( 'NONE',  ( -1.000000000000000000, 0.000000000000000000, 0.000000000000000000 ) ) ;
#4955 = EDGE_CURVE ( 'NONE', #1126, #5336, #1272, .T. ) ;
#4956 = FILL_AREA_STYLE ('',( #1488 ) ) ;
#4957 = CARTESIAN_POINT ( 'NONE',  ( 25.69736827950874769, -13.00532477566692435, 14.09210535916249896 ) ) ;
#4958 = ORIENTED_EDGE ( 'NONE', *, *, #2534, .T. ) ;
#4959 = VERTEX_POINT ( 'NONE', #5727 ) ;
#4960 = COLOUR_RGB ( '',0.5372549019607842924, 0.3490196078431372362, 0.3372549019607843368 ) ;
#4961 = CARTESIAN_POINT ( 'NONE',  ( 2.470578114266110070, 18.99661790077272627, -13.87388579770337316 ) ) ;
#4962 = DIRECTION ( 'NONE',  ( -0.000000000000000000, -1.000000000000000000, -0.000000000000000000 ) ) ;
#4963 = CARTESIAN_POINT ( 'NONE',  ( -45.49911695932713229, 20.11016949152541144, 1.861560328787486385E-17 ) ) ;
#4964 = EDGE_CURVE ( 'NONE', #358, #4581, #801, .T. ) ;
#4965 = CIRCLE ( 'NONE', #775, 12.43421052629999934 ) ;
#4966 = STYLED_ITEM ( 'NONE', ( #5897 ), #2264 ) ;
#4967 =( NAMED_UNIT ( * ) PLANE_ANGLE_UNIT ( ) SI_UNIT ( $, .RADIAN. ) );
#4968 = LINE ( 'NONE', #6385, #5440 ) ;
#4969 = ORIENTED_EDGE ( 'NONE', *, *, #271, .T. ) ;
#4970 = EDGE_LOOP ( 'NONE', ( #2791, #3238, #6003 ) ) ;
#4971 = CYLINDRICAL_SURFACE ( 'NONE', #4298, 12.43421052630000112 ) ;
#4972 = APPLICATION_CONTEXT ( 'automotive_design' ) ;
#4973 =( NAMED_UNIT ( * ) PLANE_ANGLE_UNIT ( ) SI_UNIT ( $, .RADIAN. ) );
#4974 =( NAMED_UNIT ( * ) PLANE_ANGLE_UNIT ( ) SI_UNIT ( $, .RADIAN. ) );
#4975 = SURFACE_STYLE_FILL_AREA ( #4473 ) ;
#4976 = CARTESIAN_POINT ( 'NONE',  ( 0.000000000000000000, -10.56907894200000086, 0.000000000000000000 ) ) ;
#4977 = CARTESIAN_POINT ( 'NONE',  ( -1.249667164966570043, 17.16750121598143863, -7.776411582634538355 ) ) ;
#4978 = CARTESIAN_POINT ( 'NONE',  ( -4.973684208000004325, -4.973684208000057616, 1.336732849063836381 ) ) ;
#4979 = DIRECTION ( 'NONE',  ( -1.000000000000000000, 0.000000000000000000, 0.000000000000000000 ) ) ;
#4980 = CARTESIAN_POINT ( 'NONE',  ( 0.3270722130854827880, 21.79429044479680755, -14.08922442783245899 ) ) ;
#4981 = ORIENTED_EDGE ( 'NONE', *, *, #6105, .T. ) ;
#4982 = CIRCLE ( 'NONE', #4449, 4.973684208000001661 ) ;
#4983 = SURFACE_STYLE_USAGE ( .BOTH. , #586 ) ;
#4984 = SURFACE_SIDE_STYLE ('',( #2984 ) ) ;
#4985 = EDGE_CURVE ( 'NONE', #2379, #1677, #2381, .T. ) ;
#4986 = UNCERTAINTY_MEASURE_WITH_UNIT (LENGTH_MEASURE( 1.000000000000000082E-05 ), #5688, 'distance_accuracy_value', 'NONE');
#4987 = ORIENTED_EDGE ( 'NONE', *, *, #3923, .F. ) ;
#4988 = PLANE ( 'NONE',  #370 ) ;
#4989 = DIRECTION ( 'NONE',  ( -1.836970198721030674E-16, 1.000000000000000000, 0.000000000000000000 ) ) ;
#4990 = CARTESIAN_POINT ( 'NONE',  ( 7.702446128848548845, 21.19683325735778823, -1.643718018361307820 ) ) ;
#4991 = VERTEX_POINT ( 'NONE', #1335 ) ;
#4992 = FILL_AREA_STYLE ('',( #2993 ) ) ;
#4993 = CARTESIAN_POINT ( 'NONE',  ( 10.56907894200000086, -6.424342101999999777, 6.217105260000000300 ) ) ;
#4994 = ORIENTED_EDGE ( 'NONE', *, *, #1898, .T. ) ;
#4995 = CARTESIAN_POINT ( 'NONE',  ( -15.75000014149127381, -13.00532477566700962, 11.60526325390249980 ) ) ;
#4996 = EDGE_CURVE ( 'NONE', #630, #4581, #5135, .T. ) ;
#4997 = MECHANICAL_DESIGN_GEOMETRIC_PRESENTATION_REPRESENTATION (  '', ( #3547 ), #3103 ) ;
#4998 = ADVANCED_BREP_SHAPE_REPRESENTATION ( '', ( #6235, #4055 ), #1549 ) ;
#4999 =( NAMED_UNIT ( * ) PLANE_ANGLE_UNIT ( ) SI_UNIT ( $, .RADIAN. ) );
#5000 = VERTEX_POINT ( 'NONE', #3322 ) ;
#5001 = ORIENTED_EDGE ( 'NONE', *, *, #1522, .F. ) ;
#5002 = COLOUR_RGB ( '',0.5372549019607842924, 0.3490196078431372362, 0.3372549019607843368 ) ;
#5003 = CIRCLE ( 'NONE', #2900, 4.973684208000001661 ) ;
#5004 = SURFACE_STYLE_FILL_AREA ( #3956 ) ;
#5005 = EDGE_CURVE ( 'NONE', #2133, #6159, #3219, .T. ) ;
#5006 =( LENGTH_UNIT ( ) NAMED_UNIT ( * ) SI_UNIT ( .MILLI., .METRE. ) );
#5007 = PRESENTATION_STYLE_ASSIGNMENT (( #1562 ) ) ;
#5008 = COLOUR_RGB ( '',0.8392156862745098200, 0.4666666666666666741, 0.3686274509803921795 ) ;
#5009 = CARTESIAN_POINT ( 'NONE',  ( -4.973684208000001661, 4.973684207999983897, 1.336732849063822615 ) ) ;
#5010 = CARTESIAN_POINT ( 'NONE',  ( -45.49911695932713229, 20.11016949152541144, 1.861560328787486385E-17 ) ) ;
#5011 = PRESENTATION_LAYER_ASSIGNMENT (  '', '', ( #1355 ) ) ;
#5012 = AXIS2_PLACEMENT_3D ( 'NONE', #4485, #2138, #5568 ) ;
#5013 = VECTOR ( 'NONE', #6098, 1000.000000000000000 ) ;
#5014 = DIRECTION ( 'NONE',  ( -0.000000000000000000, 1.000000000000000000, -0.000000000000000000 ) ) ;
#5015 = FILL_AREA_STYLE ('',( #4054 ) ) ;
#5016 = CARTESIAN_POINT ( 'NONE',  ( -25.69736856253127399, -21.70927214407692674, 9.602249662979534408E-08 ) ) ;
#5017 = CARTESIAN_POINT ( 'NONE',  ( -0.1634738748755980298, 21.81046469797307452, 7.875000096012496620 ) ) ;
#5018 = CARTESIAN_POINT ( 'NONE',  ( -14.01082091749600167, 21.30048332813952428, -1.517434496242910491 ) ) ;
#5019 = ORIENTED_EDGE ( 'NONE', *, *, #2896, .F. ) ;
#5020 = FILL_AREA_STYLE ('',( #5055 ) ) ;
#5021 = CYLINDRICAL_SURFACE ( 'NONE', #4070, 5.802631576000000457 ) ;
#5022 =( NAMED_UNIT ( * ) PLANE_ANGLE_UNIT ( ) SI_UNIT ( $, .RADIAN. ) );
#5023 = EDGE_LOOP ( 'NONE', ( #107, #1523, #6130, #4409 ) ) ;
#5024 = DIRECTION ( 'NONE',  ( 0.000000000000000000, -0.000000000000000000, 1.000000000000000000 ) ) ;
#5025 = ORIENTED_EDGE ( 'NONE', *, *, #5521, .T. ) ;
#5026 = ORIENTED_EDGE ( 'NONE', *, *, #1681, .F. ) ;
#5027 =( NAMED_UNIT ( * ) SI_UNIT ( $, .STERADIAN. ) SOLID_ANGLE_UNIT ( ) );
#5028 = SURFACE_STYLE_USAGE ( .BOTH. , #6443 ) ;
#5029 =( GEOMETRIC_REPRESENTATION_CONTEXT ( 3 ) GLOBAL_UNCERTAINTY_ASSIGNED_CONTEXT ( ( #5117 ) ) GLOBAL_UNIT_ASSIGNED_CONTEXT ( ( #5973, #4008, #4931 ) ) REPRESENTATION_CONTEXT ( 'NONE', 'WORKASPACE' ) );
#5030 = FILL_AREA_STYLE ('',( #1036 ) ) ;
#5031 =( LENGTH_UNIT ( ) NAMED_UNIT ( * ) SI_UNIT ( .MILLI., .METRE. ) );
#5032 = EDGE_CURVE ( 'NONE', #717, #4318, #3504, .T. ) ;
#5033 = MECHANICAL_DESIGN_GEOMETRIC_PRESENTATION_REPRESENTATION (  '', ( #626 ), #3886 ) ;
#5034 = ORIENTED_EDGE ( 'NONE', *, *, #182, .T. ) ;
#5035 = DIRECTION ( 'NONE',  ( 1.000000000000000000, 6.938893903907226800E-15, 2.526228710457091200E-14 ) ) ;
#5036 = COLOUR_RGB ( '',0.5372549019607842924, 0.3490196078431372362, 0.3372549019607843368 ) ;
#5037 = DIRECTION ( 'NONE',  ( -1.000000000000000000, -1.826024711554539830E-16, -0.000000000000000000 ) ) ;
#5038 = STYLED_ITEM ( 'NONE', ( #1387 ), #5278 ) ;
#5039 = PRESENTATION_LAYER_ASSIGNMENT (  '', '', ( #1169 ) ) ;
#5040 = STYLED_ITEM ( 'NONE', ( #1070 ), #2018 ) ;
#5041 = FACE_OUTER_BOUND ( 'NONE', #3919, .T. ) ;
#5042 = SURFACE_SIDE_STYLE ('',( #5585 ) ) ;
#5043 = ADVANCED_FACE ( 'NONE', ( #3757 ), #2414, .F. ) ;
#5044 = MECHANICAL_DESIGN_GEOMETRIC_PRESENTATION_REPRESENTATION (  '', ( #4721 ), #29 ) ;
#5045 = CARTESIAN_POINT ( 'NONE',  ( -0.3278705757935555520, 16.85304359401439456, -7.869819740653412055 ) ) ;
#5046 = SURFACE_STYLE_USAGE ( .BOTH. , #5613 ) ;
#5047 = SURFACE_STYLE_USAGE ( .BOTH. , #4515 ) ;
#5048 = DIRECTION ( 'NONE',  ( 0.000000000000000000, -1.000000000000000000, 0.000000000000000000 ) ) ;
#5049 = CARTESIAN_POINT ( 'NONE',  ( 0.000000000000000000, 0.000000000000000000, -6.217105260000000300 ) ) ;
#5050 =( NAMED_UNIT ( * ) PLANE_ANGLE_UNIT ( ) SI_UNIT ( $, .RADIAN. ) );
#5051 = CARTESIAN_POINT ( 'NONE',  ( 7.639568915818140127, 8.547306803253077234, -14.09210516711750572 ) ) ;
#5052 = EDGE_CURVE ( 'NONE', #454, #1370, #1393, .T. ) ;
#5053 = AXIS2_PLACEMENT_3D ( 'NONE', #5928, #3838, #2903 ) ;
#5054 = ORIENTED_EDGE ( 'NONE', *, *, #5465, .F. ) ;
#5055 = FILL_AREA_STYLE_COLOUR ( '', #4538 ) ;
#5056 = CYLINDRICAL_SURFACE ( 'NONE', #1166, 4.973684208000001661 ) ;
#5057 = UNCERTAINTY_MEASURE_WITH_UNIT (LENGTH_MEASURE( 1.000000000000000082E-05 ), #2251, 'distance_accuracy_value', 'NONE');
#5058 = UNCERTAINTY_MEASURE_WITH_UNIT (LENGTH_MEASURE( 1.000000000000000082E-05 ), #115, 'distance_accuracy_value', 'NONE');
#5059 = CARTESIAN_POINT ( 'NONE',  ( 18.23684196372877153, -35.38690372300692388, 14.09210535916249896 ) ) ;
#5060 = PRESENTATION_LAYER_ASSIGNMENT (  '', '', ( #6197 ) ) ;
#5061 = ORIENTED_EDGE ( 'NONE', *, *, #1276, .T. ) ;
#5062 = ORIENTED_EDGE ( 'NONE', *, *, #4280, .T. ) ;
#5063 =( NAMED_UNIT ( * ) SI_UNIT ( $, .STERADIAN. ) SOLID_ANGLE_UNIT ( ) );
#5064 = SURFACE_STYLE_USAGE ( .BOTH. , #6029 ) ;
#5065 =( GEOMETRIC_REPRESENTATION_CONTEXT ( 3 ) GLOBAL_UNCERTAINTY_ASSIGNED_CONTEXT ( ( #5058 ) ) GLOBAL_UNIT_ASSIGNED_CONTEXT ( ( #115, #1127, #6026 ) ) REPRESENTATION_CONTEXT ( 'NONE', 'WORKASPACE' ) );
#5066 = CIRCLE ( 'NONE', #6325, 2.486842105260000491 ) ;
#5067 = ORIENTED_EDGE ( 'NONE', *, *, #1714, .T. ) ;
#5068 = CARTESIAN_POINT ( 'NONE',  ( 4.003037068330404402, -0.5711142493669151277, 6.823884962288114586 ) ) ;
#5069 = DIRECTION ( 'NONE',  ( -0.000000000000000000, -0.000000000000000000, -1.000000000000000000 ) ) ;
#5070 = ADVANCED_FACE ( 'NONE', ( #1525, #5514 ), #1932, .F. ) ;
#5071 = FILL_AREA_STYLE ('',( #3512 ) ) ;
#5072 =( GEOMETRIC_REPRESENTATION_CONTEXT ( 3 ) GLOBAL_UNCERTAINTY_ASSIGNED_CONTEXT ( ( #4986 ) ) GLOBAL_UNIT_ASSIGNED_CONTEXT ( ( #5688, #1715, #3207 ) ) REPRESENTATION_CONTEXT ( 'NONE', 'WORKASPACE' ) );
#5073 = PRESENTATION_LAYER_ASSIGNMENT (  '', '', ( #259 ) ) ;
#5074 = SURFACE_STYLE_USAGE ( .BOTH. , #4117 ) ;
#5075 = FACE_OUTER_BOUND ( 'NONE', #2171, .T. ) ;
#5076 = CARTESIAN_POINT ( 'NONE',  ( -4.462138693165091929, 4.462138693165076830, 2.571712968749389816 ) ) ;
#5077 =( LENGTH_UNIT ( ) NAMED_UNIT ( * ) SI_UNIT ( .MILLI., .METRE. ) );
#5078 = CYLINDRICAL_SURFACE ( 'NONE', #4404, 4.973684208000001661 ) ;
#5079 = EDGE_CURVE ( 'NONE', #3883, #174, #3399, .T. ) ;
#5080 = CARTESIAN_POINT ( 'NONE',  ( 13.92631655486720632, 20.57150818333572673, -2.157181243572764640 ) ) ;
#5081 = FILL_AREA_STYLE_COLOUR ( '', #2942 ) ;
#5082 = SURFACE_SIDE_STYLE ('',( #2131 ) ) ;
#5083 = DIRECTION ( 'NONE',  ( 0.000000000000000000, 0.000000000000000000, 1.000000000000000000 ) ) ;
#5084 = CARTESIAN_POINT ( 'NONE',  ( 6.242315754028195940, 8.716593194167534975, -14.09210516711750572 ) ) ;
#5085 = CARTESIAN_POINT ( 'NONE',  ( 25.69736827950874414, -32.90006161774692117, 3.073819205801632037 ) ) ;
#5086 = ORIENTED_EDGE ( 'NONE', *, *, #2781, .T. ) ;
#5087 = DIRECTION ( 'NONE',  ( 1.000000000000000000, 0.000000000000000000, -0.000000000000000000 ) ) ;
#5088 = SURFACE_STYLE_USAGE ( .BOTH. , #4984 ) ;
#5089 = ADVANCED_FACE ( 'NONE', ( #4435 ), #1558, .T. ) ;
#5090 = FILL_AREA_STYLE ('',( #6126 ) ) ;
#5091 = ORIENTED_EDGE ( 'NONE', *, *, #737, .F. ) ;
#5092 = CARTESIAN_POINT ( 'NONE',  ( -15.75000014149118321, 11.03414890851307639, -11.60526306185750478 ) ) ;
#5093 = VERTEX_POINT ( 'NONE', #657 ) ;
#5094 = VERTEX_POINT ( 'NONE', #2668 ) ;
#5095 = LINE ( 'NONE', #594, #600 ) ;
#5096 = SURFACE_SIDE_STYLE ('',( #4597 ) ) ;
#5097 = ORIENTED_EDGE ( 'NONE', *, *, #2477, .T. ) ;
#5098 = SURFACE_SIDE_STYLE ('',( #3152 ) ) ;
#5099 = PRESENTATION_STYLE_ASSIGNMENT (( #1110 ) ) ;
#5100 = FACE_OUTER_BOUND ( 'NONE', #4247, .T. ) ;
#5101 = CARTESIAN_POINT ( 'NONE',  ( -1.415112614726319400E-07, 27.61309627691307966, 9.602249662979534408E-08 ) ) ;
#5102 =( GEOMETRIC_REPRESENTATION_CONTEXT ( 3 ) GLOBAL_UNCERTAINTY_ASSIGNED_CONTEXT ( ( #6435 ) ) GLOBAL_UNIT_ASSIGNED_CONTEXT ( ( #2582, #3632, #1011 ) ) REPRESENTATION_CONTEXT ( 'NONE', 'WORKASPACE' ) );
#5103 = CARTESIAN_POINT ( 'NONE',  ( 0.7758014718741373938, 11.03414890851307462, -14.09210516711750394 ) ) ;
#5104 = CARTESIAN_POINT ( 'NONE',  ( -3.315789615191188755, -0.5711142493669213449, -7.142910036834831722 ) ) ;
#5105 = CARTESIAN_POINT ( 'NONE',  ( -1.415112614726319400E-07, 11.03414890851307462, 9.602249662979534408E-08 ) ) ;
#5106 = AXIS2_PLACEMENT_3D ( 'NONE', #2121, #2641, #249 ) ;
#5107 = PLANE ( 'NONE',  #1485 ) ;
#5108 = SURFACE_STYLE_USAGE ( .BOTH. , #6121 ) ;
#5109 = CARTESIAN_POINT ( 'NONE',  ( -13.89338687371114389, 18.52024633318980662, -2.359065647118694375 ) ) ;
#5110 = CARTESIAN_POINT ( 'NONE',  ( -28.18421066779126960, -21.70927214407692674, -11.60526306185750478 ) ) ;
#5111 = ADVANCED_FACE ( 'NONE', ( #1204 ), #1855, .T. ) ;
#5112 = EDGE_LOOP ( 'NONE', ( #1069, #4494, #3451, #3298 ) ) ;
#5113 = EDGE_CURVE ( 'NONE', #3016, #4220, #2941, .T. ) ;
#5114 = LINE ( 'NONE', #6153, #3714 ) ;
#5115 = CARTESIAN_POINT ( 'NONE',  ( -3.315789615191276241, -13.00532477566692258, 11.60526325390249980 ) ) ;
#5116 = CARTESIAN_POINT ( 'NONE',  ( -1.415112467382779879E-07, 16.83678048745288791, 7.875000096012557016 ) ) ;
#5117 = UNCERTAINTY_MEASURE_WITH_UNIT (LENGTH_MEASURE( 1.000000000000000082E-05 ), #5973, 'distance_accuracy_value', 'NONE');
#5118 = COLOUR_RGB ( '',0.8392156862745098200, 0.4666666666666666741, 0.3686274509803921795 ) ;
#5119 = COLOUR_RGB ( '',0.5372549019607842924, 0.3490196078431372362, 0.3372549019607843368 ) ;
#5120 = CARTESIAN_POINT ( 'NONE',  ( 2.486841963748738671, 19.32362259271307536, 14.09210535916249896 ) ) ;
#5121 = ORIENTED_EDGE ( 'NONE', *, *, #3363, .T. ) ;
#5122 = ADVANCED_FACE ( 'NONE', ( #1818 ), #2241, .F. ) ;
#5123 = CARTESIAN_POINT ( 'NONE',  ( 7.994078778775370431, 11.03414890851306573, -14.09210516711750749 ) ) ;
#5124 = AXIS2_PLACEMENT_3D ( 'NONE', #5845, #1465, #3464 ) ;
#5125 = DIRECTION ( 'NONE',  ( 0.000000000000000000, 0.000000000000000000, 1.000000000000000000 ) ) ;
#5126 = CARTESIAN_POINT ( 'NONE',  ( -14.03750893248090392, 21.48154666899351994, 1.246723211521976404 ) ) ;
#5127 = CARTESIAN_POINT ( 'NONE',  ( -28.18421066779126960, -16.73558793355692487, 9.602249723889598206E-08 ) ) ;
#5128 = ORIENTED_EDGE ( 'NONE', *, *, #3405, .F. ) ;
#5129 = CARTESIAN_POINT ( 'NONE',  ( 7.874888947987757959, -1.437083676886524275, 0.3751068297991226874 ) ) ;
#5130 = PRESENTATION_STYLE_ASSIGNMENT (( #1819 ) ) ;
#5131 = CARTESIAN_POINT ( 'NONE',  ( 7.762362289311677266, 10.87453513941139249, 14.09210535916190743 ) ) ;
#5132 =( NAMED_UNIT ( * ) PLANE_ANGLE_UNIT ( ) SI_UNIT ( $, .RADIAN. ) );
#5133 = SURFACE_SIDE_STYLE ('',( #4510 ) ) ;
#5134 = CARTESIAN_POINT ( 'NONE',  ( -2.470486185093351494, 19.65164727287065460, 7.477529886894548561 ) ) ;
#5135 = CIRCLE ( 'NONE', #1163, 2.486842105260001379 ) ;
#5136 = CARTESIAN_POINT ( 'NONE',  ( 28.18421038476875395, -26.68295635459692150, 9.602249662979534408E-08 ) ) ;
#5137 = AXIS2_PLACEMENT_3D ( 'NONE', #2391, #2938, #1945 ) ;
#5138 = AXIS2_PLACEMENT_3D ( 'NONE', #1493, #476, #3500 ) ;
#5139 = SURFACE_STYLE_FILL_AREA ( #3706 ) ;
#5140 = DIRECTION ( 'NONE',  ( 1.119176436114069332E-16, -1.000000000000000000, 0.000000000000000000 ) ) ;
#5141 = DIRECTION ( 'NONE',  ( -1.000000000000000000, -1.156482317317823999E-15, 0.000000000000000000 ) ) ;
#5142 = VECTOR ( 'NONE', #5069, 1000.000000000000000 ) ;
#5143 = FACE_OUTER_BOUND ( 'NONE', #6097, .T. ) ;
#5144 = CARTESIAN_POINT ( 'NONE',  ( 28.18421038476875395, 19.32362259271308247, 9.602249662979534408E-08 ) ) ;
#5145 = FILL_AREA_STYLE ('',( #4675 ) ) ;
#5146 = COLOUR_RGB ( '',0.5372549019607842924, 0.3490196078431372362, 0.3372549019607843368 ) ;
#5147 = DIRECTION ( 'NONE',  ( -0.000000000000000000, -0.000000000000000000, -1.000000000000000000 ) ) ;
#5148 = COLOUR_RGB ( '',0.5372549019607842924, 0.3490196078431372362, 0.3372549019607843368 ) ;
#5149 = ORIENTED_EDGE ( 'NONE', *, *, #3188, .F. ) ;
#5150 = CARTESIAN_POINT ( 'NONE',  ( -3.315789615191188755, -0.5711142493669216780, 14.09210535916249896 ) ) ;
#5151 =( NAMED_UNIT ( * ) SI_UNIT ( $, .STERADIAN. ) SOLID_ANGLE_UNIT ( ) );
#5152 = FACE_OUTER_BOUND ( 'NONE', #5846, .T. ) ;
#5153 = CARTESIAN_POINT ( 'NONE',  ( 28.18421038476875395, -21.70927214407691963, 9.602249662979534408E-08 ) ) ;
#5154 = VERTEX_POINT ( 'NONE', #1264 ) ;
#5155 = B_SPLINE_CURVE_WITH_KNOTS ( 'NONE', 3,
 ( #3142, #5159, #3833, #4589, #5811, #1346, #112, #5598, #3621, #147, #2664, #4654, #1125, #4098, #6095, #1613 ),
 .UNSPECIFIED., .F., .F.,
 ( 4, 2, 2, 2, 2, 2, 2, 4 ),
 ( 3.633099776461131965E-19, 0.0004892354545024842332, 0.0009784709090049680327, 0.001467706363507452266, 0.001956941818009936065, 0.002935412727014903231, 0.003424648181517386380, 0.003913883636019869529 ),
 .UNSPECIFIED. ) ;
#5156 = EDGE_CURVE ( 'NONE', #2543, #4934, #340, .T. ) ;
#5157 = AXIS2_PLACEMENT_3D ( 'NONE', #3742, #2744, #1709 ) ;
#5158 = FILL_AREA_STYLE_COLOUR ( '', #4015 ) ;
#5159 = CARTESIAN_POINT ( 'NONE',  ( -0.1655032101802829114, 21.81046469797307807, -7.874999903967506043 ) ) ;
#5160 = ORIENTED_EDGE ( 'NONE', *, *, #554, .T. ) ;
#5161 =( NAMED_UNIT ( * ) PLANE_ANGLE_UNIT ( ) SI_UNIT ( $, .RADIAN. ) );
#5162 = AXIS2_PLACEMENT_3D ( 'NONE', #1048, #5141, #551 ) ;
#5163 = EDGE_CURVE ( 'NONE', #376, #5763, #3679, .T. ) ;
#5164 = PRESENTATION_LAYER_ASSIGNMENT (  '', '', ( #6311 ) ) ;
#5165 = CARTESIAN_POINT ( 'NONE',  ( -13.96768286039746165, 20.96862230452556375, 1.872065359905109805 ) ) ;
#5166 = DIRECTION ( 'NONE',  ( 1.000000000000000000, 0.000000000000000000, 0.000000000000000000 ) ) ;
#5167 = ORIENTED_EDGE ( 'NONE', *, *, #4436, .F. ) ;
#5168 = ORIENTED_EDGE ( 'NONE', *, *, #4352, .F. ) ;
#5169 = AXIS2_PLACEMENT_3D ( 'NONE', #3910, #5899, #3414 ) ;
#5170 = STYLED_ITEM ( 'NONE', ( #6061 ), #3845 ) ;
#5171 = SURFACE_STYLE_FILL_AREA ( #1689 ) ;
#5172 = CYLINDRICAL_SURFACE ( 'NONE', #5178, 2.486842105260000046 ) ;
#5173 = PRESENTATION_LAYER_ASSIGNMENT (  '', '', ( #3167 ) ) ;
#5174 = AXIS2_PLACEMENT_3D ( 'NONE', #2258, #3374, #3835 ) ;
#5175 = SURFACE_SIDE_STYLE ('',( #604 ) ) ;
#5176 = VERTEX_POINT ( 'NONE', #3212 ) ;
#5177 =( NAMED_UNIT ( * ) SI_UNIT ( $, .STERADIAN. ) SOLID_ANGLE_UNIT ( ) );
#5178 = AXIS2_PLACEMENT_3D ( 'NONE', #2216, #4244, #3120 ) ;
#5179 = CARTESIAN_POINT ( 'NONE',  ( -6.424342101999998889, -10.56907894200000086, 6.217105260000000300 ) ) ;
#5180 = CARTESIAN_POINT ( 'NONE',  ( -7.994079061797902952, 11.03414890851307462, -11.60526306185750656 ) ) ;
#5181 = AXIS2_PLACEMENT_3D ( 'NONE', #5872, #2508, #4418 ) ;
#5182 =( NAMED_UNIT ( * ) PLANE_ANGLE_UNIT ( ) SI_UNIT ( $, .RADIAN. ) );
#5183 = PRESENTATION_STYLE_ASSIGNMENT (( #2680 ) ) ;
#5184 = SURFACE_STYLE_FILL_AREA ( #3610 ) ;
#5185 =( NAMED_UNIT ( * ) PLANE_ANGLE_UNIT ( ) SI_UNIT ( $, .RADIAN. ) );
#5186 = TOROIDAL_SURFACE ( 'NONE', #4546, 14.92105263155999850, 2.486842105260000491 ) ;
#5187 = PRESENTATION_STYLE_ASSIGNMENT (( #5248 ) ) ;
#5188 =( NAMED_UNIT ( * ) SI_UNIT ( $, .STERADIAN. ) SOLID_ANGLE_UNIT ( ) );
#5189 = DIRECTION ( 'NONE',  ( 1.000000000000000000, 0.000000000000000000, 0.000000000000000000 ) ) ;
#5190 = ORIENTED_EDGE ( 'NONE', *, *, #4425, .F. ) ;
#5191 = DIRECTION ( 'NONE',  ( -0.000000000000000000, -0.000000000000000000, -1.000000000000000000 ) ) ;
#5192 =( REPRESENTATION_RELATIONSHIP ('NONE','NONE', #4274, #3581 ) REPRESENTATION_RELATIONSHIP_WITH_TRANSFORMATION ( #6346 )SHAPE_REPRESENTATION_RELATIONSHIP( ) );
#5193 = DIRECTION ( 'NONE',  ( 0.000000000000000000, 0.000000000000000000, 1.000000000000000000 ) ) ;
#5194 = UNCERTAINTY_MEASURE_WITH_UNIT (LENGTH_MEASURE( 1.000000000000000082E-05 ), #3550, 'distance_accuracy_value', 'NONE');
#5195 = ORIENTED_EDGE ( 'NONE', *, *, #4436, .T. ) ;
#5196 = CARTESIAN_POINT ( 'NONE',  ( 10.56907894200000086, 6.424342101999999777, 6.217105260000000300 ) ) ;
#5197 = CARTESIAN_POINT ( 'NONE',  ( -0.6467804433444875878, 16.91684644047467856, -14.07816142598044529 ) ) ;
#5198 = ORIENTED_EDGE ( 'NONE', *, *, #509, .T. ) ;
#5199 = DIRECTION ( 'NONE',  ( -2.650730898744644994E-14, 0.000000000000000000, 1.000000000000000000 ) ) ;
#5200 = EDGE_CURVE ( 'NONE', #6432, #986, #5718, .T. ) ;
#5201 = DIRECTION ( 'NONE',  ( -0.000000000000000000, -0.000000000000000000, -1.000000000000000000 ) ) ;
#5202 = CARTESIAN_POINT ( 'NONE',  ( -7.641425515624394649, 8.547306806629968889, 14.09210535916249896 ) ) ;
#5203 = PLANE ( 'NONE',  #4842 ) ;
#5204 = DIRECTION ( 'NONE',  ( 0.9297404102811460680, -0.2422675716554739400, 0.2772890066598492909 ) ) ;
#5205 = EDGE_CURVE ( 'NONE', #6087, #5502, #348, .T. ) ;
#5206 = ADVANCED_FACE ( 'NONE', ( #2270 ), #3364, .T. ) ;
#5207 = VERTEX_POINT ( 'NONE', #312 ) ;
#5208 =( BOUNDED_CURVE ( )  B_SPLINE_CURVE ( 3, ( #3802, #6329, #839, #6281 ),
 .UNSPECIFIED., .F., .T. ) 
 B_SPLINE_CURVE_WITH_KNOTS ( ( 4, 4 ),
 ( 3.369016658928397418E-15, 0.7853981633974480570 ),
 .UNSPECIFIED. ) 
 CURVE ( )  GEOMETRIC_REPRESENTATION_ITEM ( )  RATIONAL_B_SPLINE_CURVE ( ( 1.000000000000000000, 0.9492530216741915661, 0.9492530216741915661, 1.000000000000000000 ) ) 
 REPRESENTATION_ITEM ( '' )  );
#5209 = SURFACE_STYLE_FILL_AREA ( #3191 ) ;
#5210 = DIRECTION ( 'NONE',  ( -2.511218746179137097E-14, 0.000000000000000000, -1.000000000000000000 ) ) ;
#5211 = EDGE_CURVE ( 'NONE', #5370, #2927, #4818, .T. ) ;
#5212 = ORIENTED_EDGE ( 'NONE', *, *, #2671, .F. ) ;
#5213 =( NAMED_UNIT ( * ) SI_UNIT ( $, .STERADIAN. ) SOLID_ANGLE_UNIT ( ) );
#5214 = SURFACE_STYLE_FILL_AREA ( #6214 ) ;
#5215 = DIRECTION ( 'NONE',  ( 4.336808689942038444E-16, -1.000000000000000000, 0.000000000000000000 ) ) ;
#5216 = CARTESIAN_POINT ( 'NONE',  ( 28.18421038476875395, -21.70927214407691963, -14.09210516711750394 ) ) ;
#5217 = CIRCLE ( 'NONE', #2385, 2.486842105260001823 ) ;
#5218 =( BOUNDED_CURVE ( )  B_SPLINE_CURVE ( 3, ( #6461, #1480, #4946, #1951 ),
 .UNSPECIFIED., .F., .F. ) 
 B_SPLINE_CURVE_WITH_KNOTS ( ( 4, 4 ),
 ( 0.000000000000000000, 0.7853981633974435050 ),
 .UNSPECIFIED. ) 
 CURVE ( )  GEOMETRIC_REPRESENTATION_ITEM ( )  RATIONAL_B_SPLINE_CURVE ( ( 1.000000000000000000, 0.9492530216741916771, 0.9492530216741916771, 1.000000000000000000 ) ) 
 REPRESENTATION_ITEM ( '' )  );
#5219 = ORIENTED_EDGE ( 'NONE', *, *, #3951, .T. ) ;
#5220 = DIRECTION ( 'NONE',  ( -1.000000000000000000, 8.893899726051114233E-16, 0.000000000000000000 ) ) ;
#5221 = CARTESIAN_POINT ( 'NONE',  ( -7.574672608638568505, 20.57334760820841524, -2.156067343148829085 ) ) ;
#5222 = PRODUCT_DEFINITION_FORMATION_WITH_SPECIFIED_SOURCE ( 'ANY', '', #2810, .NOT_KNOWN. ) ;
#5223 = PRESENTATION_STYLE_ASSIGNMENT (( #3202 ) ) ;
#5224 = PRESENTATION_LAYER_ASSIGNMENT (  '', '', ( #4577 ) ) ;
#5225 = CARTESIAN_POINT ( 'NONE',  ( -1.248087043945190322, 21.48066981649250451, 14.03737806941292554 ) ) ;
#5226 = ORIENTED_EDGE ( 'NONE', *, *, #3962, .T. ) ;
#5227 = CIRCLE ( 'NONE', #4688, 11.60526315788000495 ) ;
#5228 = SURFACE_STYLE_USAGE ( .BOTH. , #4814 ) ;
#5229 = AXIS2_PLACEMENT_3D ( 'NONE', #2242, #6230, #6298 ) ;
#5230 = ORIENTED_EDGE ( 'NONE', *, *, #6201, .F. ) ;
#5231 = LINE ( 'NONE', #4258, #3777 ) ;
#5232 = COLOUR_RGB ( '',0.5372549019607842924, 0.3490196078431372362, 0.3372549019607843368 ) ;
#5233 =( LENGTH_UNIT ( ) NAMED_UNIT ( * ) SI_UNIT ( .MILLI., .METRE. ) );
#5234 = COLOUR_RGB ( '',0.5372549019607842924, 0.3490196078431372362, 0.3372549019607843368 ) ;
#5235 = COLOUR_RGB ( '',0.8392156862745098200, 0.4666666666666666741, 0.3686274509803921795 ) ;
#5236 = SURFACE_STYLE_FILL_AREA ( #1208 ) ;
#5237 = CARTESIAN_POINT ( 'NONE',  ( -13.95303948618651724, 20.84093227551008809, 1.976972808447249319 ) ) ;
#5238 = ORIENTED_EDGE ( 'NONE', *, *, #1962, .F. ) ;
#5239 = CARTESIAN_POINT ( 'NONE',  ( 2.359372690039495790, 20.12637353613908076, 13.89333728335903295 ) ) ;
#5240 = ADVANCED_FACE ( 'NONE', ( #70 ), #4026, .T. ) ;
#5241 = CARTESIAN_POINT ( 'NONE',  ( 5.217767115856845273, 8.938610710449209407, 14.09210535916249896 ) ) ;
#5242 = DIRECTION ( 'NONE',  ( -0.000000000000000000, -0.000000000000000000, -1.000000000000000000 ) ) ;
#5243 =( LENGTH_UNIT ( ) NAMED_UNIT ( * ) SI_UNIT ( .MILLI., .METRE. ) );
#5244 = VERTEX_POINT ( 'NONE', #2436 ) ;
#5245 = DIRECTION ( 'NONE',  ( -1.000000000000000000, -3.491481338843132961E-15, -0.000000000000000000 ) ) ;
#5246 = CARTESIAN_POINT ( 'NONE',  ( -7.994079061797892294, 8.547306803253071905, -14.09210516711750394 ) ) ;
#5247 = DIRECTION ( 'NONE',  ( 0.000000000000000000, 1.000000000000000000, 0.000000000000000000 ) ) ;
#5248 = SURFACE_STYLE_USAGE ( .BOTH. , #229 ) ;
#5249 = CARTESIAN_POINT ( 'NONE',  ( 7.874999858478738624, 16.83678048745307265, -0.1654093815674871071 ) ) ;
#5250 = AXIS2_PLACEMENT_3D ( 'NONE', #4540, #2071, #4048 ) ;
#5251 = CIRCLE ( 'NONE', #842, 2.486842105260000491 ) ;
#5252 = VERTEX_POINT ( 'NONE', #6015 ) ;
#5253 = CARTESIAN_POINT ( 'NONE',  ( -7.849819617522187265, 21.72973215832424287, -0.6495474998154879831 ) ) ;
#5254 = UNCERTAINTY_MEASURE_WITH_UNIT (LENGTH_MEASURE( 1.000000000000000082E-05 ), #4151, 'distance_accuracy_value', 'NONE');
#5255 =( GEOMETRIC_REPRESENTATION_CONTEXT ( 3 ) GLOBAL_UNCERTAINTY_ASSIGNED_CONTEXT ( ( #5685 ) ) GLOBAL_UNIT_ASSIGNED_CONTEXT ( ( #5233, #1752, #3728 ) ) REPRESENTATION_CONTEXT ( 'NONE', 'WORKASPACE' ) );
#5256 = ORIENTED_EDGE ( 'NONE', *, *, #3232, .T. ) ;
#5257 = LINE ( 'NONE', #1713, #668 ) ;
#5258 = VECTOR ( 'NONE', #1539, 1000.000000000000000 ) ;
#5259 = EDGE_CURVE ( 'NONE', #4318, #2139, #5818, .T. ) ;
#5260 = EDGE_LOOP ( 'NONE', ( #6173, #4194, #1983, #1897 ) ) ;
#5261 = PRESENTATION_LAYER_ASSIGNMENT (  '', '', ( #2215 ) ) ;
#5262 = CARTESIAN_POINT ( 'NONE',  ( 28.18421038476875395, -16.73558793355691421, 9.602249723889598206E-08 ) ) ;
#5263 = CARTESIAN_POINT ( 'NONE',  ( -1.246975652062459305, 21.48136061053486046, -14.03748203856648757 ) ) ;
#5264 = FILL_AREA_STYLE ('',( #5358 ) ) ;
#5265 =( NAMED_UNIT ( * ) PLANE_ANGLE_UNIT ( ) SI_UNIT ( $, .RADIAN. ) );
#5266 = UNCERTAINTY_MEASURE_WITH_UNIT (LENGTH_MEASURE( 1.000000000000000082E-05 ), #5784, 'distance_accuracy_value', 'NONE');
#5267 = CARTESIAN_POINT ( 'NONE',  ( 129.7081085655965467, 50.95094605341325433, 58.45220942394822572 ) ) ;
#5268 = CIRCLE ( 'NONE', #3263, 14.09210526314000234 ) ;
#5269 = VECTOR ( 'NONE', #4341, 1000.000000000000000 ) ;
#5270 = ORIENTED_EDGE ( 'NONE', *, *, #3314, .F. ) ;
#5271 = CARTESIAN_POINT ( 'NONE',  ( 6.836596784380216896, -1.078195482160617891, -3.926080365137413430 ) ) ;
#5272 = COLOUR_RGB ( '',0.5372549019607842924, 0.3490196078431372362, 0.3372549019607843368 ) ;
#5273 = UNCERTAINTY_MEASURE_WITH_UNIT (LENGTH_MEASURE( 1.000000000000000082E-05 ), #404, 'distance_accuracy_value', 'NONE');
#5274 = SURFACE_STYLE_FILL_AREA ( #5699 ) ;
#5275 = MECHANICAL_DESIGN_GEOMETRIC_PRESENTATION_REPRESENTATION (  '', ( #1301 ), #4736 ) ;
#5276 = ORIENTED_EDGE ( 'NONE', *, *, #4317, .T. ) ;
#5277 = SURFACE_STYLE_FILL_AREA ( #3261 ) ;
#5278 = ADVANCED_FACE ( 'NONE', ( #1118 ), #2827, .T. ) ;
#5279 =( NAMED_UNIT ( * ) PLANE_ANGLE_UNIT ( ) SI_UNIT ( $, .RADIAN. ) );
#5280 = CARTESIAN_POINT ( 'NONE',  ( -2.567050144677816892, 9.880352915010824688, -14.09210516711750394 ) ) ;
#5281 = COLOUR_RGB ( '',0.5372549019607842924, 0.3490196078431372362, 0.3372549019607843368 ) ;
#5282 =( GEOMETRIC_REPRESENTATION_CONTEXT ( 3 ) GLOBAL_UNCERTAINTY_ASSIGNED_CONTEXT ( ( #3559 ) ) GLOBAL_UNIT_ASSIGNED_CONTEXT ( ( #5662, #3185, #3289 ) ) REPRESENTATION_CONTEXT ( 'NONE', 'WORKASPACE' ) );
#5283 = CARTESIAN_POINT ( 'NONE',  ( -3.315789615191171436, 1.915727855893079923, -11.60526306185750478 ) ) ;
#5284 = CARTESIAN_POINT ( 'NONE',  ( 2.359072567613702542, 18.51986845163495587, -7.513636240042052883 ) ) ;
#5285 = EDGE_LOOP ( 'NONE', ( #1451, #5342 ) ) ;
#5286 = VECTOR ( 'NONE', #4097, 1000.000000000000000 ) ;
#5287 = AXIS2_PLACEMENT_3D ( 'NONE', #6183, #3711, #1224 ) ;
#5288 = CARTESIAN_POINT ( 'NONE',  ( 0.1607852697262822372, 10.95971984938863564, 14.09210535916250251 ) ) ;
#5289 = EDGE_CURVE ( 'NONE', #3499, #1528, #3096, .T. ) ;
#5290 = EDGE_LOOP ( 'NONE', ( #1651, #2577, #4817, #2992 ) ) ;
#5291 = AXIS2_PLACEMENT_3D ( 'NONE', #3941, #4363, #3415 ) ;
#5292 = VECTOR ( 'NONE', #6394, 1000.000000000000000 ) ;
#5293 = CARTESIAN_POINT ( 'NONE',  ( 2.407446960374334477, 19.96776184918807928, -13.88497961728464603 ) ) ;
#5294 = SURFACE_SIDE_STYLE ('',( #4758 ) ) ;
#5295 = ORIENTED_EDGE ( 'NONE', *, *, #356, .T. ) ;
#5296 = SURFACE_STYLE_FILL_AREA ( #1297 ) ;
#5297 = EDGE_CURVE ( 'NONE', #6386, #537, #5855, .T. ) ;
#5298 = CARTESIAN_POINT ( 'NONE',  ( -0.8054562857207190341, 16.96524539151020861, 7.835153963644696518 ) ) ;
#5299 = FILL_AREA_STYLE ('',( #2271 ) ) ;
#5300 = FACE_BOUND ( 'NONE', #1481, .T. ) ;
#5301 = ITEM_DEFINED_TRANSFORMATION ( 'NONE', 'NONE', #4264,  #4055 ) ;
#5302 = FILL_AREA_STYLE ('',( #1236 ) ) ;
#5303 = CARTESIAN_POINT ( 'NONE',  ( 3.054607004621828992, 11.03414890835620810, -13.77815665494981090 ) ) ;
#5304 = ORIENTED_EDGE ( 'NONE', *, *, #5052, .F. ) ;
#5305 = CARTESIAN_POINT ( 'NONE',  ( 7.742644819129243849, -1.385695488736925052, -1.485939569693282447 ) ) ;
#5306 = CARTESIAN_POINT ( 'NONE',  ( 0.7071694516855172585, 10.88631100088388948, 14.09210535916249896 ) ) ;
#5307 = DIRECTION ( 'NONE',  ( 1.000000000000000000, 1.743901907068844768E-16, 0.000000000000000000 ) ) ;
#5308 = DIRECTION ( 'NONE',  ( -1.000000000000000000, 0.000000000000000000, 0.000000000000000000 ) ) ;
#5309 = ORIENTED_EDGE ( 'NONE', *, *, #3314, .T. ) ;
#5310 = CARTESIAN_POINT ( 'NONE',  ( 28.18421038476875395, -35.29808793353335972, -3.732494537280739433 ) ) ;
#5311 = FILL_AREA_STYLE_COLOUR ( '', #6176 ) ;
#5312 =( REPRESENTATION_RELATIONSHIP ('NONE','NONE', #4274, #5874 ) REPRESENTATION_RELATIONSHIP_WITH_TRANSFORMATION ( #5301 )SHAPE_REPRESENTATION_RELATIONSHIP( ) );
#5313 = CARTESIAN_POINT ( 'NONE',  ( 1.104876062921570146, 17.08978981203275183, -7.798570072016157262 ) ) ;
#5314 = CARTESIAN_POINT ( 'NONE',  ( -3.315789615191188755, -0.5711142493669216780, 14.09210535916249896 ) ) ;
#5315 = FILL_AREA_STYLE ('',( #1318 ) ) ;
#5316 = CARTESIAN_POINT ( 'NONE',  ( 15.74999985846866224, 8.547306803253075458, 14.09210535916249896 ) ) ;
#5317 = CARTESIAN_POINT ( 'NONE',  ( -1.104225889726087928, 17.08942446343769461, 14.04958673870844876 ) ) ;
#5318 =( GEOMETRIC_REPRESENTATION_CONTEXT ( 3 ) GLOBAL_UNCERTAINTY_ASSIGNED_CONTEXT ( ( #3557 ) ) GLOBAL_UNIT_ASSIGNED_CONTEXT ( ( #603, #975, #1013 ) ) REPRESENTATION_CONTEXT ( 'NONE', 'WORKASPACE' ) );
#5319 = ORIENTED_EDGE ( 'NONE', *, *, #361, .T. ) ;
#5320 = PLANE ( 'NONE',  #4647 ) ;
#5321 = ADVANCED_FACE ( 'NONE', ( #3125 ), #262, .T. ) ;
#5322 = DIRECTION ( 'NONE',  ( 0.7071067811865474617, -0.7071067811865474617, 0.000000000000000000 ) ) ;
#5323 = EDGE_CURVE ( 'NONE', #3685, #3416, #976, .T. ) ;
#5324 = FILL_AREA_STYLE_COLOUR ( '', #6436 ) ;
#5325 = ORIENTED_EDGE ( 'NONE', *, *, #242, .T. ) ;
#5326 = AXIS2_PLACEMENT_3D ( 'NONE', #3662, #6200, #3251 ) ;
#5327 = PRESENTATION_STYLE_ASSIGNMENT (( #4790 ) ) ;
#5328 = CARTESIAN_POINT ( 'NONE',  ( -2.233061723803724252, 18.21716762591020355, 7.552041676173812945 ) ) ;
#5329 = FILL_AREA_STYLE_COLOUR ( '', #5356 ) ;
#5330 = UNCERTAINTY_MEASURE_WITH_UNIT (LENGTH_MEASURE( 1.000000000000000082E-05 ), #1128, 'distance_accuracy_value', 'NONE');
#5331 = STYLED_ITEM ( 'NONE', ( #5099 ), #1788 ) ;
#5332 = DIRECTION ( 'NONE',  ( -0.000000000000000000, -0.000000000000000000, -1.000000000000000000 ) ) ;
#5333 = APPLICATION_PROTOCOL_DEFINITION ( 'draft international standard', 'automotive_design', 1998, #1499 ) ;
#5334 = ORIENTED_EDGE ( 'NONE', *, *, #2593, .F. ) ;
#5335 = CARTESIAN_POINT ( 'NONE',  ( 4.462138693165079495, 2.571712968749416017, -4.462138693165088377 ) ) ;
#5336 = VERTEX_POINT ( 'NONE', #4582 ) ;
#5337 = PRESENTATION_LAYER_ASSIGNMENT (  '', '', ( #3335 ) ) ;
#5338 = CARTESIAN_POINT ( 'NONE',  ( 15.74999985846874750, -21.70927214407692318, 9.602249662979534408E-08 ) ) ;
#5339 =( LENGTH_UNIT ( ) NAMED_UNIT ( * ) SI_UNIT ( .MILLI., .METRE. ) );
#5340 = DIRECTION ( 'NONE',  ( 1.000000000000000000, 0.000000000000000000, 0.000000000000000000 ) ) ;
#5341 = CARTESIAN_POINT ( 'NONE',  ( -7.472030122548765974, 19.48747955877360383, 2.486844072295052666 ) ) ;
#5342 = ORIENTED_EDGE ( 'NONE', *, *, #1041, .T. ) ;
#5343 = DIRECTION ( 'NONE',  ( 0.000000000000000000, 0.000000000000000000, 1.000000000000000000 ) ) ;
#5344 = PRODUCT_DEFINITION_SHAPE ( 'NONE', 'NONE',  #6477 ) ;
#5345 = CARTESIAN_POINT ( 'NONE',  ( -4.003061094991065438, -0.5711142493669157938, 6.823873940323121445 ) ) ;
#5346 = SURFACE_STYLE_FILL_AREA ( #3339 ) ;
#5347 = PRESENTATION_STYLE_ASSIGNMENT (( #3340 ) ) ;
#5348 = ORIENTED_EDGE ( 'NONE', *, *, #665, .T. ) ;
#5349 =( NAMED_UNIT ( * ) SI_UNIT ( $, .STERADIAN. ) SOLID_ANGLE_UNIT ( ) );
#5350 = LINE ( 'NONE', #3381, #457 ) ;
#5351 =( GEOMETRIC_REPRESENTATION_CONTEXT ( 3 ) GLOBAL_UNCERTAINTY_ASSIGNED_CONTEXT ( ( #6299 ) ) GLOBAL_UNIT_ASSIGNED_CONTEXT ( ( #5963, #1486, #3489 ) ) REPRESENTATION_CONTEXT ( 'NONE', 'WORKASPACE' ) );
#5352 = DIRECTION ( 'NONE',  ( 0.000000000000000000, 1.000000000000000000, 0.000000000000000000 ) ) ;
#5353 = PRESENTATION_STYLE_ASSIGNMENT (( #1888 ) ) ;
#5354 = ORIENTED_EDGE ( 'NONE', *, *, #5958, .F. ) ;
#5355 =( GEOMETRIC_REPRESENTATION_CONTEXT ( 3 ) GLOBAL_UNCERTAINTY_ASSIGNED_CONTEXT ( ( #6232 ) ) GLOBAL_UNIT_ASSIGNED_CONTEXT ( ( #6118, #773, #1664 ) ) REPRESENTATION_CONTEXT ( 'NONE', 'WORKASPACE' ) );
#5356 = COLOUR_RGB ( '',0.5372549019607842924, 0.3490196078431372362, 0.3372549019607843368 ) ;
#5357 = DIRECTION ( 'NONE',  ( -0.000000000000000000, -0.000000000000000000, -1.000000000000000000 ) ) ;
#5358 = FILL_AREA_STYLE_COLOUR ( '', #6074 ) ;
#5359 = MECHANICAL_DESIGN_GEOMETRIC_PRESENTATION_REPRESENTATION (  '', ( #221 ), #6283 ) ;
#5360 = ADVANCED_FACE ( 'NONE', ( #4949 ), #2083, .T. ) ;
#5361 = COLOUR_RGB ( '',0.5372549019607842924, 0.3490196078431372362, 0.3372549019607843368 ) ;
#5362 = CARTESIAN_POINT ( 'NONE',  ( -39.00803756922543641, 20.11016949152541144, 4.973684208000002549 ) ) ;
#5363 = LINE ( 'NONE', #5870, #1176 ) ;
#5364 = ORIENTED_EDGE ( 'NONE', *, *, #4596, .T. ) ;
#5365 = CARTESIAN_POINT ( 'NONE',  ( 7.849984247547440397, 16.91697871714417545, 0.6472727955008068523 ) ) ;
#5366 = VERTEX_POINT ( 'NONE', #5994 ) ;
#5367 = LINE ( 'NONE', #5802, #1573 ) ;
#5368 = ADVANCED_FACE ( 'NONE', ( #987 ), #5595, .T. ) ;
#5369 = FILL_AREA_STYLE_COLOUR ( '', #6212 ) ;
#5370 = VERTEX_POINT ( 'NONE', #1984 ) ;
#5371 = FILL_AREA_STYLE_COLOUR ( '', #3989 ) ;
#5372 = EDGE_CURVE ( 'NONE', #2550, #5901, #477, .T. ) ;
#5373 = CARTESIAN_POINT ( 'NONE',  ( -5.735151976909649285, -0.8062616475103712155, 5.409306867170903921 ) ) ;
#5374 = CIRCLE ( 'NONE', #2039, 14.09210526314000411 ) ;
#5375 = FILL_AREA_STYLE_COLOUR ( '', #1100 ) ;
#5376 = CARTESIAN_POINT ( 'NONE',  ( -28.18421066779126960, -21.70927214407693029, 9.602249662979534408E-08 ) ) ;
#5377 = STYLED_ITEM ( 'NONE', ( #2367 ), #5927 ) ;
#5378 = CYLINDRICAL_SURFACE ( 'NONE', #1494, 2.486842105260001823 ) ;
#5379 = MECHANICAL_DESIGN_GEOMETRIC_PRESENTATION_REPRESENTATION (  '', ( #4218 ), #2556 ) ;
#5380 = DIRECTION ( 'NONE',  ( -1.000000000000000000, -0.000000000000000000, -0.000000000000000000 ) ) ;
#5381 = UNCERTAINTY_MEASURE_WITH_UNIT (LENGTH_MEASURE( 1.000000000000000082E-05 ), #4464, 'distance_accuracy_value', 'NONE');
#5382 = SURFACE_STYLE_FILL_AREA ( #2329 ) ;
#5383 = CARTESIAN_POINT ( 'NONE',  ( 15.74999985846867823, 8.547306803253073682, -11.60526306185750478 ) ) ;
#5384 = CIRCLE ( 'NONE', #5481, 12.43421052629999934 ) ;
#5385 = ORIENTED_EDGE ( 'NONE', *, *, #4023, .F. ) ;
#5386 = FILL_AREA_STYLE_COLOUR ( '', #4022 ) ;
#5387 = PRESENTATION_LAYER_ASSIGNMENT (  '', '', ( #4432 ) ) ;
#5388 = CARTESIAN_POINT ( 'NONE',  ( -5.733471612761674052, -0.8059220032059770666, -5.411113507500230568 ) ) ;
#5389 = UNCERTAINTY_MEASURE_WITH_UNIT (LENGTH_MEASURE( 1.000000000000000082E-05 ), #3967, 'distance_accuracy_value', 'NONE');
#5390 = AXIS2_PLACEMENT_3D ( 'NONE', #6085, #4519, #4130 ) ;
#5391 = CARTESIAN_POINT ( 'NONE',  ( 25.69736827950875124, -1.400061617787013768, -11.60526306185750478 ) ) ;
#5392 = AXIS2_PLACEMENT_3D ( 'NONE', #6315, #4697, #4735 ) ;
#5393 = DIRECTION ( 'NONE',  ( 1.826024711554539830E-16, 1.000000000000000000, 0.000000000000000000 ) ) ;
#5394 = CIRCLE ( 'NONE', #375, 2.486842105260000046 ) ;
#5395 = PRODUCT_DEFINITION_SHAPE ( 'NONE', 'NONE',  #6475 ) ;
#5396 = ORIENTED_EDGE ( 'NONE', *, *, #2639, .F. ) ;
#5397 = EDGE_CURVE ( 'NONE', #3260, #5594, #2559, .T. ) ;
#5398 = CARTESIAN_POINT ( 'NONE',  ( -28.18421066779127315, -1.400061617787014212, 14.09210535916249896 ) ) ;
#5399 = COLOUR_RGB ( '',0.5372549019607842924, 0.3490196078431372362, 0.3372549019607843368 ) ;
#5400 = VERTEX_POINT ( 'NONE', #4650 ) ;
#5401 = CARTESIAN_POINT ( 'NONE',  ( 0.3249820333721605836, 16.83678048745306910, -14.09210516711750749 ) ) ;
#5402 = UNCERTAINTY_MEASURE_WITH_UNIT (LENGTH_MEASURE( 1.000000000000000082E-05 ), #1596, 'distance_accuracy_value', 'NONE');
#5403 = ADVANCED_BREP_SHAPE_REPRESENTATION ( '', ( #2018, #4055 ), #406 ) ;
#5404 = CARTESIAN_POINT ( 'NONE',  ( 28.18421038476875395, -21.70927214407691963, -14.09210516711750394 ) ) ;
#5405 = CARTESIAN_POINT ( 'NONE',  ( -7.552006407068035720, 20.43000806353036580, 2.233194283547751180 ) ) ;
#5406 = EDGE_CURVE ( 'NONE', #5336, #6308, #4331, .T. ) ;
#5407 = ORIENTED_EDGE ( 'NONE', *, *, #2742, .F. ) ;
#5408 = CARTESIAN_POINT ( 'NONE',  ( 0.000000000000000000, 0.000000000000000000, 6.217105260000000300 ) ) ;
#5409 = CARTESIAN_POINT ( 'NONE',  ( 1.874367465495441420, 20.96599743498908808, 7.649586497719231382 ) ) ;
#5410 = CARTESIAN_POINT ( 'NONE',  ( 2.470780044919067109, 18.99696462599962032, 7.477434383584530053 ) ) ;
#5411 = CARTESIAN_POINT ( 'NONE',  ( 1.336732849063835493, -4.973684208000001661, -4.973684208000001661 ) ) ;
#5412 =( NAMED_UNIT ( * ) SI_UNIT ( $, .STERADIAN. ) SOLID_ANGLE_UNIT ( ) );
#5413 = FILL_AREA_STYLE ('',( #3377 ) ) ;
#5414 =( BOUNDED_CURVE ( )  B_SPLINE_CURVE ( 3, ( #1796, #2673, #4277, #3297 ),
 .UNSPECIFIED., .F., .F. ) 
 B_SPLINE_CURVE_WITH_KNOTS ( ( 4, 4 ),
 ( 1.224646799147353207E-16, 0.7853981633974436161 ),
 .UNSPECIFIED. ) 
 CURVE ( )  GEOMETRIC_REPRESENTATION_ITEM ( )  RATIONAL_B_SPLINE_CURVE ( ( 1.000000000000000000, 0.9492530216741916771, 0.9492530216741916771, 1.000000000000000000 ) ) 
 REPRESENTATION_ITEM ( '' )  );
#5415 = CARTESIAN_POINT ( 'NONE',  ( 2.358417693786960090, 20.12894786832415761, -7.513835789705986201 ) ) ;
#5416 = FACE_OUTER_BOUND ( 'NONE', #5290, .T. ) ;
#5417 = EDGE_LOOP ( 'NONE', ( #4747, #3193, #3970, #435, #2219, #501, #2888 ) ) ;
#5418 = CARTESIAN_POINT ( 'NONE',  ( 15.74999985846866224, 8.547306803253073682, 11.60526325390249980 ) ) ;
#5419 = FILL_AREA_STYLE ('',( #5794 ) ) ;
#5420 = PRESENTATION_LAYER_ASSIGNMENT (  '', '', ( #3547 ) ) ;
#5421 = FACE_OUTER_BOUND ( 'NONE', #6033, .T. ) ;
#5422 = AXIS2_PLACEMENT_3D ( 'NONE', #456, #6452, #1971 ) ;
#5423 = ITEM_DEFINED_TRANSFORMATION ( 'NONE', 'NONE', #2491,  #4055 ) ;
#5424 = CARTESIAN_POINT ( 'NONE',  ( 7.776356978802899889, 21.47954913099229302, 1.250009188017620509 ) ) ;
#5425 = EDGE_LOOP ( 'NONE', ( #379, #2707, #3293, #422, #962, #2352 ) ) ;
#5426 = CARTESIAN_POINT ( 'NONE',  ( 1.518209361466557716, 17.34725910841986263, -14.01074644886628739 ) ) ;
#5427 = SURFACE_STYLE_USAGE ( .BOTH. , #1004 ) ;
#5428 = PRESENTATION_LAYER_ASSIGNMENT (  '', '', ( #2801 ) ) ;
#5429 = FACE_OUTER_BOUND ( 'NONE', #2494, .T. ) ;
#5430 = ORIENTED_EDGE ( 'NONE', *, *, #3913, .F. ) ;
#5431 = EDGE_LOOP ( 'NONE', ( #715, #1108, #2343, #6417 ) ) ;
#5432 = DIRECTION ( 'NONE',  ( -0.000000000000000000, -0.000000000000000000, -1.000000000000000000 ) ) ;
#5433 = CARTESIAN_POINT ( 'NONE',  ( 3.516925830957237764, 3.516925830957249755, 3.516925830957249755 ) ) ;
#5434 = PRODUCT_RELATED_PRODUCT_CATEGORY ( 'part', '', ( #1895 ) ) ;
#5435 = EDGE_CURVE ( 'NONE', #475, #83, #5114, .T. ) ;
#5436 = AXIS2_PLACEMENT_3D ( 'NONE', #49, #2572, #2497 ) ;
#5437 =( GEOMETRIC_REPRESENTATION_CONTEXT ( 3 ) GLOBAL_UNCERTAINTY_ASSIGNED_CONTEXT ( ( #530 ) ) GLOBAL_UNIT_ASSIGNED_CONTEXT ( ( #6053, #1088, #4553 ) ) REPRESENTATION_CONTEXT ( 'NONE', 'WORKASPACE' ) );
#5438 = CARTESIAN_POINT ( 'NONE',  ( -25.69736856253126689, -21.70927214407693029, 11.60526325390249980 ) ) ;
#5439 = CARTESIAN_POINT ( 'NONE',  ( 14.01089405392685272, 17.34623105601997040, 1.516802809497541649 ) ) ;
#5440 = VECTOR ( 'NONE', #481, 1000.000000000000114 ) ;
#5441 = ADVANCED_FACE ( 'NONE', ( #1672 ), #1744, .F. ) ;
#5442 = SURFACE_STYLE_USAGE ( .BOTH. , #945 ) ;
#5443 = SURFACE_STYLE_FILL_AREA ( #3446 ) ;
#5444 = ORIENTED_EDGE ( 'NONE', *, *, #6233, .F. ) ;
#5445 =( NAMED_UNIT ( * ) PLANE_ANGLE_UNIT ( ) SI_UNIT ( $, .RADIAN. ) );
#5446 = EDGE_CURVE ( 'NONE', #2633, #4934, #2686, .T. ) ;
#5447 = CARTESIAN_POINT ( 'NONE',  ( -6.216098901163115364, -0.9115734845327567726, -4.849016479750958730 ) ) ;
#5448 = CARTESIAN_POINT ( 'NONE',  ( 7.874999858478740400, 21.81046469797308163, 9.602249693429905641E-08 ) ) ;
#5449 = ORIENTED_EDGE ( 'NONE', *, *, #3573, .T. ) ;
#5450 = VECTOR ( 'NONE', #5453, 1000.000000000000000 ) ;
#5451 = ORIENTED_EDGE ( 'NONE', *, *, #673, .T. ) ;
#5452 = CARTESIAN_POINT ( 'NONE',  ( -1.415112614726319400E-07, -0.5711142493669206788, 9.602249662979534408E-08 ) ) ;
#5453 = DIRECTION ( 'NONE',  ( -0.000000000000000000, -1.000000000000000000, -0.000000000000000000 ) ) ;
#5454 = AXIS2_PLACEMENT_3D ( 'NONE', #2648, #4639, #3160 ) ;
#5455 =( NAMED_UNIT ( * ) PLANE_ANGLE_UNIT ( ) SI_UNIT ( $, .RADIAN. ) );
#5456 = UNCERTAINTY_MEASURE_WITH_UNIT (LENGTH_MEASURE( 1.000000000000000082E-05 ), #5077, 'distance_accuracy_value', 'NONE');
#5457 = AXIS2_PLACEMENT_3D ( 'NONE', #5016, #2492, #4480 ) ;
#5458 = CARTESIAN_POINT ( 'NONE',  ( -3.315789615191189643, 1.915727855893077036, 14.09210535916249896 ) ) ;
#5459 = DIRECTION ( 'NONE',  ( 0.000000000000000000, 0.000000000000000000, 1.000000000000000000 ) ) ;
#5460 = VERTEX_POINT ( 'NONE', #2195 ) ;
#5461 =( NAMED_UNIT ( * ) SI_UNIT ( $, .STERADIAN. ) SOLID_ANGLE_UNIT ( ) );
#5462 = B_SPLINE_CURVE_WITH_KNOTS ( 'NONE', 3,
 ( #2463, #6336, #1851, #4361, #5415, #3938, #4876, #2907, #4913, #1383, #849, #3841, #2843, #2876, #1422, #1916 ),
 .UNSPECIFIED., .F., .F.,
 ( 4, 2, 2, 2, 2, 2, 2, 4 ),
 ( 0.01173705082449056671, 0.01222601314876461259, 0.01271497547303865848, 0.01369290012158673811, 0.01418186244586077532, 0.01467082477013481254, 0.01515978709440884975, 0.01564874941868288696 ),
 .UNSPECIFIED. ) ;
#5463 = FILL_AREA_STYLE ('',( #458 ) ) ;
#5464 = DIRECTION ( 'NONE',  ( -1.837864802581218528E-15, 0.2648642316819879716, -0.9642857142857144126 ) ) ;
#5465 = EDGE_CURVE ( 'NONE', #172, #4144, #2260, .T. ) ;
#5466 = CYLINDRICAL_SURFACE ( 'NONE', #2975, 4.973684208000002549 ) ;
#5467 = COLOUR_RGB ( '',0.5372549019607842924, 0.3490196078431372362, 0.3372549019607843368 ) ;
#5468 = CARTESIAN_POINT ( 'NONE',  ( -4.973684207999967022, -4.973684208000019424, 0.000000000000000000 ) ) ;
#5469 = CARTESIAN_POINT ( 'NONE',  ( -18.23684224675127652, -32.90006161774692117, -3.073819013756672991 ) ) ;
#5470 = LINE ( 'NONE', #946, #5292 ) ;
#5471 = PRESENTATION_STYLE_ASSIGNMENT (( #3481 ) ) ;
#5472 = DIRECTION ( 'NONE',  ( -2.511218746179137728E-14, 0.000000000000000000, 1.000000000000000000 ) ) ;
#5473 = B_SPLINE_CURVE_WITH_KNOTS ( 'NONE', 3,
 ( #1294, #5712, #1780, #5293, #750, #3449, #402, #4422, #2948, #981, #4879, #5959, #2981, #4980, #4362, #3842 ),
 .UNSPECIFIED., .F., .F.,
 ( 4, 2, 2, 2, 2, 2, 2, 4 ),
 ( 0.01168583879182344062, 0.01217243062138831898, 0.01265902245095319734, 0.01314561428051807743, 0.01363220611008295578, 0.01460538976921271423, 0.01509198159877759085, 0.01557857342834246747 ),
 .UNSPECIFIED. ) ;
#5474 = ORIENTED_EDGE ( 'NONE', *, *, #5052, .T. ) ;
#5475 = EDGE_CURVE ( 'NONE', #2536, #5370, #3199, .T. ) ;
#5476 = VECTOR ( 'NONE', #4644, 1000.000000000000000 ) ;
#5477 = CARTESIAN_POINT ( 'NONE',  ( -7.869795173474943617, 16.85312594619274762, -0.3279374145417101594 ) ) ;
#5478 = FACE_OUTER_BOUND ( 'NONE', #2519, .T. ) ;
#5479 = PRESENTATION_STYLE_ASSIGNMENT (( #441 ) ) ;
#5480 = AXIS2_PLACEMENT_3D ( 'NONE', #4159, #5191, #4751 ) ;
#5481 = AXIS2_PLACEMENT_3D ( 'NONE', #3011, #3554, #2911 ) ;
#5482 = PRESENTATION_STYLE_ASSIGNMENT (( #1306 ) ) ;
#5483 = CARTESIAN_POINT ( 'NONE',  ( 7.798568994124947196, 21.55745179177397475, -1.104883524332250788 ) ) ;
#5484 = ORIENTED_EDGE ( 'NONE', *, *, #2433, .F. ) ;
#5485 = FACE_OUTER_BOUND ( 'NONE', #2000, .T. ) ;
#5486 = ORIENTED_EDGE ( 'NONE', *, *, #6271, .F. ) ;
#5487 = CYLINDRICAL_SURFACE ( 'NONE', #3041, 2.486842105260001823 ) ;
#5488 = AXIS2_PLACEMENT_3D ( 'NONE', #3252, #3290, #3732 ) ;
#5489 = PRESENTATION_LAYER_ASSIGNMENT (  '', '', ( #1838 ) ) ;
#5490 = VECTOR ( 'NONE', #1298, 1000.000000000000000 ) ;
#5491 = LINE ( 'NONE', #4394, #6290 ) ;
#5492 = VERTEX_POINT ( 'NONE', #2426 ) ;
#5493 = LINE ( 'NONE', #1009, #3775 ) ;
#5494 = PRODUCT_DEFINITION_SHAPE ( 'NONE', 'NONE',  #2516 ) ;
#5495 = AXIS2_PLACEMENT_3D ( 'NONE', #6416, #5919, #4440 ) ;
#5496 =( NAMED_UNIT ( * ) SI_UNIT ( $, .STERADIAN. ) SOLID_ANGLE_UNIT ( ) );
#5497 = PRESENTATION_STYLE_ASSIGNMENT (( #575 ) ) ;
#5498 = FILL_AREA_STYLE ('',( #3578 ) ) ;
#5499 = CARTESIAN_POINT ( 'NONE',  ( -0.3194040546130812452, 10.88629363569093300, -14.09210516711750749 ) ) ;
#5500 = CARTESIAN_POINT ( 'NONE',  ( 14.03937851257800062, 17.15194866298834597, -1.254232341962084885 ) ) ;
#5501 = CARTESIAN_POINT ( 'NONE',  ( -13.87095388571129284, 19.16011332739621764, -2.486779543930586200 ) ) ;
#5502 = VERTEX_POINT ( 'NONE', #2841 ) ;
#5503 = SURFACE_STYLE_FILL_AREA ( #1056 ) ;
#5504 =( LENGTH_UNIT ( ) NAMED_UNIT ( * ) SI_UNIT ( .MILLI., .METRE. ) );
#5505 = UNCERTAINTY_MEASURE_WITH_UNIT (LENGTH_MEASURE( 1.000000000000000082E-05 ), #3633, 'distance_accuracy_value', 'NONE');
#5506 = UNCERTAINTY_MEASURE_WITH_UNIT (LENGTH_MEASURE( 1.000000000000000082E-05 ), #4019, 'distance_accuracy_value', 'NONE');
#5507 = EDGE_CURVE ( 'NONE', #3862, #5370, #54, .T. ) ;
#5508 = FACE_OUTER_BOUND ( 'NONE', #1551, .T. ) ;
#5509 = SURFACE_STYLE_USAGE ( .BOTH. , #6059 ) ;
#5510 =( REPRESENTATION_RELATIONSHIP ('NONE','NONE', #4274, #5874 ) REPRESENTATION_RELATIONSHIP_WITH_TRANSFORMATION ( #6405 )SHAPE_REPRESENTATION_RELATIONSHIP( ) );
#5511 = ORIENTED_EDGE ( 'NONE', *, *, #446, .F. ) ;
#5512 = CARTESIAN_POINT ( 'NONE',  ( 7.286537830758872403, 8.571552060253610605, -14.09210516711750394 ) ) ;
#5513 = ORIENTED_EDGE ( 'NONE', *, *, #1154, .T. ) ;
#5514 = FACE_OUTER_BOUND ( 'NONE', #3109, .T. ) ;
#5515 = CARTESIAN_POINT ( 'NONE',  ( -1.415112614726319400E-07, 27.61309627691307966, 9.602249662979534408E-08 ) ) ;
#5516 = EDGE_CURVE ( 'NONE', #2416, #3698, #2722, .T. ) ;
#5517 = ORIENTED_EDGE ( 'NONE', *, *, #2600, .T. ) ;
#5518 = STYLED_ITEM ( 'NONE', ( #190 ), #3476 ) ;
#5519 = PLANE ( 'NONE',  #32 ) ;
#5520 = SURFACE_SIDE_STYLE ('',( #3001 ) ) ;
#5521 = EDGE_CURVE ( 'NONE', #5666, #5627, #2929, .T. ) ;
#5522 = FILL_AREA_STYLE ('',( #3059 ) ) ;
#5523 = TOROIDAL_SURFACE ( 'NONE', #4896, 11.60526315788000140, 2.486842105260000491 ) ;
#5524 = PRESENTATION_STYLE_ASSIGNMENT (( #3063 ) ) ;
#5525 = CARTESIAN_POINT ( 'NONE',  ( 14.07815473478623680, 21.73036006819991073, 0.6469341179015477561 ) ) ;
#5526 = VECTOR ( 'NONE', #1572, 1000.000000000000000 ) ;
#5527 = CARTESIAN_POINT ( 'NONE',  ( -2.358799745587984109, 18.51910157293032810, -7.513721743421445609 ) ) ;
#5528 =( GEOMETRIC_REPRESENTATION_CONTEXT ( 3 ) GLOBAL_UNCERTAINTY_ASSIGNED_CONTEXT ( ( #2305 ) ) GLOBAL_UNIT_ASSIGNED_CONTEXT ( ( #3273, #4783, #169 ) ) REPRESENTATION_CONTEXT ( 'NONE', 'WORKASPACE' ) );
#5529 = CIRCLE ( 'NONE', #2402, 12.43421052630000112 ) ;
#5530 = SURFACE_SIDE_STYLE ('',( #3549 ) ) ;
#5531 = CARTESIAN_POINT ( 'NONE',  ( -2.233010460072873293, 20.43022628652821737, 7.552057825066510688 ) ) ;
#5532 = LINE ( 'NONE', #2163, #2022 ) ;
#5533 = PLANE ( 'NONE',  #877 ) ;
#5534 = FILL_AREA_STYLE_COLOUR ( '', #2762 ) ;
#5535 = DIRECTION ( 'NONE',  ( 0.000000000000000000, -0.000000000000000000, -1.000000000000000000 ) ) ;
#5536 = ORIENTED_EDGE ( 'NONE', *, *, #616, .T. ) ;
#5537 = DIRECTION ( 'NONE',  ( -1.000000000000000000, 0.000000000000000000, 0.000000000000000000 ) ) ;
#5538 = VERTEX_POINT ( 'NONE', #1418 ) ;
#5539 = LINE ( 'NONE', #1063, #5286 ) ;
#5540 =( NAMED_UNIT ( * ) PLANE_ANGLE_UNIT ( ) SI_UNIT ( $, .RADIAN. ) );
#5541 = VERTEX_POINT ( 'NONE', #1319 ) ;
#5542 = ADVANCED_FACE ( 'NONE', ( #2393 ), #4290, .T. ) ;
#5543 = EDGE_LOOP ( 'NONE', ( #701, #91, #3740, #75 ) ) ;
#5544 = CARTESIAN_POINT ( 'NONE',  ( -6.582454024279519089, 10.46206058029561703, 14.09210535916281160 ) ) ;
#5545 = AXIS2_PLACEMENT_3D ( 'NONE', #4461, #1495, #3501 ) ;
#5546 = FILL_AREA_STYLE ('',( #3538 ) ) ;
#5547 =( NAMED_UNIT ( * ) PLANE_ANGLE_UNIT ( ) SI_UNIT ( $, .RADIAN. ) );
#5548 = VECTOR ( 'NONE', #6373, 1000.000000000000000 ) ;
#5549 = EDGE_CURVE ( 'NONE', #685, #5749, #4742, .T. ) ;
#5550 = EDGE_LOOP ( 'NONE', ( #3645, #5062, #1614, #4656 ) ) ;
#5551 = FILL_AREA_STYLE ('',( #2098 ) ) ;
#5552 = AXIS2_PLACEMENT_3D ( 'NONE', #755, #5692, #4763 ) ;
#5553 = AXIS2_PLACEMENT_3D ( 'NONE', #1642, #589, #1286 ) ;
#5554 = CIRCLE ( 'NONE', #5138, 2.486842105260001823 ) ;
#5555 = LINE ( 'NONE', #3703, #61 ) ;
#5556 = EDGE_CURVE ( 'NONE', #789, #6168, #6323, .T. ) ;
#5557 = PRESENTATION_STYLE_ASSIGNMENT (( #1471 ) ) ;
#5558 =( NAMED_UNIT ( * ) SI_UNIT ( $, .STERADIAN. ) SOLID_ANGLE_UNIT ( ) );
#5559 = CARTESIAN_POINT ( 'NONE',  ( 0.6480855065892758837, 16.91713948386157185, 14.07811108441378067 ) ) ;
#5560 = CARTESIAN_POINT ( 'NONE',  ( 13.99650930140973948, 21.19769305621432665, -1.642714822011443143 ) ) ;
#5561 = DIRECTION ( 'NONE',  ( 1.000000000000000000, 1.194835047228923490E-16, 3.281901433180725978E-17 ) ) ;
#5562 =( LENGTH_UNIT ( ) NAMED_UNIT ( * ) SI_UNIT ( .MILLI., .METRE. ) );
#5563 = LINE ( 'NONE', #4579, #1820 ) ;
#5564 = DIRECTION ( 'NONE',  ( -3.487803814137691015E-16, 1.000000000000000000, 0.000000000000000000 ) ) ;
#5565 = CIRCLE ( 'NONE', #350, 14.09210526314000234 ) ;
#5566 = EDGE_LOOP ( 'NONE', ( #1253, #5325 ) ) ;
#5567 = FILL_AREA_STYLE_COLOUR ( '', #5281 ) ;
#5568 = DIRECTION ( 'NONE',  ( 0.000000000000000000, -0.9642857142857148567, 0.2648642316819863618 ) ) ;
#5569 = SURFACE_STYLE_FILL_AREA ( #2574 ) ;
#5570 = CARTESIAN_POINT ( 'NONE',  ( 3.315789332168745496, 8.547306803253071905, 14.09210535916249896 ) ) ;
#5571 = UNCERTAINTY_MEASURE_WITH_UNIT (LENGTH_MEASURE( 1.000000000000000082E-05 ), #994, 'distance_accuracy_value', 'NONE');
#5572 =( NAMED_UNIT ( * ) SI_UNIT ( $, .STERADIAN. ) SOLID_ANGLE_UNIT ( ) );
#5573 = VERTEX_POINT ( 'NONE', #5316 ) ;
#5574 = VERTEX_POINT ( 'NONE', #4810 ) ;
#5575 = CARTESIAN_POINT ( 'NONE',  ( 18.23684196372874666, -13.00532477566691369, 11.60526325390249980 ) ) ;
#5576 = AXIS2_PLACEMENT_3D ( 'NONE', #5376, #5783, #3307 ) ;
#5577 = VECTOR ( 'NONE', #360, 1000.000000000000000 ) ;
#5578 = VERTEX_POINT ( 'NONE', #2327 ) ;
#5579 = CARTESIAN_POINT ( 'NONE',  ( 4.625665387557401864, -0.6272347426487268063, 6.416935860515791568 ) ) ;
#5580 = SURFACE_STYLE_FILL_AREA ( #1857 ) ;
#5581 = AXIS2_PLACEMENT_3D ( 'NONE', #4230, #6192, #204 ) ;
#5582 = CARTESIAN_POINT ( 'NONE',  ( -4.973684208000001661, 1.336732849063817508, 4.973684207999997220 ) ) ;
#5583 = AXIS2_PLACEMENT_3D ( 'NONE', #4649, #5352, #6398 ) ;
#5584 = ADVANCED_FACE ( 'NONE', ( #1846 ), #5172, .T. ) ;
#5585 = SURFACE_STYLE_FILL_AREA ( #5982 ) ;
#5586 = DIRECTION ( 'NONE',  ( 0.000000000000000000, 0.000000000000000000, 1.000000000000000000 ) ) ;
#5587 = SPHERICAL_SURFACE ( 'NONE', #2640, 2.486842105260000491 ) ;
#5588 = CARTESIAN_POINT ( 'NONE',  ( 2.234805301373334441, 18.22068109763061017, 13.91391627916526730 ) ) ;
#5589 =( NAMED_UNIT ( * ) SI_UNIT ( $, .STERADIAN. ) SOLID_ANGLE_UNIT ( ) );
#5590 = DIRECTION ( 'NONE',  ( -0.000000000000000000, -1.000000000000000000, -0.000000000000000000 ) ) ;
#5591 = ADVANCED_FACE ( 'NONE', ( #4209 ), #891, .T. ) ;
#5592 = CARTESIAN_POINT ( 'NONE',  ( -15.75000014149118321, 8.547306803253073682, -11.60526306185750478 ) ) ;
#5593 = CARTESIAN_POINT ( 'NONE',  ( 7.623416407473175838, 20.84104712373883572, -1.976809919584749942 ) ) ;
#5594 = VERTEX_POINT ( 'NONE', #1868 ) ;
#5595 = CYLINDRICAL_SURFACE ( 'NONE', #1722, 2.486842105259998270 ) ;
#5596 = ORIENTED_EDGE ( 'NONE', *, *, #3425, .T. ) ;
#5597 = FILL_AREA_STYLE ('',( #2086 ) ) ;
#5598 = CARTESIAN_POINT ( 'NONE',  ( -1.518976344718002469, 21.29933116177513241, -7.728330133903030585 ) ) ;
#5599 = EDGE_LOOP ( 'NONE', ( #3178, #2248, #1825, #4898 ) ) ;
#5600 = B_SPLINE_CURVE_WITH_KNOTS ( 'NONE', 3,
 ( #243, #5755, #3747, #3283, #5298, #206, #4202, #2785, #3315, #4791, #5328, #5691, #2302, #4299, #719, #6196 ),
 .UNSPECIFIED., .F., .F.,
 ( 4, 2, 2, 2, 2, 2, 2, 4 ),
 ( 0.01173672686396626599, 0.01222568332212708823, 0.01271463978028791048, 0.01369255269660955843, 0.01418150915477038587, 0.01467046561293121332, 0.01515942207109204076, 0.01564837852925286821 ),
 .UNSPECIFIED. ) ;
#5601 = CARTESIAN_POINT ( 'NONE',  ( -7.485047618357709709, 10.74012722103123885, 14.09210535916281515 ) ) ;
#5602 = CARTESIAN_POINT ( 'NONE',  ( 117.7269585044204376, 58.31466400100092073, 76.44670441640090530 ) ) ;
#5603 = EDGE_LOOP ( 'NONE', ( #209, #1959, #3370 ) ) ;
#5604 = COLOUR_RGB ( '',0.5372549019607842924, 0.3490196078431372362, 0.3372549019607843368 ) ;
#5605 = CARTESIAN_POINT ( 'NONE',  ( 5.158354263125130679, 11.03414890801083814, 13.13411021221168085 ) ) ;
#5606 = SURFACE_STYLE_USAGE ( .BOTH. , #1241 ) ;
#5607 = CARTESIAN_POINT ( 'NONE',  ( 14.04969913271288107, 21.55852447360317825, 1.102771336254161127 ) ) ;
#5608 =( GEOMETRIC_REPRESENTATION_CONTEXT ( 3 ) GLOBAL_UNCERTAINTY_ASSIGNED_CONTEXT ( ( #4452 ) ) GLOBAL_UNIT_ASSIGNED_CONTEXT ( ( #2374, #5869, #896 ) ) REPRESENTATION_CONTEXT ( 'NONE', 'WORKASPACE' ) );
#5609 = CARTESIAN_POINT ( 'NONE',  ( 4.973684208000001661, 6.091006445296940059E-16, -4.973684208000000773 ) ) ;
#5610 = EDGE_CURVE ( 'NONE', #1528, #585, #802, .T. ) ;
#5611 = PRESENTATION_STYLE_ASSIGNMENT (( #1046 ) ) ;
#5612 = CARTESIAN_POINT ( 'NONE',  ( -25.69736856253127399, -21.70927214407692674, 9.602249662979534408E-08 ) ) ;
#5613 = SURFACE_SIDE_STYLE ('',( #4552 ) ) ;
#5614 = AXIS2_PLACEMENT_3D ( 'NONE', #3627, #5204, #4728 ) ;
#5615 = CARTESIAN_POINT ( 'NONE',  ( -1.415112608308845214E-07, 21.81046469797307452, -14.09210516711750394 ) ) ;
#5616 = CARTESIAN_POINT ( 'NONE',  ( 0.000000000000000000, 0.000000000000000000, 6.217105260000000300 ) ) ;
#5617 = SURFACE_STYLE_FILL_AREA ( #5145 ) ;
#5618 = CARTESIAN_POINT ( 'NONE',  ( -13.96741110284392029, 20.96639538866331165, -1.874157617007838006 ) ) ;
#5619 =( NAMED_UNIT ( * ) PLANE_ANGLE_UNIT ( ) SI_UNIT ( $, .RADIAN. ) );
#5620 = STYLED_ITEM ( 'NONE', ( #4833 ), #2905 ) ;
#5621 = ORIENTED_EDGE ( 'NONE', *, *, #995, .T. ) ;
#5622 = CARTESIAN_POINT ( 'NONE',  ( -7.702558756929212436, 21.19728375493435379, -1.643183216487247966 ) ) ;
#5623 = EDGE_CURVE ( 'NONE', #1904, #3743, #326, .T. ) ;
#5624 = APPLICATION_CONTEXT ( 'automotive_design' ) ;
#5625 = CARTESIAN_POINT ( 'NONE',  ( -4.973684208000001661, -1.336732849063835049, 4.973684208000005214 ) ) ;
#5626 = ORIENTED_EDGE ( 'NONE', *, *, #6139, .F. ) ;
#5627 = VERTEX_POINT ( 'NONE', #5843 ) ;
#5628 = CARTESIAN_POINT ( 'NONE',  ( -18.23684224675127652, -35.29808793353336682, -3.732494537280739433 ) ) ;
#5629 = ADVANCED_FACE ( 'NONE', ( #2316 ), #6330, .T. ) ;
#5630 = CARTESIAN_POINT ( 'NONE',  ( -5.634427114770501177, 10.31565122696607872, 14.09210535916191809 ) ) ;
#5631 = CARTESIAN_POINT ( 'NONE',  ( -14.08018030758140249, 21.74506873240010307, 0.6526643506668375894 ) ) ;
#5632 =( NAMED_UNIT ( * ) SI_UNIT ( $, .STERADIAN. ) SOLID_ANGLE_UNIT ( ) );
#5633 = ORIENTED_EDGE ( 'NONE', *, *, #3837, .F. ) ;
#5634 = STYLED_ITEM ( 'NONE', ( #3360 ), #1967 ) ;
#5635 = CARTESIAN_POINT ( 'NONE',  ( 7.994078778775373095, 11.03414890851306396, 14.09210535916250073 ) ) ;
#5636 =( NAMED_UNIT ( * ) SI_UNIT ( $, .STERADIAN. ) SOLID_ANGLE_UNIT ( ) );
#5637 = CARTESIAN_POINT ( 'NONE',  ( -15.75000014149127381, -21.70927214407692674, 9.602249662979534408E-08 ) ) ;
#5638 =( GEOMETRIC_REPRESENTATION_CONTEXT ( 3 ) GLOBAL_UNCERTAINTY_ASSIGNED_CONTEXT ( ( #2688 ) ) GLOBAL_UNIT_ASSIGNED_CONTEXT ( ( #2881, #6248, #1665 ) ) REPRESENTATION_CONTEXT ( 'NONE', 'WORKASPACE' ) );
#5639 = AXIS2_PLACEMENT_3D ( 'NONE', #4561, #3080, #5024 ) ;
#5640 = MECHANICAL_DESIGN_GEOMETRIC_PRESENTATION_REPRESENTATION (  '', ( #5634 ), #24 ) ;
#5641 = CARTESIAN_POINT ( 'NONE',  ( 7.994078778775372207, 8.547306803252972429, 11.60526325390249980 ) ) ;
#5642 = DIRECTION ( 'NONE',  ( 3.487803815904844854E-15, -1.000000000000000000, 0.000000000000000000 ) ) ;
#5643 =( LENGTH_UNIT ( ) NAMED_UNIT ( * ) SI_UNIT ( .MILLI., .METRE. ) );
#5644 = MECHANICAL_DESIGN_GEOMETRIC_PRESENTATION_REPRESENTATION (  '', ( #635 ), #1690 ) ;
#5645 =( GEOMETRIC_REPRESENTATION_CONTEXT ( 3 ) GLOBAL_UNCERTAINTY_ASSIGNED_CONTEXT ( ( #5389 ) ) GLOBAL_UNIT_ASSIGNED_CONTEXT ( ( #3967, #4812, #5349 ) ) REPRESENTATION_CONTEXT ( 'NONE', 'WORKASPACE' ) );
#5646 = DIRECTION ( 'NONE',  ( 1.826024711554539830E-16, 1.000000000000000000, -0.000000000000000000 ) ) ;
#5647 = EDGE_CURVE ( 'NONE', #6432, #3042, #3513, .T. ) ;
#5648 = STYLED_ITEM ( 'NONE', ( #1860 ), #325 ) ;
#5649 = ORIENTED_EDGE ( 'NONE', *, *, #50, .F. ) ;
#5650 = DIRECTION ( 'NONE',  ( 0.000000000000000000, 0.000000000000000000, 1.000000000000000000 ) ) ;
#5651 = DIRECTION ( 'NONE',  ( 0.000000000000000000, -1.000000000000000000, 0.000000000000000000 ) ) ;
#5652 = CARTESIAN_POINT ( 'NONE',  ( -10.56907894200000086, 6.424342101999999777, -6.217105260000000300 ) ) ;
#5653 = VERTEX_POINT ( 'NONE', #3366 ) ;
#5654 = EDGE_CURVE ( 'NONE', #1211, #2181, #59, .T. ) ;
#5655 = CARTESIAN_POINT ( 'NONE',  ( -4.973684207999967022, -4.973684208000019424, 0.000000000000000000 ) ) ;
#5656 = ADVANCED_FACE ( 'NONE', ( #2989 ), #4988, .F. ) ;
#5657 = DIRECTION ( 'NONE',  ( -1.000000000000000000, -1.789794062518025815E-16, 0.000000000000000000 ) ) ;
#5658 = ORIENTED_EDGE ( 'NONE', *, *, #4189, .T. ) ;
#5659 = SURFACE_STYLE_FILL_AREA ( #3689 ) ;
#5660 = CARTESIAN_POINT ( 'NONE',  ( -3.054607287642671309, 11.03414890835556506, 13.77815684699532817 ) ) ;
#5661 = COLOUR_RGB ( '',0.5372549019607842924, 0.3490196078431372362, 0.3372549019607843368 ) ;
#5662 =( LENGTH_UNIT ( ) NAMED_UNIT ( * ) SI_UNIT ( .MILLI., .METRE. ) );
#5663 = ADVANCED_FACE ( 'NONE', ( #2663 ), #4137, .T. ) ;
#5664 = CARTESIAN_POINT ( 'NONE',  ( -14.04977800862223702, 21.55900953272388776, 1.101669728885952937 ) ) ;
#5665 = CARTESIAN_POINT ( 'NONE',  ( 120.7467934814140023, 31.33843868751391781, 65.22337805893201335 ) ) ;
#5666 = VERTEX_POINT ( 'NONE', #1641 ) ;
#5667 = AXIS2_PLACEMENT_3D ( 'NONE', #1187, #2740, #4745 ) ;
#5668 = VECTOR ( 'NONE', #2445, 1000.000000000000000 ) ;
#5669 = SURFACE_STYLE_FILL_AREA ( #6112 ) ;
#5670 = STYLED_ITEM ( 'NONE', ( #5961 ), #5360 ) ;
#5671 = CIRCLE ( 'NONE', #2243, 2.486842105260000935 ) ;
#5672 = FILL_AREA_STYLE_COLOUR ( '', #6031 ) ;
#5673 = ORIENTED_EDGE ( 'NONE', *, *, #270, .F. ) ;
#5674 = FACE_OUTER_BOUND ( 'NONE', #6062, .T. ) ;
#5675 = DIRECTION ( 'NONE',  ( 1.000000000000000000, 1.826024711554539830E-16, -0.000000000000000000 ) ) ;
#5676 = CARTESIAN_POINT ( 'NONE',  ( -15.75000014149127381, -13.00532477566700784, -11.60526306185750478 ) ) ;
#5677 = AXIS2_PLACEMENT_3D ( 'NONE', #2585, #3003, #2524 ) ;
#5678 = STYLED_ITEM ( 'NONE', ( #770 ), #591 ) ;
#5679 = AXIS2_PLACEMENT_3D ( 'NONE', #5418, #3454, #2814 ) ;
#5680 = CARTESIAN_POINT ( 'NONE',  ( 2.406339126695862696, 18.67526974498219516, -7.498418861478944208 ) ) ;
#5681 = ORIENTED_EDGE ( 'NONE', *, *, #3139, .F. ) ;
#5682 =( LENGTH_UNIT ( ) NAMED_UNIT ( * ) SI_UNIT ( .MILLI., .METRE. ) );
#5683 = ORIENTED_EDGE ( 'NONE', *, *, #2197, .T. ) ;
#5684 =( NAMED_UNIT ( * ) SI_UNIT ( $, .STERADIAN. ) SOLID_ANGLE_UNIT ( ) );
#5685 = UNCERTAINTY_MEASURE_WITH_UNIT (LENGTH_MEASURE( 1.000000000000000082E-05 ), #5233, 'distance_accuracy_value', 'NONE');
#5686 = ORIENTED_EDGE ( 'NONE', *, *, #737, .T. ) ;
#5687 = SURFACE_STYLE_USAGE ( .BOTH. , #3772 ) ;
#5688 =( LENGTH_UNIT ( ) NAMED_UNIT ( * ) SI_UNIT ( .MILLI., .METRE. ) );
#5689 = ORIENTED_EDGE ( 'NONE', *, *, #3930, .T. ) ;
#5690 = DIRECTION ( 'NONE',  ( -1.000000000000000000, -3.491481338843132961E-15, -0.000000000000000000 ) ) ;
#5691 = CARTESIAN_POINT ( 'NONE',  ( -2.358091845838926393, 18.51726650644950212, 7.513940445308347371 ) ) ;
#5692 = DIRECTION ( 'NONE',  ( -1.000000000000000000, -1.826024711554539830E-16, 0.000000000000000000 ) ) ;
#5693 = ADVANCED_FACE ( 'NONE', ( #5508 ), #3287, .T. ) ;
#5694 = UNCERTAINTY_MEASURE_WITH_UNIT (LENGTH_MEASURE( 1.000000000000000082E-05 ), #450, 'distance_accuracy_value', 'NONE');
#5695 =( NAMED_UNIT ( * ) SI_UNIT ( $, .STERADIAN. ) SOLID_ANGLE_UNIT ( ) );
#5696 = PLANE ( 'NONE',  #5906 ) ;
#5697 = ORIENTED_EDGE ( 'NONE', *, *, #1753, .T. ) ;
#5698 = EDGE_CURVE ( 'NONE', #2233, #2089, #3921, .T. ) ;
#5699 = FILL_AREA_STYLE ('',( #2705 ) ) ;
#5700 = VERTEX_POINT ( 'NONE', #3562 ) ;
#5701 =( LENGTH_UNIT ( ) NAMED_UNIT ( * ) SI_UNIT ( .MILLI., .METRE. ) );
#5702 = EDGE_CURVE ( 'NONE', #4805, #3016, #5539, .T. ) ;
#5703 = FACE_OUTER_BOUND ( 'NONE', #205, .T. ) ;
#5704 = CARTESIAN_POINT ( 'NONE',  ( -10.56907894200000086, 6.424342101999999777, 6.217105260000000300 ) ) ;
#5705 = DIRECTION ( 'NONE',  ( 2.511218746179137097E-14, 0.000000000000000000, 1.000000000000000000 ) ) ;
#5706 = CARTESIAN_POINT ( 'NONE',  ( 7.477596214088539028, 19.65304984951787048, -2.470284945227331885 ) ) ;
#5707 = ORIENTED_EDGE ( 'NONE', *, *, #1195, .T. ) ;
#5708 = CARTESIAN_POINT ( 'NONE',  ( -7.875000141501262263, 21.81046469797307807, 9.602249693439226973E-08 ) ) ;
#5709 = VECTOR ( 'NONE', #1701, 1000.000000000000000 ) ;
#5710 = VERTEX_POINT ( 'NONE', #2299 ) ;
#5711 = AXIS2_PLACEMENT_3D ( 'NONE', #5515, #2858, #4862 ) ;
#5712 = CARTESIAN_POINT ( 'NONE',  ( 2.486841963748739115, 19.48781387180431679, -13.87094244913009256 ) ) ;
#5713 =( GEOMETRIC_REPRESENTATION_CONTEXT ( 3 ) GLOBAL_UNCERTAINTY_ASSIGNED_CONTEXT ( ( #1858 ) ) GLOBAL_UNIT_ASSIGNED_CONTEXT ( ( #5006, #4973, #937 ) ) REPRESENTATION_CONTEXT ( 'NONE', 'WORKASPACE' ) );
#5714 = DIRECTION ( 'NONE',  ( -0.000000000000000000, -1.000000000000000000, -0.000000000000000000 ) ) ;
#5715 = ORIENTED_EDGE ( 'NONE', *, *, #1547, .F. ) ;
#5716 = SURFACE_STYLE_USAGE ( .BOTH. , #4234 ) ;
#5717 = CARTESIAN_POINT ( 'NONE',  ( 28.18421038476875395, 21.81046469797308518, 9.602249693434565645E-08 ) ) ;
#5718 = LINE ( 'NONE', #4260, #3250 ) ;
#5719 = CARTESIAN_POINT ( 'NONE',  ( -45.49911695932713229, 20.11016949152541144, -4.973684208000002549 ) ) ;
#5720 = CIRCLE ( 'NONE', #2795, 2.486842105259998270 ) ;
#5721 = CARTESIAN_POINT ( 'NONE',  ( -13.92631683788973618, 20.57150818333572317, 2.157181435617760545 ) ) ;
#5722 = AXIS2_PLACEMENT_3D ( 'NONE', #1133, #3980, #1037 ) ;
#5723 =( NAMED_UNIT ( * ) PLANE_ANGLE_UNIT ( ) SI_UNIT ( $, .RADIAN. ) );
#5724 = ORIENTED_EDGE ( 'NONE', *, *, #5858, .T. ) ;
#5725 = EDGE_CURVE ( 'NONE', #585, #3840, #1748, .T. ) ;
#5726 = ORIENTED_EDGE ( 'NONE', *, *, #1216, .T. ) ;
#5727 = CARTESIAN_POINT ( 'NONE',  ( -3.315789615191188755, -0.5711142493669201237, 7.142910228879825851 ) ) ;
#5728 = CARTESIAN_POINT ( 'NONE',  ( 7.994078778775372207, 11.03414890851307462, 11.60526325390250513 ) ) ;
#5729 = SURFACE_SIDE_STYLE ('',( #1659 ) ) ;
#5730 = ADVANCED_FACE ( 'NONE', ( #716 ), #3924, .T. ) ;
#5731 = ORIENTED_EDGE ( 'NONE', *, *, #4201, .F. ) ;
#5732 = CARTESIAN_POINT ( 'NONE',  ( -6.424342101999998889, -10.56907894200000086, -6.217105260000000300 ) ) ;
#5733 = SURFACE_STYLE_USAGE ( .BOTH. , #4671 ) ;
#5734 = CARTESIAN_POINT ( 'NONE',  ( -5.158354546147858599, 11.03414890801078307, -13.13411002016666629 ) ) ;
#5735 = FILL_AREA_STYLE_COLOUR ( '', #3751 ) ;
#5736 = CARTESIAN_POINT ( 'NONE',  ( -1.415112614726319400E-07, 25.12625417165307695, 9.602249662979534408E-08 ) ) ;
#5737 = CARTESIAN_POINT ( 'NONE',  ( -45.49911695932713229, 20.11016949152541144, 5.802631576000000457 ) ) ;
#5738 = DIRECTION ( 'NONE',  ( -0.000000000000000000, -0.000000000000000000, -1.000000000000000000 ) ) ;
#5739 = CARTESIAN_POINT ( 'NONE',  ( 0.000000000000000000, -10.56907894200000086, 0.000000000000000000 ) ) ;
#5740 = CARTESIAN_POINT ( 'NONE',  ( 10.56907894200005593, -4.973684207999964357, 0.000000000000000000 ) ) ;
#5741 = EDGE_CURVE ( 'NONE', #5666, #4698, #4028, .T. ) ;
#5742 = PRESENTATION_LAYER_ASSIGNMENT (  '', '', ( #2723 ) ) ;
#5743 = COLOUR_RGB ( '',0.5372549019607842924, 0.3490196078431372362, 0.3372549019607843368 ) ;
#5744 = AXIS2_PLACEMENT_3D ( 'NONE', #467, #1893, #493 ) ;
#5745 = DIRECTION ( 'NONE',  ( -1.000000000000000000, -1.826024711554539830E-16, -0.000000000000000000 ) ) ;
#5746 = FILL_AREA_STYLE ('',( #3770 ) ) ;
#5747 = UNCERTAINTY_MEASURE_WITH_UNIT (LENGTH_MEASURE( 1.000000000000000082E-05 ), #5682, 'distance_accuracy_value', 'NONE');
#5748 = PRESENTATION_LAYER_ASSIGNMENT (  '', '', ( #1066 ) ) ;
#5749 = VERTEX_POINT ( 'NONE', #239 ) ;
#5750 = DIRECTION ( 'NONE',  ( -1.000000000000000000, -1.826024711554539830E-16, -0.000000000000000000 ) ) ;
#5751 = AXIS2_PLACEMENT_3D ( 'NONE', #1769, #226, #5642 ) ;
#5752 = CARTESIAN_POINT ( 'NONE',  ( -1.642367454941416671, 17.44911345825360982, -13.99655888812964477 ) ) ;
#5753 = ORIENTED_EDGE ( 'NONE', *, *, #4023, .T. ) ;
#5754 = CARTESIAN_POINT ( 'NONE',  ( 3.315789332168745496, -13.00532477566691902, 14.09210535916249896 ) ) ;
#5755 = CARTESIAN_POINT ( 'NONE',  ( -0.1638751977696078499, 16.83678048745306910, 7.875000096012503725 ) ) ;
#5756 = DIRECTION ( 'NONE',  ( 3.487803815904844854E-15, -1.000000000000000000, 0.000000000000000000 ) ) ;
#5757 = UNCERTAINTY_MEASURE_WITH_UNIT (LENGTH_MEASURE( 1.000000000000000082E-05 ), #894, 'distance_accuracy_value', 'NONE');
#5758 = FILL_AREA_STYLE_COLOUR ( '', #1719 ) ;
#5759 = PRESENTATION_STYLE_ASSIGNMENT (( #354 ) ) ;
#5760 = ORIENTED_EDGE ( 'NONE', *, *, #3435, .T. ) ;
#5761 = CARTESIAN_POINT ( 'NONE',  ( -1.415112614762403798E-07, 11.03414890851307462, -14.09210516711750394 ) ) ;
#5762 = COLOUR_RGB ( '',0.5372549019607842924, 0.3490196078431372362, 0.3372549019607843368 ) ;
#5763 = VERTEX_POINT ( 'NONE', #4294 ) ;
#5764 = CARTESIAN_POINT ( 'NONE',  ( 1.102042207731805279, 21.55883009235498804, 14.04974922518507441 ) ) ;
#5765 = PRESENTATION_LAYER_ASSIGNMENT (  '', '', ( #4323 ) ) ;
#5766 = FILL_AREA_STYLE ('',( #5369 ) ) ;
#5767 = DIRECTION ( 'NONE',  ( -1.000000000000000000, 0.000000000000000000, 0.000000000000000000 ) ) ;
#5768 = DIRECTION ( 'NONE',  ( -0.000000000000000000, -0.000000000000000000, -1.000000000000000000 ) ) ;
#5769 = CIRCLE ( 'NONE', #1933, 14.09210526314000234 ) ;
#5770 = CIRCLE ( 'NONE', #3062, 2.486842105260000046 ) ;
#5771 = ORIENTED_EDGE ( 'NONE', *, *, #5297, .T. ) ;
#5772 = LINE ( 'NONE', #512, #1482 ) ;
#5773 = CARTESIAN_POINT ( 'NONE',  ( -1.415112614726319400E-07, 11.03414890851307462, -14.09210516711750394 ) ) ;
#5774 = EDGE_CURVE ( 'NONE', #4785, #5154, #4453, .T. ) ;
#5775 =( LENGTH_UNIT ( ) NAMED_UNIT ( * ) SI_UNIT ( .MILLI., .METRE. ) );
#5776 = COLOUR_RGB ( '',0.5372549019607842924, 0.3490196078431372362, 0.3372549019607843368 ) ;
#5777 = CARTESIAN_POINT ( 'NONE',  ( -10.56907894200000086, 6.424342101999999777, 6.217105260000000300 ) ) ;
#5778 = PRESENTATION_LAYER_ASSIGNMENT (  '', '', ( #2044 ) ) ;
#5779 = DIRECTION ( 'NONE',  ( 0.000000000000000000, 1.000000000000000000, 0.000000000000000000 ) ) ;
#5780 = CARTESIAN_POINT ( 'NONE',  ( 7.728488210020662663, 17.34730391738750654, -1.518152555530221770 ) ) ;
#5781 = ORIENTED_EDGE ( 'NONE', *, *, #2719, .F. ) ;
#5782 =( GEOMETRIC_REPRESENTATION_CONTEXT ( 3 ) GLOBAL_UNCERTAINTY_ASSIGNED_CONTEXT ( ( #5057 ) ) GLOBAL_UNIT_ASSIGNED_CONTEXT ( ( #2251, #4695, #214 ) ) REPRESENTATION_CONTEXT ( 'NONE', 'WORKASPACE' ) );
#5783 = DIRECTION ( 'NONE',  ( -1.000000000000000000, -1.826024711554539830E-16, 0.000000000000000000 ) ) ;
#5784 =( LENGTH_UNIT ( ) NAMED_UNIT ( * ) SI_UNIT ( .MILLI., .METRE. ) );
#5785 = EDGE_CURVE ( 'NONE', #4934, #5502, #4756, .T. ) ;
#5786 = DIRECTION ( 'NONE',  ( 0.000000000000000000, -0.9642857142857143016, 0.2648642316819881382 ) ) ;
#5787 = ORIENTED_EDGE ( 'NONE', *, *, #4121, .T. ) ;
#5788 =( GEOMETRIC_REPRESENTATION_CONTEXT ( 3 ) GLOBAL_UNCERTAINTY_ASSIGNED_CONTEXT ( ( #351 ) ) GLOBAL_UNIT_ASSIGNED_CONTEXT ( ( #3211, #1751, #6289 ) ) REPRESENTATION_CONTEXT ( 'NONE', 'WORKASPACE' ) );
#5789 = CARTESIAN_POINT ( 'NONE',  ( -4.462138693165085712, -4.462138693165132786, -2.571712968749412465 ) ) ;
#5790 = CARTESIAN_POINT ( 'NONE',  ( 10.56907894200000086, -6.424342101999999777, 6.217105260000000300 ) ) ;
#5791 = EDGE_LOOP ( 'NONE', ( #4312, #2237, #534, #5658 ) ) ;
#5792 = LINE ( 'NONE', #3727, #3183 ) ;
#5793 = PRESENTATION_STYLE_ASSIGNMENT (( #244 ) ) ;
#5794 = FILL_AREA_STYLE_COLOUR ( '', #3553 ) ;
#5795 = FILL_AREA_STYLE ('',( #3849 ) ) ;
#5796 =( NAMED_UNIT ( * ) PLANE_ANGLE_UNIT ( ) SI_UNIT ( $, .RADIAN. ) );
#5797 = CARTESIAN_POINT ( 'NONE',  ( 3.315789332168656678, -0.5711142493669206788, -11.60526306185750478 ) ) ;
#5798 = CONTEXT_DEPENDENT_SHAPE_REPRESENTATION ( #5312, #6009 ) ;
#5799 = ORIENTED_EDGE ( 'NONE', *, *, #5654, .F. ) ;
#5800 = CARTESIAN_POINT ( 'NONE',  ( 4.546273033716139444, 9.141661012341176118, -14.09210516711750394 ) ) ;
#5801 = ORIENTED_EDGE ( 'NONE', *, *, #862, .T. ) ;
#5802 = CARTESIAN_POINT ( 'NONE',  ( 28.18421038476875395, -35.29808793353335972, 3.732494729325734450 ) ) ;
#5803 =( LENGTH_UNIT ( ) NAMED_UNIT ( * ) SI_UNIT ( .MILLI., .METRE. ) );
#5804 = DIRECTION ( 'NONE',  ( 0.000000000000000000, 0.000000000000000000, 1.000000000000000000 ) ) ;
#5805 = EDGE_LOOP ( 'NONE', ( #3664, #2332, #2821, #4278 ) ) ;
#5806 = SURFACE_STYLE_USAGE ( .BOTH. , #872 ) ;
#5807 = DIRECTION ( 'NONE',  ( -2.461979162920723360E-16, 1.000000000000000000, 0.000000000000000000 ) ) ;
#5808 = CARTESIAN_POINT ( 'NONE',  ( 1.644072530062864690, 17.45072188535140256, 7.702370518940816702 ) ) ;
#5809 = CARTESIAN_POINT ( 'NONE',  ( -1.415112614726319400E-07, 27.61309627691307966, -14.09210516711750394 ) ) ;
#5810 =( BOUNDED_SURFACE ( )  B_SPLINE_SURFACE ( 3, 2, ( 
 ( #3110, #5123, #3564 ),
 ( #2144, #22, #6131 ),
 ( #5512, #3656, #285 ),
 ( #2342, #2128, #6306 ),
 ( #829, #357, #4120 ),
 ( #4768, #2276, #6079 ),
 ( #5800, #3253, #762 ),
 ( #1594, #4241, #1303 ),
 ( #1115, #6116, #5303 ),
 ( #3093, #1756, #1789 ),
 ( #3785, #2310, #5103 ),
 ( #5761, #1826, #3291 ) ),
 .UNSPECIFIED., .F., .F., .T. ) 
 B_SPLINE_SURFACE_WITH_KNOTS ( ( 4, 2, 2, 2, 2, 4 ),
 ( 3, 3 ),
 ( 0.005059068415881549582, 0.006119126295483914152, 0.007179184175086278721, 0.009299299934291007860, 0.01141941569349573700, 0.01353953145270046614 ),
 ( 0.000000000000000000, 1.000000000000000000 ),
 .UNSPECIFIED. ) 
 GEOMETRIC_REPRESENTATION_ITEM ( )  RATIONAL_B_SPLINE_SURFACE ( (
 ( 1.000000000000000000, 0.7071067811865484609, 1.000000000000000000),
 ( 1.000000000000000000, 0.7305314327747990388, 1.000000000000000000),
 ( 1.000000000000000000, 0.7528742600246319805, 1.000000000000000000),
 ( 1.000000000000000000, 0.7945085820107057328, 1.000000000000000000),
 ( 1.000000000000000000, 0.8139225236493830007, 1.000000000000000000),
 ( 1.000000000000000000, 0.8681225655719564394, 1.000000000000000000),
 ( 1.000000000000000000, 0.8988959677839163387, 1.000000000000000000),
 ( 1.000000000000000000, 0.9489655934738590037, 1.000000000000000000),
 ( 1.000000000000000000, 0.9680087867991125083, 1.000000000000000000),
 ( 1.000000000000000000, 0.9935379408471936014, 1.000000000000000000),
 ( 1.000000000000000000, 1.000008560896346266, 1.000000000000000000),
 ( 1.000000000000000000, 1.000000000000000000, 1.000000000000000000) ) ) 
 REPRESENTATION_ITEM ( '' )  SURFACE ( )  );
#5811 = CARTESIAN_POINT ( 'NONE',  ( -0.8060601053275251449, 21.68184238889723758, -7.835103814712881309 ) ) ;
#5812 =( LENGTH_UNIT ( ) NAMED_UNIT ( * ) SI_UNIT ( .MILLI., .METRE. ) );
#5813 = CARTESIAN_POINT ( 'NONE',  ( -25.69736856253126689, -21.70927214407692674, -11.60526306185750478 ) ) ;
#5814 = CARTESIAN_POINT ( 'NONE',  ( 7.835056006284174757, 16.96556420633881146, -0.8064690965814624857 ) ) ;
#5815 = EDGE_CURVE ( 'NONE', #3812, #1790, #2199, .T. ) ;
#5816 = DIRECTION ( 'NONE',  ( 0.000000000000000000, 1.000000000000000000, 0.000000000000000000 ) ) ;
#5817 = CARTESIAN_POINT ( 'NONE',  ( -18.23684224675127652, -13.00532477566702561, 14.09210535916249896 ) ) ;
#5818 = B_SPLINE_CURVE_WITH_KNOTS ( 'NONE', 3,
 ( #6049, #1537, #1566, #3912, #6082, #5588, #2587, #2407, #3579, #4391, #6403, #5904, #5559, #1085, #3068, #4574 ),
 .UNSPECIFIED., .F., .F.,
 ( 4, 2, 2, 2, 2, 2, 2, 4 ),
 ( 0.01168583879182344062, 0.01217243062138831898, 0.01265902245095319734, 0.01314561428051807396, 0.01363220611008295231, 0.01460538976921270729, 0.01509198159877758738, 0.01557857342834246747 ),
 .UNSPECIFIED. ) ;
#5819 = CARTESIAN_POINT ( 'NONE',  ( 0.000000000000000000, 4.973684208000001661, 4.973684208000001661 ) ) ;
#5820 = AXIS2_PLACEMENT_3D ( 'NONE', #3701, #1935, #5883 ) ;
#5821 = ORIENTED_EDGE ( 'NONE', *, *, #4189, .F. ) ;
#5822 = FACE_OUTER_BOUND ( 'NONE', #5603, .T. ) ;
#5823 = PRESENTATION_STYLE_ASSIGNMENT (( #3940 ) ) ;
#5824 = SURFACE_STYLE_FILL_AREA ( #3843 ) ;
#5825 = VERTEX_POINT ( 'NONE', #6228 ) ;
#5826 = EDGE_CURVE ( 'NONE', #1029, #2293, #5473, .T. ) ;
#5827 = SURFACE_STYLE_USAGE ( .BOTH. , #4157 ) ;
#5828 = DIRECTION ( 'NONE',  ( 0.000000000000000000, 0.000000000000000000, 1.000000000000000000 ) ) ;
#5829 = CIRCLE ( 'NONE', #918, 4.144736839999986877 ) ;
#5830 = CARTESIAN_POINT ( 'NONE',  ( -25.69736856253126689, -32.90006161774692117, 3.073819205801665344 ) ) ;
#5831 = CARTESIAN_POINT ( 'NONE',  ( -3.315789615191189643, 1.915727855893078369, -14.09210516711750394 ) ) ;
#5832 = MECHANICAL_DESIGN_GEOMETRIC_PRESENTATION_REPRESENTATION (  '', ( #4471 ), #5713 ) ;
#5833 = B_SPLINE_CURVE_WITH_KNOTS ( 'NONE', 3,
 ( #2490, #3343, #846, #1885, #519, #1086, #5560, #6050, #4513, #5080, #2076, #4478, #1538, #1567, #1509, #1147, #2588, #71, #4126, #7, #6083, #4027, #5987, #3005, #5500, #1017, #4575, #3070, #6016, #3580 ),
 .UNSPECIFIED., .F., .F.,
 ( 4, 2, 2, 2, 2, 2, 2, 2, 2, 2, 2, 2, 2, 2, 4 ),
 ( 0.007790268527452150898, 0.008763806640063440470, 0.009250575696369084389, 0.009737344752674730042, 0.01022411380898037396, 0.01071088286528601961, 0.01119765192159166353, 0.01168442097789730919, 0.01217119003420295310, 0.01265795909050859702, 0.01314472814681424268, 0.01363149720311988833, 0.01460503531573118310, 0.01509180437203683396, 0.01557857342834248482 ),
 .UNSPECIFIED. ) ;
#5834 = PRODUCT_CONTEXT ( 'NONE', #1499, 'mechanical' ) ;
#5835 = ORIENTED_EDGE ( 'NONE', *, *, #6123, .F. ) ;
#5836 =( GEOMETRIC_REPRESENTATION_CONTEXT ( 3 ) GLOBAL_UNCERTAINTY_ASSIGNED_CONTEXT ( ( #4068 ) ) GLOBAL_UNIT_ASSIGNED_CONTEXT ( ( #2033, #2964, #6411 ) ) REPRESENTATION_CONTEXT ( 'NONE', 'WORKASPACE' ) );
#5837 = CARTESIAN_POINT ( 'NONE',  ( 7.570760517933434741, 18.06942462657471182, 2.171659005383305807 ) ) ;
#5838 = EDGE_LOOP ( 'NONE', ( #322, #617, #2749 ) ) ;
#5839 = AXIS2_PLACEMENT_3D ( 'NONE', #234, #2168, #302 ) ;
#5840 = AXIS2_PLACEMENT_3D ( 'NONE', #149, #1615, #3623 ) ;
#5841 = SURFACE_STYLE_FILL_AREA ( #6349 ) ;
#5842 =( REPRESENTATION_RELATIONSHIP ('NONE','NONE', #4274, #3581 ) REPRESENTATION_RELATIONSHIP_WITH_TRANSFORMATION ( #5909 )SHAPE_REPRESENTATION_RELATIONSHIP( ) );
#5843 = CARTESIAN_POINT ( 'NONE',  ( -4.973684208000001661, 0.000000000000000000, -4.973684208000000773 ) ) ;
#5844 = SURFACE_STYLE_USAGE ( .BOTH. , #866 ) ;
#5845 = CARTESIAN_POINT ( 'NONE',  ( 28.18421038476875395, -32.90006161774692117, -3.073819013756638796 ) ) ;
#5846 = EDGE_LOOP ( 'NONE', ( #763, #304, #1304, #3717, #6149, #3313, #5937 ) ) ;
#5847 = DIRECTION ( 'NONE',  ( -0.000000000000000000, -0.000000000000000000, -1.000000000000000000 ) ) ;
#5848 = CARTESIAN_POINT ( 'NONE',  ( 1.518877809688529146, 21.29933811075951766, 7.728336696773645542 ) ) ;
#5849 = CARTESIAN_POINT ( 'NONE',  ( 2.486841963748738671, 19.32362259271307536, 7.472030699770619400 ) ) ;
#5850 = CARTESIAN_POINT ( 'NONE',  ( 28.18421038476873974, -32.90006161774690696, 14.09210535916249896 ) ) ;
#5851 = CARTESIAN_POINT ( 'NONE',  ( 3.516925830957237764, 3.516925830957249755, 3.516925830957249755 ) ) ;
#5852 = CARTESIAN_POINT ( 'NONE',  ( 2.566634462294956620, 9.880528763466802644, 14.09210535916249896 ) ) ;
#5853 = SURFACE_STYLE_FILL_AREA ( #2461 ) ;
#5854 = FILL_AREA_STYLE_COLOUR ( '', #5272 ) ;
#5855 =( BOUNDED_CURVE ( )  B_SPLINE_CURVE ( 3, ( #637, #1181, #2220, #4215 ),
 .UNSPECIFIED., .F., .F. ) 
 B_SPLINE_CURVE_WITH_KNOTS ( ( 4, 4 ),
 ( 5.497787143782136177, 6.283185307179586232 ),
 .UNSPECIFIED. ) 
 CURVE ( )  GEOMETRIC_REPRESENTATION_ITEM ( )  RATIONAL_B_SPLINE_CURVE ( ( 1.000000000000000000, 0.9492530216741910110, 0.9492530216741910110, 1.000000000000000000 ) ) 
 REPRESENTATION_ITEM ( '' )  );
#5856 =( NAMED_UNIT ( * ) SI_UNIT ( $, .STERADIAN. ) SOLID_ANGLE_UNIT ( ) );
#5857 = FACE_OUTER_BOUND ( 'NONE', #6353, .T. ) ;
#5858 = EDGE_CURVE ( 'NONE', #3853, #5666, #5218, .T. ) ;
#5859 = MECHANICAL_DESIGN_GEOMETRIC_PRESENTATION_REPRESENTATION (  '', ( #6395 ), #4091 ) ;
#5860 = SURFACE_STYLE_FILL_AREA ( #4844 ) ;
#5861 = PRESENTATION_LAYER_ASSIGNMENT (  '', '', ( #17 ) ) ;
#5862 = B_SPLINE_CURVE_WITH_KNOTS ( 'NONE', 3,
 ( #6219, #6252, #3197, #1771, #1287, #5313, #706, #4287, #1669, #3670, #4184, #1702, #3269, #5284, #5680, #4778, #1806, #1741 ),
 .UNSPECIFIED., .F., .F.,
 ( 4, 2, 2, 2, 2, 2, 2, 2, 4 ),
 ( 0.007825408706170655648, 0.008314363970960645181, 0.008803319235750634714, 0.009292274500540622512, 0.009781229765330612044, 0.01027018503012060158, 0.01075914029491058937, 0.01124809555970057717, 0.01173705082449056671 ),
 .UNSPECIFIED. ) ;
#5863 = VERTEX_POINT ( 'NONE', #6396 ) ;
#5864 = MECHANICAL_DESIGN_GEOMETRIC_PRESENTATION_REPRESENTATION (  '', ( #1576 ), #5355 ) ;
#5865 = STYLED_ITEM ( 'NONE', ( #3161 ), #5321 ) ;
#5866 = CARTESIAN_POINT ( 'NONE',  ( 25.69736827950874414, -32.90006161774692117, 3.073819205801632037 ) ) ;
#5867 = SURFACE_SIDE_STYLE ('',( #4451 ) ) ;
#5868 = ADVANCED_FACE ( 'NONE', ( #1353 ), #4482, .F. ) ;
#5869 =( NAMED_UNIT ( * ) PLANE_ANGLE_UNIT ( ) SI_UNIT ( $, .RADIAN. ) );
#5870 = CARTESIAN_POINT ( 'NONE',  ( -25.69736856253124913, -35.38690372300693099, 14.09210535916249896 ) ) ;
#5871 = PRESENTATION_LAYER_ASSIGNMENT (  '', '', ( #2732 ) ) ;
#5872 = CARTESIAN_POINT ( 'NONE',  ( -1.415112614726319400E-07, 25.12625417165307695, 9.602249662979534408E-08 ) ) ;
#5873 = CONTEXT_DEPENDENT_SHAPE_REPRESENTATION ( #5192, #522 ) ;
#5874 = SHAPE_REPRESENTATION ( 'u_a', ( #4055 ), #2697 ) ;
#5875 = VERTEX_POINT ( 'NONE', #2878 ) ;
#5876 = CARTESIAN_POINT ( 'NONE',  ( 7.869794890452422642, 16.85312594619274407, 0.3279376065867030676 ) ) ;
#5877 = ORIENTED_EDGE ( 'NONE', *, *, #271, .F. ) ;
#5878 = DIRECTION ( 'NONE',  ( -0.7071067811865475727, -0.7071067811865475727, 0.000000000000000000 ) ) ;
#5879 = DIRECTION ( 'NONE',  ( -0.000000000000000000, -0.000000000000000000, -1.000000000000000000 ) ) ;
#5880 = DIRECTION ( 'NONE',  ( -4.336808689942038444E-16, 1.000000000000000000, 0.000000000000000000 ) ) ;
#5881 = EDGE_CURVE ( 'NONE', #710, #6340, #1980, .T. ) ;
#5882 = CARTESIAN_POINT ( 'NONE',  ( -18.23684224675127297, -13.00532477566702561, 11.60526325390249980 ) ) ;
#5883 = DIRECTION ( 'NONE',  ( 0.000000000000000000, 0.000000000000000000, 1.000000000000000000 ) ) ;
#5884 = CARTESIAN_POINT ( 'NONE',  ( -7.498272577875186862, 18.67672686730676901, 2.406796320251494592 ) ) ;
#5885 = ORIENTED_EDGE ( 'NONE', *, *, #4955, .F. ) ;
#5886 = CARTESIAN_POINT ( 'NONE',  ( -1.415112597468467527E-07, 27.61309627691307966, 14.09210535916249896 ) ) ;
#5887 = CARTESIAN_POINT ( 'NONE',  ( -7.451855428656373626, -1.278650107134281289, -2.573534488726508140 ) ) ;
#5888 = CARTESIAN_POINT ( 'NONE',  ( -1.415112610984385655E-07, 21.81046469797307452, -7.874999903967504267 ) ) ;
#5889 = MECHANICAL_DESIGN_GEOMETRIC_PRESENTATION_REPRESENTATION (  '', ( #5377 ), #2963 ) ;
#5890 = PRESENTATION_STYLE_ASSIGNMENT (( #1879 ) ) ;
#5891 = SURFACE_SIDE_STYLE ('',( #4938 ) ) ;
#5892 = DIRECTION ( 'NONE',  ( 0.000000000000000000, 0.000000000000000000, 1.000000000000000000 ) ) ;
#5893 = AXIS2_PLACEMENT_3D ( 'NONE', #429, #6285, #1810 ) ;
#5894 =( NAMED_UNIT ( * ) SI_UNIT ( $, .STERADIAN. ) SOLID_ANGLE_UNIT ( ) );
#5895 = CARTESIAN_POINT ( 'NONE',  ( -15.75000014149118321, 8.547306803253075458, -14.09210516711750394 ) ) ;
#5896 = UNCERTAINTY_MEASURE_WITH_UNIT (LENGTH_MEASURE( 1.000000000000000082E-05 ), #6237, 'distance_accuracy_value', 'NONE');
#5897 = PRESENTATION_STYLE_ASSIGNMENT (( #886 ) ) ;
#5898 = DIRECTION ( 'NONE',  ( -0.000000000000000000, -1.000000000000000000, -0.000000000000000000 ) ) ;
#5899 = DIRECTION ( 'NONE',  ( -0.000000000000000000, -0.000000000000000000, -1.000000000000000000 ) ) ;
#5900 = FILL_AREA_STYLE_COLOUR ( '', #4125 ) ;
#5901 = VERTEX_POINT ( 'NONE', #3969 ) ;
#5902 =( NAMED_UNIT ( * ) PLANE_ANGLE_UNIT ( ) SI_UNIT ( $, .RADIAN. ) );
#5903 = DIRECTION ( 'NONE',  ( -0.000000000000000000, -0.000000000000000000, -1.000000000000000000 ) ) ;
#5904 = CARTESIAN_POINT ( 'NONE',  ( 0.8054317485161335277, 16.96526193486964473, 14.06986690212318791 ) ) ;
#5905 = AXIS2_PLACEMENT_3D ( 'NONE', #2748, #818, #3682 ) ;
#5906 = AXIS2_PLACEMENT_3D ( 'NONE', #5150, #3674, #2134 ) ;
#5907 = COLOUR_RGB ( '',0.5372549019607842924, 0.3490196078431372362, 0.3372549019607843368 ) ;
#5908 =( LENGTH_UNIT ( ) NAMED_UNIT ( * ) SI_UNIT ( .MILLI., .METRE. ) );
#5909 = ITEM_DEFINED_TRANSFORMATION ( 'NONE', 'NONE', #5106,  #4055 ) ;
#5910 = EDGE_LOOP ( 'NONE', ( #3442, #2949, #1054 ) ) ;
#5911 = CARTESIAN_POINT ( 'NONE',  ( 7.728406658710655464, 17.34761678160593590, 1.518584129515746950 ) ) ;
#5912 = EDGE_CURVE ( 'NONE', #960, #3016, #3708, .T. ) ;
#5913 = VERTEX_POINT ( 'NONE', #2910 ) ;
#5914 = FILL_AREA_STYLE_COLOUR ( '', #1062 ) ;
#5915 = DIRECTION ( 'NONE',  ( 0.000000000000000000, 0.000000000000000000, -1.000000000000000000 ) ) ;
#5916 = UNCERTAINTY_MEASURE_WITH_UNIT (LENGTH_MEASURE( 1.000000000000000082E-05 ), #3900, 'distance_accuracy_value', 'NONE');
#5917 = CARTESIAN_POINT ( 'NONE',  ( 0.000000000000000000, -10.56907894200000086, 4.973684208000001661 ) ) ;
#5918 = CARTESIAN_POINT ( 'NONE',  ( -7.869794610556541947, 16.85312712551268177, 0.3280348386413024508 ) ) ;
#5919 = DIRECTION ( 'NONE',  ( 0.000000000000000000, 1.000000000000000000, 0.000000000000000000 ) ) ;
#5920 = EDGE_CURVE ( 'NONE', #3348, #3812, #5350, .T. ) ;
#5921 = ORIENTED_EDGE ( 'NONE', *, *, #280, .T. ) ;
#5922 = DIRECTION ( 'NONE',  ( -1.000000000000000000, 0.000000000000000000, 0.000000000000000000 ) ) ;
#5923 = DIRECTION ( 'NONE',  ( -0.000000000000000000, -0.000000000000000000, -1.000000000000000000 ) ) ;
#5924 = DIRECTION ( 'NONE',  ( -2.168404344971009361E-16, -1.000000000000000000, -0.000000000000000000 ) ) ;
#5925 =( NAMED_UNIT ( * ) SI_UNIT ( $, .STERADIAN. ) SOLID_ANGLE_UNIT ( ) );
#5926 = CARTESIAN_POINT ( 'NONE',  ( 14.07002034398253798, 16.96433681637923030, 0.8029409594374679049 ) ) ;
#5927 = ADVANCED_FACE ( 'NONE', ( #851, #5416 ), #950, .F. ) ;
#5928 = CARTESIAN_POINT ( 'NONE',  ( 28.18421038476875395, 19.32362259271308247, 9.602249662979534408E-08 ) ) ;
#5929 = CARTESIAN_POINT ( 'NONE',  ( -4.973684208000001661, 0.000000000000000000, 6.217105260000000300 ) ) ;
#5930 =( NAMED_UNIT ( * ) SI_UNIT ( $, .STERADIAN. ) SOLID_ANGLE_UNIT ( ) );
#5931 = LINE ( 'NONE', #6366, #3817 ) ;
#5932 = ORIENTED_EDGE ( 'NONE', *, *, #5200, .F. ) ;
#5933 = CARTESIAN_POINT ( 'NONE',  ( -4.973684208000001661, 0.000000000000000000, -4.973684208000000773 ) ) ;
#5934 = FACE_OUTER_BOUND ( 'NONE', #5791, .T. ) ;
#5935 = FILL_AREA_STYLE ('',( #2408 ) ) ;
#5936 = CARTESIAN_POINT ( 'NONE',  ( -10.56907894200001863, 4.973684207999964357, 6.091006445296940059E-16 ) ) ;
#5937 = ORIENTED_EDGE ( 'NONE', *, *, #4310, .T. ) ;
#5938 = CARTESIAN_POINT ( 'NONE',  ( -1.415112614726317812E-07, 16.83678048745307265, -14.09210516711750394 ) ) ;
#5939 = AXIS2_PLACEMENT_3D ( 'NONE', #5602, #6166, #1210 ) ;
#5940 = DIRECTION ( 'NONE',  ( -1.000000000000000000, -0.000000000000000000, -0.000000000000000000 ) ) ;
#5941 = EDGE_CURVE ( 'NONE', #5400, #1436, #4776, .T. ) ;
#5942 = CYLINDRICAL_SURFACE ( 'NONE', #5124, 2.486842105259998270 ) ;
#5943 = ORIENTED_EDGE ( 'NONE', *, *, #5079, .T. ) ;
#5944 = EDGE_LOOP ( 'NONE', ( #4043, #1103, #2809, #4483 ) ) ;
#5945 = SURFACE_SIDE_STYLE ('',( #5004 ) ) ;
#5946 = AXIS2_PLACEMENT_3D ( 'NONE', #6391, #3960, #6423 ) ;
#5947 = SURFACE_STYLE_USAGE ( .BOTH. , #1373 ) ;
#5948 = MECHANICAL_DESIGN_GEOMETRIC_PRESENTATION_REPRESENTATION (  '', ( #4587 ), #5102 ) ;
#5949 = EDGE_CURVE ( 'NONE', #2602, #1029, #5563, .T. ) ;
#5950 = CARTESIAN_POINT ( 'NONE',  ( -15.75000014149127026, -1.400061617786925172, 11.60526325390249980 ) ) ;
#5951 = CARTESIAN_POINT ( 'NONE',  ( 28.18421038476875395, -16.73558793355691421, 9.602249723889598206E-08 ) ) ;
#5952 =( GEOMETRIC_REPRESENTATION_CONTEXT ( 3 ) GLOBAL_UNCERTAINTY_ASSIGNED_CONTEXT ( ( #5694 ) ) GLOBAL_UNIT_ASSIGNED_CONTEXT ( ( #450, #2350, #421 ) ) REPRESENTATION_CONTEXT ( 'NONE', 'WORKASPACE' ) );
#5953 = CARTESIAN_POINT ( 'NONE',  ( -3.315789615191188755, -0.5711142493669216780, 11.60526325390249980 ) ) ;
#5954 = FILL_AREA_STYLE ('',( #3965 ) ) ;
#5955 =( NAMED_UNIT ( * ) PLANE_ANGLE_UNIT ( ) SI_UNIT ( $, .RADIAN. ) );
#5956 = DIRECTION ( 'NONE',  ( 0.000000000000000000, -0.000000000000000000, -1.000000000000000000 ) ) ;
#5957 = FILL_AREA_STYLE ('',( #3380 ) ) ;
#5958 = EDGE_CURVE ( 'NONE', #2543, #3116, #2743, .T. ) ;
#5959 = CARTESIAN_POINT ( 'NONE',  ( 0.8054317485161319734, 21.68198325055650244, -14.06986671007819645 ) ) ;
#5960 = ORIENTED_EDGE ( 'NONE', *, *, #2782, .T. ) ;
#5961 = PRESENTATION_STYLE_ASSIGNMENT (( #2594 ) ) ;
#5962 = DIRECTION ( 'NONE',  ( 0.000000000000000000, 0.000000000000000000, 1.000000000000000000 ) ) ;
#5963 =( LENGTH_UNIT ( ) NAMED_UNIT ( * ) SI_UNIT ( .MILLI., .METRE. ) );
#5964 = CIRCLE ( 'NONE', #1907, 11.60526315788000495 ) ;
#5965 = FACE_OUTER_BOUND ( 'NONE', #782, .T. ) ;
#5966 = CARTESIAN_POINT ( 'NONE',  ( 7.849838765765596804, 21.72979637997462632, -0.6494542669177949534 ) ) ;
#5967 = EDGE_LOOP ( 'NONE', ( #871, #3459, #5801, #2465, #5364, #1541 ) ) ;
#5968 = SURFACE_STYLE_USAGE ( .BOTH. , #1930 ) ;
#5969 = MECHANICAL_DESIGN_GEOMETRIC_PRESENTATION_REPRESENTATION (  '', ( #2111 ), #4301 ) ;
#5970 = COLOUR_RGB ( '',0.8392156862745098200, 0.4666666666666666741, 0.3686274509803921795 ) ;
#5971 = ORIENTED_EDGE ( 'NONE', *, *, #658, .F. ) ;
#5972 =( NAMED_UNIT ( * ) SI_UNIT ( $, .STERADIAN. ) SOLID_ANGLE_UNIT ( ) );
#5973 =( LENGTH_UNIT ( ) NAMED_UNIT ( * ) SI_UNIT ( .MILLI., .METRE. ) );
#5974 = PRESENTATION_LAYER_ASSIGNMENT (  '', '', ( #128 ) ) ;
#5975 = ORIENTED_EDGE ( 'NONE', *, *, #5397, .F. ) ;
#5976 = ORIENTED_EDGE ( 'NONE', *, *, #587, .F. ) ;
#5977 = CIRCLE ( 'NONE', #4095, 14.09210526314000234 ) ;
#5978 =( NAMED_UNIT ( * ) PLANE_ANGLE_UNIT ( ) SI_UNIT ( $, .RADIAN. ) );
#5979 = CARTESIAN_POINT ( 'NONE',  ( -39.00803756922543641, 20.11016949152541144, 1.861560328787486385E-17 ) ) ;
#5980 = CIRCLE ( 'NONE', #2326, 2.486842105260001823 ) ;
#5981 = CARTESIAN_POINT ( 'NONE',  ( 25.69736827950872637, -35.38690372300693099, 3.073819205801632037 ) ) ;
#5982 = FILL_AREA_STYLE ('',( #4601 ) ) ;
#5983 = CARTESIAN_POINT ( 'NONE',  ( -0.1629591254553613977, 16.83678048745307265, -7.874999903967502490 ) ) ;
#5984 = EDGE_CURVE ( 'NONE', #2328, #5863, #3540, .T. ) ;
#5985 =( NAMED_UNIT ( * ) PLANE_ANGLE_UNIT ( ) SI_UNIT ( $, .RADIAN. ) );
#5986 = AXIS2_PLACEMENT_3D ( 'NONE', #2222, #3301, #3707 ) ;
#5987 = CARTESIAN_POINT ( 'NONE',  ( 13.96743007728000485, 17.68077415423068288, -1.873924681773266432 ) ) ;
#5988 = CARTESIAN_POINT ( 'NONE',  ( 18.23684196372875377, -32.90006161774692117, -3.073819013756650786 ) ) ;
#5989 = CARTESIAN_POINT ( 'NONE',  ( -0.6473131165947954013, 21.73033576011881962, 7.850005152385498342 ) ) ;
#5990 = CIRCLE ( 'NONE', #5677, 4.973684208000002549 ) ;
#5991 = ORIENTED_EDGE ( 'NONE', *, *, #1326, .F. ) ;
#5992 = AXIS2_PLACEMENT_3D ( 'NONE', #2683, #3303, #3230 ) ;
#5993 = MECHANICAL_DESIGN_GEOMETRIC_PRESENTATION_REPRESENTATION (  '', ( #3452 ), #4535 ) ;
#5994 = CARTESIAN_POINT ( 'NONE',  ( -18.23684224675129428, -35.38690372300693099, -3.073819013756638796 ) ) ;
#5995 =( NAMED_UNIT ( * ) SI_UNIT ( $, .STERADIAN. ) SOLID_ANGLE_UNIT ( ) );
#5996 = ORIENTED_EDGE ( 'NONE', *, *, #3411, .T. ) ;
#5997 =( GEOMETRIC_REPRESENTATION_CONTEXT ( 3 ) GLOBAL_UNCERTAINTY_ASSIGNED_CONTEXT ( ( #5254 ) ) GLOBAL_UNIT_ASSIGNED_CONTEXT ( ( #4151, #6178, #2161 ) ) REPRESENTATION_CONTEXT ( 'NONE', 'WORKASPACE' ) );
#5998 = AXIS2_PLACEMENT_3D ( 'NONE', #5813, #230, #4837 ) ;
#5999 = PRESENTATION_STYLE_ASSIGNMENT (( #2766 ) ) ;
#6000 =( NAMED_UNIT ( * ) SI_UNIT ( $, .STERADIAN. ) SOLID_ANGLE_UNIT ( ) );
#6001 = ORIENTED_EDGE ( 'NONE', *, *, #361, .F. ) ;
#6002 = EDGE_CURVE ( 'NONE', #2036, #3592, #365, .T. ) ;
#6003 = ORIENTED_EDGE ( 'NONE', *, *, #4467, .F. ) ;
#6004 = CIRCLE ( 'NONE', #3174, 2.486842105260000491 ) ;
#6005 = AXIS2_PLACEMENT_3D ( 'NONE', #6043, #5586, #1563 ) ;
#6006 = CIRCLE ( 'NONE', #3407, 2.486842105260000491 ) ;
#6007 = AXIS2_PLACEMENT_3D ( 'NONE', #2091, #6099, #2752 ) ;
#6008 = ORIENTED_EDGE ( 'NONE', *, *, #3102, .F. ) ;
#6009 = PRODUCT_DEFINITION_SHAPE ( 'NONE', 'NONE',  #6472 ) ;
#6010 = FILL_AREA_STYLE_COLOUR ( '', #2094 ) ;
#6011 =( NAMED_UNIT ( * ) SI_UNIT ( $, .STERADIAN. ) SOLID_ANGLE_UNIT ( ) );
#6012 = LINE ( 'NONE', #97, #1143 ) ;
#6013 = FILL_AREA_STYLE_COLOUR ( '', #5907 ) ;
#6014 = CARTESIAN_POINT ( 'NONE',  ( -2.486842246771261866, 19.16027204435562936, -7.472030507725626158 ) ) ;
#6015 = CARTESIAN_POINT ( 'NONE',  ( 7.874999858478740400, 21.81046469797308163, 9.602249693429905641E-08 ) ) ;
#6016 = CARTESIAN_POINT ( 'NONE',  ( 14.09210512162874274, 16.83678048745307620, -0.1646169314925217952 ) ) ;
#6017 = EDGE_CURVE ( 'NONE', #5574, #819, #2079, .T. ) ;
#6018 = ORIENTED_EDGE ( 'NONE', *, *, #1367, .T. ) ;
#6019 = CARTESIAN_POINT ( 'NONE',  ( 28.18421038476873974, -32.90006161774692117, 3.073819205801632037 ) ) ;
#6020 = FILL_AREA_STYLE_COLOUR ( '', #1374 ) ;
#6021 = UNCERTAINTY_MEASURE_WITH_UNIT (LENGTH_MEASURE( 1.000000000000000082E-05 ), #1880, 'distance_accuracy_value', 'NONE');
#6022 = UNCERTAINTY_MEASURE_WITH_UNIT (LENGTH_MEASURE( 1.000000000000000082E-05 ), #741, 'distance_accuracy_value', 'NONE');
#6023 =( NAMED_UNIT ( * ) SI_UNIT ( $, .STERADIAN. ) SOLID_ANGLE_UNIT ( ) );
#6024 = EDGE_CURVE ( 'NONE', #4364, #6406, #4327, .T. ) ;
#6025 = ORIENTED_EDGE ( 'NONE', *, *, #4069, .F. ) ;
#6026 =( NAMED_UNIT ( * ) SI_UNIT ( $, .STERADIAN. ) SOLID_ANGLE_UNIT ( ) );
#6027 = ORIENTED_EDGE ( 'NONE', *, *, #953, .F. ) ;
#6028 = FACE_OUTER_BOUND ( 'NONE', #5112, .T. ) ;
#6029 = SURFACE_SIDE_STYLE ('',( #176 ) ) ;
#6030 = FILL_AREA_STYLE ('',( #4594 ) ) ;
#6031 = COLOUR_RGB ( '',0.5372549019607842924, 0.3490196078431372362, 0.3372549019607843368 ) ;
#6032 = EDGE_CURVE ( 'NONE', #1999, #4785, #4677, .T. ) ;
#6033 = EDGE_LOOP ( 'NONE', ( #5517, #662, #4929, #6001 ) ) ;
#6034 = AXIS2_PLACEMENT_3D ( 'NONE', #2891, #3326, #5767 ) ;
#6035 = STYLED_ITEM ( 'NONE', ( #2162 ), #3345 ) ;
#6036 = CARTESIAN_POINT ( 'NONE',  ( 28.18421038476873974, -21.70927214407691963, 9.602249662979534408E-08 ) ) ;
#6037 = DIRECTION ( 'NONE',  ( 0.000000000000000000, -1.000000000000000000, 0.000000000000000000 ) ) ;
#6038 =( LENGTH_UNIT ( ) NAMED_UNIT ( * ) SI_UNIT ( .MILLI., .METRE. ) );
#6039 = VECTOR ( 'NONE', #746, 1000.000000000000000 ) ;
#6040 = AXIS2_PLACEMENT_3D ( 'NONE', #1754, #3749, #1137 ) ;
#6041 = CARTESIAN_POINT ( 'NONE',  ( -1.336732849063834827, 4.973684208000001661, 4.973684208000001661 ) ) ;
#6042 = DIRECTION ( 'NONE',  ( -1.826024711554539830E-16, -1.000000000000000000, 0.000000000000000000 ) ) ;
#6043 = CARTESIAN_POINT ( 'NONE',  ( -3.315789615191276241, -13.00532477566692258, -14.09210516711750394 ) ) ;
#6044 = COLOUR_RGB ( '',0.5372549019607842924, 0.3490196078431372362, 0.3372549019607843368 ) ;
#6045 = CARTESIAN_POINT ( 'NONE',  ( -6.424342101999998889, -10.56907894200000086, 6.217105260000000300 ) ) ;
#6046 = COLOUR_RGB ( '',0.5372549019607842924, 0.3490196078431372362, 0.3372549019607843368 ) ;
#6047 =( GEOMETRIC_REPRESENTATION_CONTEXT ( 3 ) GLOBAL_UNCERTAINTY_ASSIGNED_CONTEXT ( ( #278 ) ) GLOBAL_UNIT_ASSIGNED_CONTEXT ( ( #1234, #5161, #1201 ) ) REPRESENTATION_CONTEXT ( 'NONE', 'WORKASPACE' ) );
#6048 = SURFACE_STYLE_FILL_AREA ( #5954 ) ;
#6049 = CARTESIAN_POINT ( 'NONE',  ( 2.486841963748738671, 19.32362259271307536, 13.87094264117508402 ) ) ;
#6050 = CARTESIAN_POINT ( 'NONE',  ( 13.96768257737493890, 20.96862230452556375, -1.872065167860116119 ) ) ;
#6051 = DIRECTION ( 'NONE',  ( 0.000000000000000000, -0.2648642316819890818, 0.9642857142857139685 ) ) ;
#6052 = DIRECTION ( 'NONE',  ( -1.000000000000000000, -1.826024711554539830E-16, -0.000000000000000000 ) ) ;
#6053 =( LENGTH_UNIT ( ) NAMED_UNIT ( * ) SI_UNIT ( .MILLI., .METRE. ) );
#6054 = CARTESIAN_POINT ( 'NONE',  ( -13.99630624186873362, 17.45107368351434829, -1.644430092562057411 ) ) ;
#6055 = VERTEX_POINT ( 'NONE', #2257 ) ;
#6056 = DIRECTION ( 'NONE',  ( 0.000000000000000000, 0.000000000000000000, 1.000000000000000000 ) ) ;
#6057 = LINE ( 'NONE', #5570, #2286 ) ;
#6058 =( LENGTH_UNIT ( ) NAMED_UNIT ( * ) SI_UNIT ( .MILLI., .METRE. ) );
#6059 = SURFACE_SIDE_STYLE ('',( #56 ) ) ;
#6060 = ORIENTED_EDGE ( 'NONE', *, *, #4310, .F. ) ;
#6061 = PRESENTATION_STYLE_ASSIGNMENT (( #3023 ) ) ;
#6062 = EDGE_LOOP ( 'NONE', ( #800, #3876, #1581, #1364 ) ) ;
#6063 =( LENGTH_UNIT ( ) NAMED_UNIT ( * ) SI_UNIT ( .MILLI., .METRE. ) );
#6064 = CARTESIAN_POINT ( 'NONE',  ( -6.588470995756730453, 8.656103418037853103, 14.09210535916249896 ) ) ;
#6065 = EDGE_CURVE ( 'NONE', #5460, #2151, #2338, .T. ) ;
#6066 = EDGE_CURVE ( 'NONE', #4581, #4521, #5374, .T. ) ;
#6067 =( BOUNDED_CURVE ( )  B_SPLINE_CURVE ( 3, ( #5468, #4978, #487, #2489 ),
 .UNSPECIFIED., .F., .F. ) 
 B_SPLINE_CURVE_WITH_KNOTS ( ( 4, 4 ),
 ( 0.000000000000000000, 0.7853981633974529419 ),
 .UNSPECIFIED. ) 
 CURVE ( )  GEOMETRIC_REPRESENTATION_ITEM ( )  RATIONAL_B_SPLINE_CURVE ( ( 1.000000000000000000, 0.9492530216741905669, 0.9492530216741905669, 1.000000000000000000 ) ) 
 REPRESENTATION_ITEM ( '' )  );
#6068 = MECHANICAL_DESIGN_GEOMETRIC_PRESENTATION_REPRESENTATION (  '', ( #3131 ), #5029 ) ;
#6069 = CONICAL_SURFACE ( 'NONE', #4084, 4.973684208000002549, 0.7853981633974533860 ) ;
#6070 = PRESENTATION_LAYER_ASSIGNMENT (  '', '', ( #123 ) ) ;
#6071 = EDGE_LOOP ( 'NONE', ( #5707, #3771, #4987, #2384 ) ) ;
#6072 = CARTESIAN_POINT ( 'NONE',  ( 6.436407796354088440, -0.9672928495157413487, 4.552542019850314148 ) ) ;
#6073 = ADVANCED_FACE ( 'NONE', ( #3710 ), #742, .T. ) ;
#6074 = COLOUR_RGB ( '',0.5372549019607842924, 0.3490196078431372362, 0.3372549019607843368 ) ;
#6075 = CIRCLE ( 'NONE', #5457, 14.09210526314000234 ) ;
#6076 = DIRECTION ( 'NONE',  ( -3.487803814137691015E-16, 1.000000000000000000, 0.000000000000000000 ) ) ;
#6077 =( NAMED_UNIT ( * ) PLANE_ANGLE_UNIT ( ) SI_UNIT ( $, .RADIAN. ) );
#6078 = MECHANICAL_DESIGN_GEOMETRIC_PRESENTATION_REPRESENTATION (  '', ( #2215 ), #6294 ) ;
#6079 = CARTESIAN_POINT ( 'NONE',  ( 5.799646726204466418, 11.03414890894781486, -12.86027861207990419 ) ) ;
#6080 = SURFACE_STYLE_USAGE ( .BOTH. , #733 ) ;
#6081 = CARTESIAN_POINT ( 'NONE',  ( -6.587274444622259750, 8.656293605162890259, -14.09210516711750572 ) ) ;
#6082 = CARTESIAN_POINT ( 'NONE',  ( 2.359419918967205820, 18.52114375353216502, 13.89332784344430749 ) ) ;
#6083 = CARTESIAN_POINT ( 'NONE',  ( 13.92603681417332595, 18.07880033705521683, -2.158992984378101276 ) ) ;
#6084 = CARTESIAN_POINT ( 'NONE',  ( -13.95311689220124229, 17.79456138370035134, -1.987757711027676066 ) ) ;
#6085 = CARTESIAN_POINT ( 'NONE',  ( -18.23684224675129428, -32.90006161774692117, -3.073819013756638796 ) ) ;
#6086 = AXIS2_PLACEMENT_3D ( 'NONE', #4190, #3647, #6222 ) ;
#6087 = VERTEX_POINT ( 'NONE', #3767 ) ;
#6088 = CIRCLE ( 'NONE', #1813, 2.486842105260001823 ) ;
#6089 = CARTESIAN_POINT ( 'NONE',  ( -18.23684224675127652, -32.90006161774692117, 3.073819205801665344 ) ) ;
#6090 = MECHANICAL_DESIGN_GEOMETRIC_PRESENTATION_REPRESENTATION (  '', ( #4323 ), #40 ) ;
#6091 = CARTESIAN_POINT ( 'NONE',  ( 18.23684196372875377, -32.90006161774692117, -3.073819013756649898 ) ) ;
#6092 =( REPRESENTATION_RELATIONSHIP ('NONE','NONE', #4274, #3581 ) REPRESENTATION_RELATIONSHIP_WITH_TRANSFORMATION ( #5423 )SHAPE_REPRESENTATION_RELATIONSHIP( ) );
#6093 = UNCERTAINTY_MEASURE_WITH_UNIT (LENGTH_MEASURE( 1.000000000000000082E-05 ), #546, 'distance_accuracy_value', 'NONE');
#6094 = SURFACE_SIDE_STYLE ('',( #3651 ) ) ;
#6095 = CARTESIAN_POINT ( 'NONE',  ( -2.486842246771262310, 19.48707163795375763, -7.472030507725627047 ) ) ;
#6096 = VECTOR ( 'NONE', #6453, 1000.000000000000000 ) ;
#6097 = EDGE_LOOP ( 'NONE', ( #3983, #3419, #654, #4525 ) ) ;
#6098 = DIRECTION ( 'NONE',  ( -0.000000000000000000, 1.000000000000000000, -0.000000000000000000 ) ) ;
#6099 = DIRECTION ( 'NONE',  ( -1.000000000000000000, -0.000000000000000000, -0.000000000000000000 ) ) ;
#6100 =( NAMED_UNIT ( * ) PLANE_ANGLE_UNIT ( ) SI_UNIT ( $, .RADIAN. ) );
#6101 = B_SPLINE_CURVE_WITH_KNOTS ( 'NONE', 3,
 ( #5938, #5401, #2413, #4402, #6409, #5426, #931, #1002, #2923, #1461, #2962, #4930, #3462, #4961, #448, #2447 ),
 .UNSPECIFIED., .F., .F.,
 ( 4, 2, 2, 2, 2, 2, 2, 4 ),
 ( 0.007790268527452140490, 0.008764161093544968126, 0.009251107376591381076, 0.009738053659637792292, 0.01022499994268420351, 0.01071194622573061646, 0.01119889250877702941, 0.01168583879182344062 ),
 .UNSPECIFIED. ) ;
#6102 = VECTOR ( 'NONE', #198, 1000.000000000000000 ) ;
#6103 = UNCERTAINTY_MEASURE_WITH_UNIT (LENGTH_MEASURE( 1.000000000000000082E-05 ), #4489, 'distance_accuracy_value', 'NONE');
#6104 = DIRECTION ( 'NONE',  ( -3.053113317719179993E-16, 0.7530614246596518679, 0.6579502190056443212 ) ) ;
#6105 = EDGE_CURVE ( 'NONE', #4539, #3429, #1402, .T. ) ;
#6106 = COLOUR_RGB ( '',0.5372549019607842924, 0.3490196078431372362, 0.3372549019607843368 ) ;
#6107 = ORIENTED_EDGE ( 'NONE', *, *, #3799, .F. ) ;
#6108 = FACE_OUTER_BOUND ( 'NONE', #5805, .T. ) ;
#6109 = CARTESIAN_POINT ( 'NONE',  ( 4.973684207999997220, -4.973684207999951035, 1.336732849063819728 ) ) ;
#6110 = MECHANICAL_DESIGN_GEOMETRIC_PRESENTATION_REPRESENTATION (  '', ( #1104 ), #2972 ) ;
#6111 = MECHANICAL_DESIGN_GEOMETRIC_PRESENTATION_REPRESENTATION (  '', ( #2460 ), #1217 ) ;
#6112 = FILL_AREA_STYLE ('',( #2176 ) ) ;
#6113 = FACE_OUTER_BOUND ( 'NONE', #6362, .T. ) ;
#6114 =( NAMED_UNIT ( * ) PLANE_ANGLE_UNIT ( ) SI_UNIT ( $, .RADIAN. ) );
#6115 = EDGE_CURVE ( 'NONE', #3883, #2602, #5862, .T. ) ;
#6116 = CARTESIAN_POINT ( 'NONE',  ( 2.834933065813868946, 10.49027235075213582, -14.09210516711750394 ) ) ;
#6117 = SURFACE_STYLE_FILL_AREA ( #636 ) ;
#6118 =( LENGTH_UNIT ( ) NAMED_UNIT ( * ) SI_UNIT ( .MILLI., .METRE. ) );
#6119 = CARTESIAN_POINT ( 'NONE',  ( -7.498667850415642100, 11.03414890839604290, -11.93544754087912985 ) ) ;
#6120 = LINE ( 'NONE', #4607, #1400 ) ;
#6121 = SURFACE_SIDE_STYLE ('',( #5443 ) ) ;
#6122 = CARTESIAN_POINT ( 'NONE',  ( -13.88505974223047090, 19.96959070200884057, -2.406988686695492596 ) ) ;
#6123 = EDGE_CURVE ( 'NONE', #1332, #3840, #4704, .T. ) ;
#6124 = ORIENTED_EDGE ( 'NONE', *, *, #2573, .T. ) ;
#6125 = CYLINDRICAL_SURFACE ( 'NONE', #5436, 2.486842105260001823 ) ;
#6126 = FILL_AREA_STYLE_COLOUR ( '', #4086 ) ;
#6127 =( LENGTH_UNIT ( ) NAMED_UNIT ( * ) SI_UNIT ( .MILLI., .METRE. ) );
#6128 = CARTESIAN_POINT ( 'NONE',  ( -7.285182918103890515, 8.571670455243559417, 14.09210535916249718 ) ) ;
#6129 = TOROIDAL_SURFACE ( 'NONE', #485, 10.36184210525000182, 2.486842105260000491 ) ;
#6130 = ORIENTED_EDGE ( 'NONE', *, *, #4786, .T. ) ;
#6131 = CARTESIAN_POINT ( 'NONE',  ( 7.754978762509408874, 11.03414890851307462, -11.76996285329520298 ) ) ;
#6132 = CARTESIAN_POINT ( 'NONE',  ( -1.415112606115435662E-07, 11.03414890851307462, 14.09210535916249896 ) ) ;
#6133 = CARTESIAN_POINT ( 'NONE',  ( -13.99650958443225690, 21.19769305621432309, 1.642715014056437051 ) ) ;
#6134 = CARTESIAN_POINT ( 'NONE',  ( 149.8504033517517939, 54.32494273264622819, 68.13252166343022509 ) ) ;
#6135 = ORIENTED_EDGE ( 'NONE', *, *, #5323, .T. ) ;
#6136 = VERTEX_POINT ( 'NONE', #2804 ) ;
#6137 = FACE_BOUND ( 'NONE', #1008, .T. ) ;
#6138 = STYLED_ITEM ( 'NONE', ( #1795 ), #6326 ) ;
#6139 = EDGE_CURVE ( 'NONE', #1370, #3853, #3616, .T. ) ;
#6140 = DIRECTION ( 'NONE',  ( -1.000000000000000000, 0.000000000000000000, 0.000000000000000000 ) ) ;
#6141 = CARTESIAN_POINT ( 'NONE',  ( 13.87387383287537546, 19.65038510565673491, 2.470646986715722360 ) ) ;
#6142 = TOROIDAL_SURFACE ( 'NONE', #3971, 14.92105263155999850, 2.486842105260000491 ) ;
#6143 = PRESENTATION_STYLE_ASSIGNMENT (( #6080 ) ) ;
#6144 = ADVANCED_FACE ( 'NONE', ( #6424 ), #3961, .F. ) ;
#6145 = STYLED_ITEM ( 'NONE', ( #3601 ), #1624 ) ;
#6146 = PLANE ( 'NONE',  #5639 ) ;
#6147 =( LENGTH_UNIT ( ) NAMED_UNIT ( * ) SI_UNIT ( .MILLI., .METRE. ) );
#6148 =( GEOMETRIC_REPRESENTATION_CONTEXT ( 3 ) GLOBAL_UNCERTAINTY_ASSIGNED_CONTEXT ( ( #16 ) ) GLOBAL_UNIT_ASSIGNED_CONTEXT ( ( #2870, #4870, #2802 ) ) REPRESENTATION_CONTEXT ( 'NONE', 'WORKASPACE' ) );
#6149 = ORIENTED_EDGE ( 'NONE', *, *, #1285, .F. ) ;
#6150 = PRESENTATION_LAYER_ASSIGNMENT (  '', '', ( #2503 ) ) ;
#6151 = AXIS2_PLACEMENT_3D ( 'NONE', #3973, #5962, #3488 ) ;
#6152 = STYLED_ITEM ( 'NONE', ( #2694 ), #150 ) ;
#6153 = CARTESIAN_POINT ( 'NONE',  ( -1.415112614726319400E-07, 11.03414890851307462, -11.60526306185750478 ) ) ;
#6154 = CARTESIAN_POINT ( 'NONE',  ( -28.18421066779126960, -21.70927214407693029, 9.602249662979534408E-08 ) ) ;
#6155 = CARTESIAN_POINT ( 'NONE',  ( -2.359664403408663347, 20.12548422540862703, 13.89328720387463711 ) ) ;
#6156 = DIRECTION ( 'NONE',  ( 1.000000000000000000, -1.826024711554539830E-16, -0.000000000000000000 ) ) ;
#6157 = ORIENTED_EDGE ( 'NONE', *, *, #673, .F. ) ;
#6158 = CARTESIAN_POINT ( 'NONE',  ( -1.276545836094384656, 10.44322405876370219, 14.09210535916249896 ) ) ;
#6159 = VERTEX_POINT ( 'NONE', #1442 ) ;
#6160 = LINE ( 'NONE', #1680, #1273 ) ;
#6161 = CARTESIAN_POINT ( 'NONE',  ( -2.407182821347867208, 19.96913002661042569, -13.88502613787227880 ) ) ;
#6162 = CARTESIAN_POINT ( 'NONE',  ( -7.286538113781422688, 8.571552060253603500, 14.09210535916249896 ) ) ;
#6163 = UNCERTAINTY_MEASURE_WITH_UNIT (LENGTH_MEASURE( 1.000000000000000082E-05 ), #655, 'distance_accuracy_value', 'NONE');
#6164 = PRESENTATION_STYLE_ASSIGNMENT (( #247 ) ) ;
#6165 = CARTESIAN_POINT ( 'NONE',  ( -13.95282685374239762, 17.80821821808595828, 1.978480106222196389 ) ) ;
#6166 = DIRECTION ( 'NONE',  ( -0.3884613498755459804, -0.9142023142549186021, 0.1154638829410279260 ) ) ;
#6167 = ORIENTED_EDGE ( 'NONE', *, *, #3139, .T. ) ;
#6168 = VERTEX_POINT ( 'NONE', #2901 ) ;
#6169 = UNCERTAINTY_MEASURE_WITH_UNIT (LENGTH_MEASURE( 1.000000000000000082E-05 ), #5562, 'distance_accuracy_value', 'NONE');
#6170 =( GEOMETRIC_REPRESENTATION_CONTEXT ( 3 ) GLOBAL_UNCERTAINTY_ASSIGNED_CONTEXT ( ( #5757 ) ) GLOBAL_UNIT_ASSIGNED_CONTEXT ( ( #894, #4920, #2498 ) ) REPRESENTATION_CONTEXT ( 'NONE', 'WORKASPACE' ) );
#6171 = CARTESIAN_POINT ( 'NONE',  ( 6.895556884211451631, 10.53632549983755951, 14.09210535916249896 ) ) ;
#6172 = VECTOR ( 'NONE', #1628, 1000.000000000000000 ) ;
#6173 = ORIENTED_EDGE ( 'NONE', *, *, #3094, .T. ) ;
#6174 = MECHANICAL_DESIGN_GEOMETRIC_PRESENTATION_REPRESENTATION (  '', ( #1066 ), #535 ) ;
#6175 = DIRECTION ( 'NONE',  ( 1.000000000000000000, 1.194835047228923490E-16, -3.281901433180726594E-17 ) ) ;
#6176 = COLOUR_RGB ( '',0.5372549019607842924, 0.3490196078431372362, 0.3372549019607843368 ) ;
#6177 = CARTESIAN_POINT ( 'NONE',  ( -25.69736856253124913, -35.38690372300693099, -3.073819013756672991 ) ) ;
#6178 =( NAMED_UNIT ( * ) PLANE_ANGLE_UNIT ( ) SI_UNIT ( $, .RADIAN. ) );
#6179 = CARTESIAN_POINT ( 'NONE',  ( -1.336732849063818618, -4.973684208000001661, 4.973684208000001661 ) ) ;
#6180 = DIRECTION ( 'NONE',  ( 0.000000000000000000, 0.000000000000000000, 1.000000000000000000 ) ) ;
#6181 =( GEOMETRIC_REPRESENTATION_CONTEXT ( 3 ) GLOBAL_UNCERTAINTY_ASSIGNED_CONTEXT ( ( #28 ) ) GLOBAL_UNIT_ASSIGNED_CONTEXT ( ( #5701, #4738, #2159 ) ) REPRESENTATION_CONTEXT ( 'NONE', 'WORKASPACE' ) );
#6182 = FILL_AREA_STYLE ('',( #165 ) ) ;
#6183 = CARTESIAN_POINT ( 'NONE',  ( 28.18421038476875395, 19.32362259271308247, 9.602249662979534408E-08 ) ) ;
#6184 = ORIENTED_EDGE ( 'NONE', *, *, #1759, .F. ) ;
#6185 = EDGE_CURVE ( 'NONE', #529, #2133, #3439, .T. ) ;
#6186 = CARTESIAN_POINT ( 'NONE',  ( -7.477532799367311966, 19.65183413387849143, -2.470478415129203853 ) ) ;
#6187 = ORIENTED_EDGE ( 'NONE', *, *, #3721, .F. ) ;
#6188 = COLOUR_RGB ( '',0.5372549019607842924, 0.3490196078431372362, 0.3372549019607843368 ) ;
#6189 = CARTESIAN_POINT ( 'NONE',  ( 28.18421038476873974, -21.70927214407691963, -11.60526306185750478 ) ) ;
#6190 = CARTESIAN_POINT ( 'NONE',  ( -2.406780679313808680, 19.97035498669185571, 13.88509590053831033 ) ) ;
#6191 = ORIENTED_EDGE ( 'NONE', *, *, #983, .F. ) ;
#6192 = DIRECTION ( 'NONE',  ( 7.155734338404330842E-15, -1.000000000000000000, 0.000000000000000000 ) ) ;
#6193 = EDGE_LOOP ( 'NONE', ( #5633, #5511 ) ) ;
#6194 = EDGE_CURVE ( 'NONE', #1296, #5366, #4907, .T. ) ;
#6195 =( NAMED_UNIT ( * ) SI_UNIT ( $, .STERADIAN. ) SOLID_ANGLE_UNIT ( ) );
#6196 = CARTESIAN_POINT ( 'NONE',  ( -2.486842246771261866, 19.32362259271307536, 7.472030699770618511 ) ) ;
#6197 = STYLED_ITEM ( 'NONE', ( #3162 ), #3224 ) ;
#6198 = CARTESIAN_POINT ( 'NONE',  ( 28.18421038476874685, -1.400061617787014212, 14.09210535916249896 ) ) ;
#6199 = CARTESIAN_POINT ( 'NONE',  ( -14.03937879560051627, 17.15194866298833887, 1.254232534007079014 ) ) ;
#6200 = DIRECTION ( 'NONE',  ( 0.000000000000000000, 0.000000000000000000, 1.000000000000000000 ) ) ;
#6201 = EDGE_CURVE ( 'NONE', #83, #5400, #5769, .T. ) ;
#6202 = VERTEX_POINT ( 'NONE', #5951 ) ;
#6203 = AXIS2_PLACEMENT_3D ( 'NONE', #5398, #1990, #3946 ) ;
#6204 = DIRECTION ( 'NONE',  ( -1.119176436114069332E-16, 1.000000000000000000, 0.000000000000000000 ) ) ;
#6205 = CARTESIAN_POINT ( 'NONE',  ( 7.498667567393405342, 11.03414890839595053, 11.93544773292441441 ) ) ;
#6206 = PRESENTATION_LAYER_ASSIGNMENT (  '', '', ( #1094 ) ) ;
#6207 = STYLED_ITEM ( 'NONE', ( #982 ), #4109 ) ;
#6208 = CYLINDRICAL_SURFACE ( 'NONE', #181, 2.486842105260000491 ) ;
#6209 =( NAMED_UNIT ( * ) SI_UNIT ( $, .STERADIAN. ) SOLID_ANGLE_UNIT ( ) );
#6210 = ORIENTED_EDGE ( 'NONE', *, *, #5815, .T. ) ;
#6211 = CYLINDRICAL_SURFACE ( 'NONE', #1805, 12.43421052629999934 ) ;
#6212 = COLOUR_RGB ( '',0.5372549019607842924, 0.3490196078431372362, 0.3372549019607843368 ) ;
#6213 = LINE ( 'NONE', #1697, #3036 ) ;
#6214 = FILL_AREA_STYLE ('',( #2679 ) ) ;
#6215 = CARTESIAN_POINT ( 'NONE',  ( 15.74999985846874395, -13.00532477566700429, 11.60526325390249980 ) ) ;
#6216 = COLOUR_RGB ( '',0.5372549019607842924, 0.3490196078431372362, 0.3372549019607843368 ) ;
#6217 = DIRECTION ( 'NONE',  ( -0.000000000000000000, -1.000000000000000000, -0.000000000000000000 ) ) ;
#6218 = STYLED_ITEM ( 'NONE', ( #466 ), #870 ) ;
#6219 = CARTESIAN_POINT ( 'NONE',  ( -1.415112614725853267E-07, 16.83678048745307265, -7.874999903967504267 ) ) ;
#6220 = PRESENTATION_LAYER_ASSIGNMENT (  '', '', ( #4966 ) ) ;
#6221 = ORIENTED_EDGE ( 'NONE', *, *, #469, .T. ) ;
#6222 = DIRECTION ( 'NONE',  ( -4.923958325841446719E-16, 1.000000000000000000, 0.000000000000000000 ) ) ;
#6223 = CARTESIAN_POINT ( 'NONE',  ( -0.1646988869455345561, 16.83678048745307620, 14.09210535916249718 ) ) ;
#6224 = UNCERTAINTY_MEASURE_WITH_UNIT (LENGTH_MEASURE( 1.000000000000000082E-05 ), #2644, 'distance_accuracy_value', 'NONE');
#6225 = ORIENTED_EDGE ( 'NONE', *, *, #4625, .T. ) ;
#6226 = DIRECTION ( 'NONE',  ( 0.000000000000000000, 0.000000000000000000, 1.000000000000000000 ) ) ;
#6227 = EDGE_CURVE ( 'NONE', #5244, #172, #6422, .T. ) ;
#6228 = CARTESIAN_POINT ( 'NONE',  ( -1.415112605082225667E-07, 25.12625417165307695, 7.875000096012498396 ) ) ;
#6229 = EDGE_LOOP ( 'NONE', ( #1988, #597, #4969, #4388, #5061, #2201, #906, #385, #85, #5760, #5513, #4598, #4487, #6305, #1386 ) ) ;
#6230 = DIRECTION ( 'NONE',  ( -1.000000000000000000, 0.000000000000000000, 0.000000000000000000 ) ) ;
#6231 = DIRECTION ( 'NONE',  ( -1.000000000000000000, 0.000000000000000000, 0.000000000000000000 ) ) ;
#6232 = UNCERTAINTY_MEASURE_WITH_UNIT (LENGTH_MEASURE( 1.000000000000000082E-05 ), #6118, 'distance_accuracy_value', 'NONE');
#6233 = EDGE_CURVE ( 'NONE', #1677, #2692, #4424, .T. ) ;
#6234 = SURFACE_STYLE_USAGE ( .BOTH. , #3694 ) ;
#6235 = MANIFOLD_SOLID_BREP ( 'Scale1', #4651 ) ;
#6236 = CARTESIAN_POINT ( 'NONE',  ( -14.09210540465126904, 21.81046469797308163, 0.3248639918807631477 ) ) ;
#6237 =( LENGTH_UNIT ( ) NAMED_UNIT ( * ) SI_UNIT ( .MILLI., .METRE. ) );
#6238 = ORIENTED_EDGE ( 'NONE', *, *, #5958, .T. ) ;
#6239 = CARTESIAN_POINT ( 'NONE',  ( -2.406614511855825977, 19.97100868676931995, 7.498330599365485405 ) ) ;
#6240 = ORIENTED_EDGE ( 'NONE', *, *, #2197, .F. ) ;
#6241 = CARTESIAN_POINT ( 'NONE',  ( -28.18421066779127315, -1.400061617787014212, -11.60526306185750478 ) ) ;
#6242 = ADVANCED_FACE ( 'NONE', ( #5075 ), #1760, .T. ) ;
#6243 = CARTESIAN_POINT ( 'NONE',  ( 7.994078778775363325, 8.547306803253071905, 14.09210535916249896 ) ) ;
#6244 = LINE ( 'NONE', #3222, #1340 ) ;
#6245 = EDGE_LOOP ( 'NONE', ( #391, #3359, #6379, #4179, #3151, #5932 ) ) ;
#6246 = FACE_OUTER_BOUND ( 'NONE', #4811, .T. ) ;
#6247 = DIRECTION ( 'NONE',  ( -0.000000000000000000, -0.000000000000000000, -1.000000000000000000 ) ) ;
#6248 =( NAMED_UNIT ( * ) PLANE_ANGLE_UNIT ( ) SI_UNIT ( $, .RADIAN. ) );
#6249 = DIRECTION ( 'NONE',  ( -6.975607628275384002E-16, 1.000000000000000000, 0.000000000000000000 ) ) ;
#6250 = CYLINDRICAL_SURFACE ( 'NONE', #5751, 4.973684208000001661 ) ;
#6251 = AXIS2_PLACEMENT_3D ( 'NONE', #1043, #3030, #6076 ) ;
#6252 = CARTESIAN_POINT ( 'NONE',  ( 0.1629637188046821061, 16.83678048745307265, -7.874999903967502490 ) ) ;
#6253 = FACE_OUTER_BOUND ( 'NONE', #5023, .T. ) ;
#6254 = DIRECTION ( 'NONE',  ( 1.224646805319259428E-16, 0.000000000000000000, -1.000000000000000000 ) ) ;
#6255 = COLOUR_RGB ( '',0.7921568627450980005, 0.8196078431372548767, 0.9333333333333333481 ) ;
#6256 =( LENGTH_UNIT ( ) NAMED_UNIT ( * ) SI_UNIT ( .MILLI., .METRE. ) );
#6257 = ORIENTED_EDGE ( 'NONE', *, *, #4712, .T. ) ;
#6258 = FACE_OUTER_BOUND ( 'NONE', #1966, .T. ) ;
#6259 = CIRCLE ( 'NONE', #1555, 11.60526315788000140 ) ;
#6260 = VERTEX_POINT ( 'NONE', #1844 ) ;
#6261 = CARTESIAN_POINT ( 'NONE',  ( -0.1646988869455345561, 21.81046469797308163, -14.09210516711750039 ) ) ;
#6262 = SURFACE_STYLE_FILL_AREA ( #3242 ) ;
#6263 = CARTESIAN_POINT ( 'NONE',  ( 18.23684196372874666, -13.00532477566691369, 14.09210535916249896 ) ) ;
#6264 = CARTESIAN_POINT ( 'NONE',  ( -13.87092576331447624, 19.16079173847969486, 2.486936595231670655 ) ) ;
#6265 = ORIENTED_EDGE ( 'NONE', *, *, #4557, .T. ) ;
#6266 = ADVANCED_FACE ( 'NONE', ( #4544, #2584 ), #514, .T. ) ;
#6267 = ORIENTED_EDGE ( 'NONE', *, *, #2123, .T. ) ;
#6268 = DIRECTION ( 'NONE',  ( 0.000000000000000000, 0.9642857142857154118, -0.2648642316819834752 ) ) ;
#6269 =( NAMED_UNIT ( * ) SI_UNIT ( $, .STERADIAN. ) SOLID_ANGLE_UNIT ( ) );
#6270 = MANIFOLD_SOLID_BREP ( 'Scale1', #161 ) ;
#6271 = EDGE_CURVE ( 'NONE', #4364, #3853, #6244, .T. ) ;
#6272 = ORIENTED_EDGE ( 'NONE', *, *, #995, .F. ) ;
#6273 = PRESENTATION_STYLE_ASSIGNMENT (( #290 ) ) ;
#6274 = CARTESIAN_POINT ( 'NONE',  ( 15.74999985846874395, -13.00532477566700429, 14.09210535916249896 ) ) ;
#6275 = CARTESIAN_POINT ( 'NONE',  ( -3.054607287644909075, 11.03414890835544249, -13.77815665495000630 ) ) ;
#6276 = SURFACE_STYLE_USAGE ( .BOTH. , #3265 ) ;
#6277 = CARTESIAN_POINT ( 'NONE',  ( -3.516925830957228882, -3.516925830957266186, 3.516925830957260857 ) ) ;
#6278 =( BOUNDED_CURVE ( )  B_SPLINE_CURVE ( 3, ( #2769, #2419, #908, #5433 ),
 .UNSPECIFIED., .F., .F. ) 
 B_SPLINE_CURVE_WITH_KNOTS ( ( 4, 4 ),
 ( 0.000000000000000000, 0.7853981633974501664 ),
 .UNSPECIFIED. ) 
 CURVE ( )  GEOMETRIC_REPRESENTATION_ITEM ( )  RATIONAL_B_SPLINE_CURVE ( ( 1.000000000000000000, 0.9492530216741910110, 0.9492530216741910110, 1.000000000000000000 ) ) 
 REPRESENTATION_ITEM ( '' )  );
#6279 = CARTESIAN_POINT ( 'NONE',  ( 2.486841963748944284, 19.32362259271337379, -7.472030507725583526 ) ) ;
#6280 =( NAMED_UNIT ( * ) PLANE_ANGLE_UNIT ( ) SI_UNIT ( $, .RADIAN. ) );
#6281 = CARTESIAN_POINT ( 'NONE',  ( 3.516925830957256860, -3.516925830957223553, -3.516925830957229326 ) ) ;
#6282 = CARTESIAN_POINT ( 'NONE',  ( 7.869794327534018308, 16.85312712551268177, -0.3280346465963108193 ) ) ;
#6283 =( GEOMETRIC_REPRESENTATION_CONTEXT ( 3 ) GLOBAL_UNCERTAINTY_ASSIGNED_CONTEXT ( ( #6103 ) ) GLOBAL_UNIT_ASSIGNED_CONTEXT ( ( #4489, #5540, #1455 ) ) REPRESENTATION_CONTEXT ( 'NONE', 'WORKASPACE' ) );
#6284 = ORIENTED_EDGE ( 'NONE', *, *, #5623, .T. ) ;
#6285 = DIRECTION ( 'NONE',  ( -1.000000000000000000, -1.826024711554539830E-16, -0.000000000000000000 ) ) ;
#6286 = MECHANICAL_DESIGN_GEOMETRIC_PRESENTATION_REPRESENTATION (  '', ( #2207 ), #4608 ) ;
#6287 = PRESENTATION_LAYER_ASSIGNMENT (  '', '', ( #3781 ) ) ;
#6288 = ORIENTED_EDGE ( 'NONE', *, *, #6017, .F. ) ;
#6289 =( NAMED_UNIT ( * ) SI_UNIT ( $, .STERADIAN. ) SOLID_ANGLE_UNIT ( ) );
#6290 = VECTOR ( 'NONE', #318, 1000.000000000000114 ) ;
#6291 = CARTESIAN_POINT ( 'NONE',  ( -2.406780679313808680, 18.67689019873429146, -13.88509570849331354 ) ) ;
#6292 =( LENGTH_UNIT ( ) NAMED_UNIT ( * ) SI_UNIT ( .MILLI., .METRE. ) );
#6293 = ORIENTED_EDGE ( 'NONE', *, *, #5163, .F. ) ;
#6294 =( GEOMETRIC_REPRESENTATION_CONTEXT ( 3 ) GLOBAL_UNCERTAINTY_ASSIGNED_CONTEXT ( ( #5402 ) ) GLOBAL_UNIT_ASSIGNED_CONTEXT ( ( #1596, #3194, #4085 ) ) REPRESENTATION_CONTEXT ( 'NONE', 'WORKASPACE' ) );
#6295 =( NAMED_UNIT ( * ) SI_UNIT ( $, .STERADIAN. ) SOLID_ANGLE_UNIT ( ) );
#6296 = LINE ( 'NONE', #5717, #5490 ) ;
#6297 = DIRECTION ( 'NONE',  ( -1.000000000000000000, 0.000000000000000000, 0.000000000000000000 ) ) ;
#6298 = DIRECTION ( 'NONE',  ( 0.000000000000000000, 0.000000000000000000, 1.000000000000000000 ) ) ;
#6299 = UNCERTAINTY_MEASURE_WITH_UNIT (LENGTH_MEASURE( 1.000000000000000082E-05 ), #5963, 'distance_accuracy_value', 'NONE');
#6300 = DIRECTION ( 'NONE',  ( -0.000000000000000000, 1.000000000000000000, -0.000000000000000000 ) ) ;
#6301 = DIRECTION ( 'NONE',  ( 0.000000000000000000, -1.000000000000000000, 0.000000000000000000 ) ) ;
#6302 = FILL_AREA_STYLE ('',( #897 ) ) ;
#6303 =( NAMED_UNIT ( * ) SI_UNIT ( $, .STERADIAN. ) SOLID_ANGLE_UNIT ( ) );
#6304 = CONTEXT_DEPENDENT_SHAPE_REPRESENTATION ( #2509, #5344 ) ;
#6305 = ORIENTED_EDGE ( 'NONE', *, *, #587, .T. ) ;
#6306 = CARTESIAN_POINT ( 'NONE',  ( 6.962649780871689842, 11.03414890863022713, -12.25587334213627422 ) ) ;
#6307 = MECHANICAL_DESIGN_GEOMETRIC_PRESENTATION_REPRESENTATION (  '', ( #2646 ), #1295 ) ;
#6308 = VERTEX_POINT ( 'NONE', #3634 ) ;
#6309 = DIRECTION ( 'NONE',  ( -2.989546126403735719E-16, 1.000000000000000000, 0.000000000000000000 ) ) ;
#6310 = MECHANICAL_DESIGN_GEOMETRIC_PRESENTATION_REPRESENTATION (  '', ( #3798 ), #3054 ) ;
#6311 = STYLED_ITEM ( 'NONE', ( #5347 ), #480 ) ;
#6312 = ADVANCED_FACE ( 'NONE', ( #1140 ), #6208, .F. ) ;
#6313 = FILL_AREA_STYLE ('',( #1831 ) ) ;
#6314 = LINE ( 'NONE', #3859, #2899 ) ;
#6315 = CARTESIAN_POINT ( 'NONE',  ( -18.23684224675128007, -21.70927214407692674, 9.602249662979534408E-08 ) ) ;
#6316 = MECHANICAL_DESIGN_GEOMETRIC_PRESENTATION_REPRESENTATION (  '', ( #2761 ), #1502 ) ;
#6317 = VECTOR ( 'NONE', #2788, 1000.000000000000000 ) ;
#6318 = SURFACE_STYLE_FILL_AREA ( #329 ) ;
#6319 = ORIENTED_EDGE ( 'NONE', *, *, #2671, .T. ) ;
#6320 = CARTESIAN_POINT ( 'NONE',  ( 15.74999985846874750, -1.400061617786925172, 14.09210535916249896 ) ) ;
#6321 = CARTESIAN_POINT ( 'NONE',  ( 1.107050230581787975, 21.55647994651654287, 7.798286558441927419 ) ) ;
#6322 = CARTESIAN_POINT ( 'NONE',  ( 3.315789332168745496, 8.547306803253071905, 11.60526325390249980 ) ) ;
#6323 = CIRCLE ( 'NONE', #5576, 4.973684210520000093 ) ;
#6324 = LINE ( 'NONE', #5216, #3009 ) ;
#6325 = AXIS2_PLACEMENT_3D ( 'NONE', #4705, #2080, #5564 ) ;
#6326 = ADVANCED_FACE ( 'NONE', ( #769 ), #4666, .F. ) ;
#6327 = DIRECTION ( 'NONE',  ( -1.000000000000000000, 0.000000000000000000, 0.000000000000000000 ) ) ;
#6328 = DIRECTION ( 'NONE',  ( 0.000000000000000000, 0.000000000000000000, 1.000000000000000000 ) ) ;
#6329 = CARTESIAN_POINT ( 'NONE',  ( 4.973684208000002549, -1.336732849063820838, -4.973684207999998108 ) ) ;
#6330 = TOROIDAL_SURFACE ( 'NONE', #4227, 10.36184210525000182, 2.486842105260000491 ) ;
#6331 = VECTOR ( 'NONE', #2200, 1000.000000000000000 ) ;
#6332 = FILL_AREA_STYLE ('',( #3376 ) ) ;
#6333 = PRESENTATION_STYLE_ASSIGNMENT (( #4445 ) ) ;
#6334 = CARTESIAN_POINT ( 'NONE',  ( 3.516925830957237764, 3.516925830957249755, 3.516925830957249755 ) ) ;
#6335 = ORIENTED_EDGE ( 'NONE', *, *, #5372, .T. ) ;
#6336 = CARTESIAN_POINT ( 'NONE',  ( 2.486841963748720463, 19.48750933865710877, -7.472030507725629711 ) ) ;
#6337 = PRODUCT_DEFINITION_SHAPE ( 'NONE', 'NONE',  #6476 ) ;
#6338 = CIRCLE ( 'NONE', #3515, 2.486842105260000935 ) ;
#6339 = SURFACE_STYLE_FILL_AREA ( #2811 ) ;
#6340 = VERTEX_POINT ( 'NONE', #1693 ) ;
#6341 = CLOSED_SHELL ( 'NONE', ( #6326, #2366, #3353, #480, #5441, #2735, #5868, #4033, #3673, #1967, #5927, #578, #4871, #1840, #2468, #6144, #2158, #3987, #1890, #1242, #1162, #1673 ) ) ;
#6342 = CARTESIAN_POINT ( 'NONE',  ( 28.18421038476874685, -1.400061617787011992, -11.60526306185750478 ) ) ;
#6343 = FACE_OUTER_BOUND ( 'NONE', #1747, .T. ) ;
#6344 = CARTESIAN_POINT ( 'NONE',  ( -1.415112614726319400E-07, 25.12625417165307695, -7.874999903967504267 ) ) ;
#6345 = FACE_OUTER_BOUND ( 'NONE', #2886, .T. ) ;
#6346 = ITEM_DEFINED_TRANSFORMATION ( 'NONE', 'NONE', #4160,  #4055 ) ;
#6347 = CARTESIAN_POINT ( 'NONE',  ( 7.623801740206348931, 17.79380554197070907, 1.986922264164976193 ) ) ;
#6348 = EDGE_LOOP ( 'NONE', ( #1577, #805 ) ) ;
#6349 = FILL_AREA_STYLE ('',( #2513 ) ) ;
#6350 = CARTESIAN_POINT ( 'NONE',  ( 2.234142884814129815, 20.42800213496872175, 13.91402407534672570 ) ) ;
#6351 = FILL_AREA_STYLE ('',( #4347 ) ) ;
#6352 = SURFACE_STYLE_USAGE ( .BOTH. , #4895 ) ;
#6353 = EDGE_LOOP ( 'NONE', ( #4094, #2798, #3396, #5673 ) ) ;
#6354 = ADVANCED_FACE ( 'NONE', ( #4245 ), #4463, .T. ) ;
#6355 = DIRECTION ( 'NONE',  ( 1.000000000000000000, 1.826024711554539830E-16, -0.000000000000000000 ) ) ;
#6356 = CARTESIAN_POINT ( 'NONE',  ( 1.975832673489033464, 17.80486617417554385, 7.623674647729713705 ) ) ;
#6357 = DIRECTION ( 'NONE',  ( -0.000000000000000000, -0.000000000000000000, -1.000000000000000000 ) ) ;
#6358 = CARTESIAN_POINT ( 'NONE',  ( 13.87093127004512816, 19.48522621336973515, 2.486904301519825999 ) ) ;
#6359 = EDGE_CURVE ( 'NONE', #2927, #83, #4155, .T. ) ;
#6360 = CARTESIAN_POINT ( 'NONE',  ( -1.415112614726319400E-07, 11.03414890851307462, 9.602249662979534408E-08 ) ) ;
#6361 =( GEOMETRIC_REPRESENTATION_CONTEXT ( 3 ) GLOBAL_UNCERTAINTY_ASSIGNED_CONTEXT ( ( #6093 ) ) GLOBAL_UNIT_ASSIGNED_CONTEXT ( ( #546, #1044, #3759 ) ) REPRESENTATION_CONTEXT ( 'NONE', 'WORKASPACE' ) );
#6362 = EDGE_LOOP ( 'NONE', ( #1743, #2412, #3535, #3344 ) ) ;
#6363 =( NAMED_UNIT ( * ) PLANE_ANGLE_UNIT ( ) SI_UNIT ( $, .RADIAN. ) );
#6364 = DIRECTION ( 'NONE',  ( -0.000000000000000000, -0.000000000000000000, -1.000000000000000000 ) ) ;
#6365 = FILL_AREA_STYLE ('',( #1918 ) ) ;
#6366 = CARTESIAN_POINT ( 'NONE',  ( 10.56907894200000086, 6.424342101999999777, -6.217105260000000300 ) ) ;
#6367 = ORIENTED_EDGE ( 'NONE', *, *, #2357, .F. ) ;
#6368 =( GEOMETRIC_REPRESENTATION_CONTEXT ( 3 ) GLOBAL_UNCERTAINTY_ASSIGNED_CONTEXT ( ( #2563 ) ) GLOBAL_UNIT_ASSIGNED_CONTEXT ( ( #2998, #2034, #1584 ) ) REPRESENTATION_CONTEXT ( 'NONE', 'WORKASPACE' ) );
#6369 = PRESENTATION_LAYER_ASSIGNMENT (  '', '', ( #6035 ) ) ;
#6370 = EDGE_CURVE ( 'NONE', #3330, #830, #696, .T. ) ;
#6371 = LINE ( 'NONE', #4950, #6380 ) ;
#6372 = SURFACE_STYLE_FILL_AREA ( #4365 ) ;
#6373 = DIRECTION ( 'NONE',  ( -1.000000000000000000, -1.836970198721030674E-16, -0.000000000000000000 ) ) ;
#6374 = UNCERTAINTY_MEASURE_WITH_UNIT (LENGTH_MEASURE( 1.000000000000000082E-05 ), #1476, 'distance_accuracy_value', 'NONE');
#6375 = SURFACE_STYLE_FILL_AREA ( #4855 ) ;
#6376 = ORIENTED_EDGE ( 'NONE', *, *, #4694, .T. ) ;
#6377 = VECTOR ( 'NONE', #80, 1000.000000000000000 ) ;
#6378 = CARTESIAN_POINT ( 'NONE',  ( 7.874999858478740400, 21.81046469797308163, 9.602249693429905641E-08 ) ) ;
#6379 = ORIENTED_EDGE ( 'NONE', *, *, #3532, .T. ) ;
#6380 = VECTOR ( 'NONE', #2846, 1000.000000000000000 ) ;
#6381 = AXIS2_PLACEMENT_3D ( 'NONE', #3428, #3804, #5459 ) ;
#6382 = CARTESIAN_POINT ( 'NONE',  ( 7.016256869144281261, -1.133413537324319931, -3.595265995819309168 ) ) ;
#6383 = CARTESIAN_POINT ( 'NONE',  ( -18.23684224675128007, -21.70927214407692674, 9.602249662979534408E-08 ) ) ;
#6384 =( LENGTH_UNIT ( ) NAMED_UNIT ( * ) SI_UNIT ( .MILLI., .METRE. ) );
#6385 = CARTESIAN_POINT ( 'NONE',  ( 6.424342101999999777, -10.56907894200000086, -6.217105260000000300 ) ) ;
#6386 = VERTEX_POINT ( 'NONE', #4933 ) ;
#6387 = CARTESIAN_POINT ( 'NONE',  ( -18.23684224675128007, -21.70927214407692674, 9.602249662979534408E-08 ) ) ;
#6388 = PRODUCT_DEFINITION_SHAPE ( 'NONE', 'NONE',  #1274 ) ;
#6389 =( NAMED_UNIT ( * ) PLANE_ANGLE_UNIT ( ) SI_UNIT ( $, .RADIAN. ) );
#6390 = CARTESIAN_POINT ( 'NONE',  ( 0.3294510596259039859, 16.85333754035709575, 7.869728493980638895 ) ) ;
#6391 = CARTESIAN_POINT ( 'NONE',  ( 0.000000000000000000, 0.000000000000000000, 6.217105260000000300 ) ) ;
#6392 =( NAMED_UNIT ( * ) SI_UNIT ( $, .STERADIAN. ) SOLID_ANGLE_UNIT ( ) );
#6393 = CARTESIAN_POINT ( 'NONE',  ( -15.75000014149127381, -16.73558793355692131, 9.602249723889598206E-08 ) ) ;
#6394 = DIRECTION ( 'NONE',  ( -0.000000000000000000, 1.000000000000000000, -0.000000000000000000 ) ) ;
#6395 = STYLED_ITEM ( 'NONE', ( #3423 ), #5089 ) ;
#6396 = CARTESIAN_POINT ( 'NONE',  ( -14.09210540465126194, 21.81046469797307452, 9.602249693434581527E-08 ) ) ;
#6397 = EDGE_CURVE ( 'NONE', #2181, #5460, #4376, .T. ) ;
#6398 = DIRECTION ( 'NONE',  ( 0.000000000000000000, 0.000000000000000000, 1.000000000000000000 ) ) ;
#6399 = ORIENTED_EDGE ( 'NONE', *, *, #6194, .F. ) ;
#6400 = AXIS2_PLACEMENT_3D ( 'NONE', #2800, #5922, #2354 ) ;
#6401 = PRESENTATION_LAYER_ASSIGNMENT (  '', '', ( #336 ) ) ;
#6402 = DIRECTION ( 'NONE',  ( -1.000000000000000000, 0.000000000000000000, -0.000000000000000000 ) ) ;
#6403 = CARTESIAN_POINT ( 'NONE',  ( 1.253815661832054618, 17.15172548429571719, 14.03941402868296429 ) ) ;
#6404 = MECHANICAL_DESIGN_GEOMETRIC_PRESENTATION_REPRESENTATION (  '', ( #1072 ), #2542 ) ;
#6405 = ITEM_DEFINED_TRANSFORMATION ( 'NONE', 'NONE', #5614,  #4055 ) ;
#6406 = VERTEX_POINT ( 'NONE', #5917 ) ;
#6407 = FACE_BOUND ( 'NONE', #2699, .T. ) ;
#6408 = ORIENTED_EDGE ( 'NONE', *, *, #832, .F. ) ;
#6409 = CARTESIAN_POINT ( 'NONE',  ( 1.247140874895699136, 17.16593586796010129, -14.03747183182976777 ) ) ;
#6410 = FILL_AREA_STYLE ('',( #4533 ) ) ;
#6411 =( NAMED_UNIT ( * ) SI_UNIT ( $, .STERADIAN. ) SOLID_ANGLE_UNIT ( ) );
#6412 = EDGE_CURVE ( 'NONE', #1309, #2633, #5217, .T. ) ;
#6413 = COLOUR_RGB ( '',0.5372549019607842924, 0.3490196078431372362, 0.3372549019607843368 ) ;
#6414 =( NAMED_UNIT ( * ) PLANE_ANGLE_UNIT ( ) SI_UNIT ( $, .RADIAN. ) );
#6415 = CARTESIAN_POINT ( 'NONE',  ( -7.477428043502757582, 18.99756649463342839, 2.470795426562237385 ) ) ;
#6416 = CARTESIAN_POINT ( 'NONE',  ( 0.000000000000000000, 10.56907894200000086, 0.000000000000000000 ) ) ;
#6417 = ORIENTED_EDGE ( 'NONE', *, *, #5435, .T. ) ;
#6418 = PRESENTATION_STYLE_ASSIGNMENT (( #6468 ) ) ;
#6419 = DIRECTION ( 'NONE',  ( 0.000000000000000000, -1.000000000000000000, 0.000000000000000000 ) ) ;
#6420 = CARTESIAN_POINT ( 'NONE',  ( -7.452911198817313121, -1.279020639787019853, 2.570672686482702307 ) ) ;
#6421 = DIRECTION ( 'NONE',  ( -0.000000000000000000, -0.000000000000000000, -1.000000000000000000 ) ) ;
#6422 = CIRCLE ( 'NONE', #3599, 2.486842105260000491 ) ;
#6423 = DIRECTION ( 'NONE',  ( -1.000000000000000000, 0.000000000000000000, 0.000000000000000000 ) ) ;
#6424 = FACE_OUTER_BOUND ( 'NONE', #4737, .T. ) ;
#6425 =( NAMED_UNIT ( * ) SI_UNIT ( $, .STERADIAN. ) SOLID_ANGLE_UNIT ( ) );
#6426 = SURFACE_STYLE_FILL_AREA ( #4911 ) ;
#6427 = COLOUR_RGB ( '',0.8392156862745098200, 0.4666666666666666741, 0.3686274509803921795 ) ;
#6428 = DIRECTION ( 'NONE',  ( -0.000000000000000000, -0.000000000000000000, -1.000000000000000000 ) ) ;
#6429 = DIRECTION ( 'NONE',  ( -1.000000000000000000, 0.000000000000000000, 0.000000000000000000 ) ) ;
#6430 = SURFACE_STYLE_FILL_AREA ( #6365 ) ;
#6431 = PRESENTATION_LAYER_ASSIGNMENT (  '', '', ( #2860 ) ) ;
#6432 = VERTEX_POINT ( 'NONE', #4802 ) ;
#6433 = CARTESIAN_POINT ( 'NONE',  ( 18.23684196372875377, -32.90006161774692117, -3.073819013756638796 ) ) ;
#6434 = EDGE_CURVE ( 'NONE', #1886, #6087, #3926, .T. ) ;
#6435 = UNCERTAINTY_MEASURE_WITH_UNIT (LENGTH_MEASURE( 1.000000000000000082E-05 ), #2582, 'distance_accuracy_value', 'NONE');
#6436 = COLOUR_RGB ( '',0.5372549019607842924, 0.3490196078431372362, 0.3372549019607843368 ) ;
#6437 = CONICAL_SURFACE ( 'NONE', #6007, 4.973684208000002549, 0.7853981633974533860 ) ;
#6438 = SURFACE_SIDE_STYLE ('',( #495 ) ) ;
#6439 = EDGE_LOOP ( 'NONE', ( #5781, #4629, #1153, #4012 ) ) ;
#6440 = SURFACE_STYLE_FILL_AREA ( #961 ) ;
#6441 = ORIENTED_EDGE ( 'NONE', *, *, #3789, .F. ) ;
#6442 = LINE ( 'NONE', #502, #2206 ) ;
#6443 = SURFACE_SIDE_STYLE ('',( #478 ) ) ;
#6444 = EDGE_CURVE ( 'NONE', #1790, #529, #2831, .T. ) ;
#6445 = FACE_OUTER_BOUND ( 'NONE', #4564, .T. ) ;
#6446 = CARTESIAN_POINT ( 'NONE',  ( 10.56907894200000086, 6.424342101999999777, 6.217105260000000300 ) ) ;
#6447 = ORIENTED_EDGE ( 'NONE', *, *, #5372, .F. ) ;
#6448 = ORIENTED_EDGE ( 'NONE', *, *, #6065, .F. ) ;
#6449 = DIRECTION ( 'NONE',  ( -0.000000000000000000, 0.000000000000000000, -1.000000000000000000 ) ) ;
#6450 = EDGE_CURVE ( 'NONE', #630, #2689, #4051, .T. ) ;
#6451 = CARTESIAN_POINT ( 'NONE',  ( 2.233944372905882325, 18.21898114158646109, 7.551778872290142886 ) ) ;
#6452 = DIRECTION ( 'NONE',  ( 1.000000000000000000, 4.336808689942038444E-16, -0.000000000000000000 ) ) ;
#6453 = DIRECTION ( 'NONE',  ( 1.000000000000000000, -0.000000000000000000, -0.000000000000000000 ) ) ;
#6454 = CARTESIAN_POINT ( 'NONE',  ( 13.95311660917871599, 17.79456138370035490, 1.987757903072668419 ) ) ;
#6455 = CARTESIAN_POINT ( 'NONE',  ( 18.23684196372877153, -35.38690372300692388, 3.073819205801632037 ) ) ;
#6456 = CARTESIAN_POINT ( 'NONE',  ( -7.285195369988667125, 8.571669602252208975, -14.09210516711750394 ) ) ;
#6457 = CARTESIAN_POINT ( 'NONE',  ( -2.486842246771261866, 19.32362259271307536, 13.87094264117508402 ) ) ;
#6458 = SURFACE_STYLE_USAGE ( .BOTH. , #2397 ) ;
#6459 = CARTESIAN_POINT ( 'NONE',  ( -1.415112614726319400E-07, 25.12625417165307695, 9.602249662979534408E-08 ) ) ;
#6460 = LINE ( 'NONE', #3684, #1206 ) ;
#6461 = CARTESIAN_POINT ( 'NONE',  ( 6.091006445296940059E-16, -4.973684208000001661, -4.973684208000001661 ) ) ;
#6462 = FACE_OUTER_BOUND ( 'NONE', #1799, .T. ) ;
#6463 = CARTESIAN_POINT ( 'NONE',  ( 2.486841963748738671, 19.32362259271307536, 13.87094264117508402 ) ) ;
#6464 = EDGE_LOOP ( 'NONE', ( #4843, #4032, #4309, #1219 ) ) ;
#6465 = DIRECTION ( 'NONE',  ( 0.000000000000000000, -1.000000000000000000, 0.000000000000000000 ) ) ;
#6466 = CARTESIAN_POINT ( 'NONE',  ( -4.973684208000001661, 1.336732849063824391, -4.973684207999997220 ) ) ;
#6467 = CARTESIAN_POINT ( 'NONE',  ( 18.23684196372875022, -21.70927214407692318, -14.09210516711750394 ) ) ;
#6468 = SURFACE_STYLE_USAGE ( .BOTH. , #5945 ) ;
#6469 = NEXT_ASSEMBLY_USAGE_OCCURRENCE ( 'NAUO1', ' ', ' ', #2516, #1274, $ ) ;
#6470 = NEXT_ASSEMBLY_USAGE_OCCURRENCE ( 'NAUO2', ' ', ' ', #2516, #3305, $ ) ;
#6471 = NEXT_ASSEMBLY_USAGE_OCCURRENCE ( 'NAUO3', ' ', ' ', #2516, #1961, $ ) ;
#6472 = NEXT_ASSEMBLY_USAGE_OCCURRENCE ( 'NAUO4', ' ', ' ', #2516, #1274, $ ) ;
#6473 = NEXT_ASSEMBLY_USAGE_OCCURRENCE ( 'NAUO5', ' ', ' ', #2516, #1961, $ ) ;
#6474 = NEXT_ASSEMBLY_USAGE_OCCURRENCE ( 'NAUO6', ' ', ' ', #2516, #1961, $ ) ;
#6475 = NEXT_ASSEMBLY_USAGE_OCCURRENCE ( 'NAUO7', ' ', ' ', #2516, #1961, $ ) ;
#6476 = NEXT_ASSEMBLY_USAGE_OCCURRENCE ( 'NAUO8', ' ', ' ', #2516, #1961, $ ) ;
#6477 = NEXT_ASSEMBLY_USAGE_OCCURRENCE ( 'NAUO9', ' ', ' ', #2516, #1961, $ ) ;
ENDSEC;
END-ISO-10303-21;
